panel,setting,scenario,method,target_m0,replicate,conditional_pfa_oracle
1,S1 PaFAR-F,S1,PaFAR-F,,0,0.084135
1,S1 PaFAR-F,S1,PaFAR-F,,1,0.091648
1,S1 PaFAR-F,S1,PaFAR-F,,2,0.093895
1,S1 PaFAR-F,S1,PaFAR-F,,3,0.063533
1,S1 PaFAR-F,S1,PaFAR-F,,4,0.100641
1,S1 PaFAR-F,S1,PaFAR-F,,5,0.079349
1,S1 PaFAR-F,S1,PaFAR-F,,6,0.094865
1,S1 PaFAR-F,S1,PaFAR-F,,7,0.087331
1,S1 PaFAR-F,S1,PaFAR-F,,8,0.097926
1,S1 PaFAR-F,S1,PaFAR-F,,9,0.101371
1,S1 PaFAR-F,S1,PaFAR-F,,10,0.094031
1,S1 PaFAR-F,S1,PaFAR-F,,11,0.086227
1,S1 PaFAR-F,S1,PaFAR-F,,12,0.114762
1,S1 PaFAR-F,S1,PaFAR-F,,13,0.092843
1,S1 PaFAR-F,S1,PaFAR-F,,14,0.125171
1,S1 PaFAR-F,S1,PaFAR-F,,15,0.102469
1,S1 PaFAR-F,S1,PaFAR-F,,16,0.105357
1,S1 PaFAR-F,S1,PaFAR-F,,17,0.088415
1,S1 PaFAR-F,S1,PaFAR-F,,18,0.096047
1,S1 PaFAR-F,S1,PaFAR-F,,19,0.110905
1,S1 PaFAR-F,S1,PaFAR-F,,20,0.09069
1,S1 PaFAR-F,S1,PaFAR-F,,21,0.108377
1,S1 PaFAR-F,S1,PaFAR-F,,22,0.107509
1,S1 PaFAR-F,S1,PaFAR-F,,23,0.079496
1,S1 PaFAR-F,S1,PaFAR-F,,24,0.129679
1,S1 PaFAR-F,S1,PaFAR-F,,25,0.097673
1,S1 PaFAR-F,S1,PaFAR-F,,26,0.091915
1,S1 PaFAR-F,S1,PaFAR-F,,27,0.10775
1,S1 PaFAR-F,S1,PaFAR-F,,28,0.122233
1,S1 PaFAR-F,S1,PaFAR-F,,29,0.069031
1,S1 PaFAR-F,S1,PaFAR-F,,30,0.102873
1,S1 PaFAR-F,S1,PaFAR-F,,31,0.093384
1,S1 PaFAR-F,S1,PaFAR-F,,32,0.103864
1,S1 PaFAR-F,S1,PaFAR-F,,33,0.102354
1,S1 PaFAR-F,S1,PaFAR-F,,34,0.099033
1,S1 PaFAR-F,S1,PaFAR-F,,35,0.093436
1,S1 PaFAR-F,S1,PaFAR-F,,36,0.086477
1,S1 PaFAR-F,S1,PaFAR-F,,37,0.066622
1,S1 PaFAR-F,S1,PaFAR-F,,38,0.094021
1,S1 PaFAR-F,S1,PaFAR-F,,39,0.128214
1,S1 PaFAR-F,S1,PaFAR-F,,40,0.122553
1,S1 PaFAR-F,S1,PaFAR-F,,41,0.095385
1,S1 PaFAR-F,S1,PaFAR-F,,42,0.089692
1,S1 PaFAR-F,S1,PaFAR-F,,43,0.095937
1,S1 PaFAR-F,S1,PaFAR-F,,44,0.113764
1,S1 PaFAR-F,S1,PaFAR-F,,45,0.093444
1,S1 PaFAR-F,S1,PaFAR-F,,46,0.11422
1,S1 PaFAR-F,S1,PaFAR-F,,47,0.087806
1,S1 PaFAR-F,S1,PaFAR-F,,48,0.076408
1,S1 PaFAR-F,S1,PaFAR-F,,49,0.091699
1,S1 PaFAR-F,S1,PaFAR-F,,50,0.081638
1,S1 PaFAR-F,S1,PaFAR-F,,51,0.115031
1,S1 PaFAR-F,S1,PaFAR-F,,52,0.113805
1,S1 PaFAR-F,S1,PaFAR-F,,53,0.08774
1,S1 PaFAR-F,S1,PaFAR-F,,54,0.087467
1,S1 PaFAR-F,S1,PaFAR-F,,55,0.081948
1,S1 PaFAR-F,S1,PaFAR-F,,56,0.095829
1,S1 PaFAR-F,S1,PaFAR-F,,57,0.100339
1,S1 PaFAR-F,S1,PaFAR-F,,58,0.083513
1,S1 PaFAR-F,S1,PaFAR-F,,59,0.086256
1,S1 PaFAR-F,S1,PaFAR-F,,60,0.113945
1,S1 PaFAR-F,S1,PaFAR-F,,61,0.111825
1,S1 PaFAR-F,S1,PaFAR-F,,62,0.095798
1,S1 PaFAR-F,S1,PaFAR-F,,63,0.097979
1,S1 PaFAR-F,S1,PaFAR-F,,64,0.081096
1,S1 PaFAR-F,S1,PaFAR-F,,65,0.098423
1,S1 PaFAR-F,S1,PaFAR-F,,66,0.096672
1,S1 PaFAR-F,S1,PaFAR-F,,67,0.099424
1,S1 PaFAR-F,S1,PaFAR-F,,68,0.122945
1,S1 PaFAR-F,S1,PaFAR-F,,69,0.088769
1,S1 PaFAR-F,S1,PaFAR-F,,70,0.086337
1,S1 PaFAR-F,S1,PaFAR-F,,71,0.105457
1,S1 PaFAR-F,S1,PaFAR-F,,72,0.107711
1,S1 PaFAR-F,S1,PaFAR-F,,73,0.10415
1,S1 PaFAR-F,S1,PaFAR-F,,74,0.081766
1,S1 PaFAR-F,S1,PaFAR-F,,75,0.092613
1,S1 PaFAR-F,S1,PaFAR-F,,76,0.110874
1,S1 PaFAR-F,S1,PaFAR-F,,77,0.100985
1,S1 PaFAR-F,S1,PaFAR-F,,78,0.123805
1,S1 PaFAR-F,S1,PaFAR-F,,79,0.104084
1,S1 PaFAR-F,S1,PaFAR-F,,80,0.112031
1,S1 PaFAR-F,S1,PaFAR-F,,81,0.107207
1,S1 PaFAR-F,S1,PaFAR-F,,82,0.093288
1,S1 PaFAR-F,S1,PaFAR-F,,83,0.137079
1,S1 PaFAR-F,S1,PaFAR-F,,84,0.109785
1,S1 PaFAR-F,S1,PaFAR-F,,85,0.089969
1,S1 PaFAR-F,S1,PaFAR-F,,86,0.085765
1,S1 PaFAR-F,S1,PaFAR-F,,87,0.092645
1,S1 PaFAR-F,S1,PaFAR-F,,88,0.077476
1,S1 PaFAR-F,S1,PaFAR-F,,89,0.097364
1,S1 PaFAR-F,S1,PaFAR-F,,90,0.08839
1,S1 PaFAR-F,S1,PaFAR-F,,91,0.106051
1,S1 PaFAR-F,S1,PaFAR-F,,92,0.108347
1,S1 PaFAR-F,S1,PaFAR-F,,93,0.110201
1,S1 PaFAR-F,S1,PaFAR-F,,94,0.077933
1,S1 PaFAR-F,S1,PaFAR-F,,95,0.093842
1,S1 PaFAR-F,S1,PaFAR-F,,96,0.099987
1,S1 PaFAR-F,S1,PaFAR-F,,97,0.108458
1,S1 PaFAR-F,S1,PaFAR-F,,98,0.090758
1,S1 PaFAR-F,S1,PaFAR-F,,99,0.083578
1,S1 PaFAR-F,S1,PaFAR-F,,100,0.086688
1,S1 PaFAR-F,S1,PaFAR-F,,101,0.085189
1,S1 PaFAR-F,S1,PaFAR-F,,102,0.102757
1,S1 PaFAR-F,S1,PaFAR-F,,103,0.101833
1,S1 PaFAR-F,S1,PaFAR-F,,104,0.093571
1,S1 PaFAR-F,S1,PaFAR-F,,105,0.095814
1,S1 PaFAR-F,S1,PaFAR-F,,106,0.11218
1,S1 PaFAR-F,S1,PaFAR-F,,107,0.071298
1,S1 PaFAR-F,S1,PaFAR-F,,108,0.112512
1,S1 PaFAR-F,S1,PaFAR-F,,109,0.083425
1,S1 PaFAR-F,S1,PaFAR-F,,110,0.091648
1,S1 PaFAR-F,S1,PaFAR-F,,111,0.102465
1,S1 PaFAR-F,S1,PaFAR-F,,112,0.082787
1,S1 PaFAR-F,S1,PaFAR-F,,113,0.106362
1,S1 PaFAR-F,S1,PaFAR-F,,114,0.119782
1,S1 PaFAR-F,S1,PaFAR-F,,115,0.107265
1,S1 PaFAR-F,S1,PaFAR-F,,116,0.116574
1,S1 PaFAR-F,S1,PaFAR-F,,117,0.111939
1,S1 PaFAR-F,S1,PaFAR-F,,118,0.082549
1,S1 PaFAR-F,S1,PaFAR-F,,119,0.087266
1,S1 PaFAR-F,S1,PaFAR-F,,120,0.098663
1,S1 PaFAR-F,S1,PaFAR-F,,121,0.091222
1,S1 PaFAR-F,S1,PaFAR-F,,122,0.09496
1,S1 PaFAR-F,S1,PaFAR-F,,123,0.078867
1,S1 PaFAR-F,S1,PaFAR-F,,124,0.079911
1,S1 PaFAR-F,S1,PaFAR-F,,125,0.123124
1,S1 PaFAR-F,S1,PaFAR-F,,126,0.093022
1,S1 PaFAR-F,S1,PaFAR-F,,127,0.074146
1,S1 PaFAR-F,S1,PaFAR-F,,128,0.092915
1,S1 PaFAR-F,S1,PaFAR-F,,129,0.088268
1,S1 PaFAR-F,S1,PaFAR-F,,130,0.110874
1,S1 PaFAR-F,S1,PaFAR-F,,131,0.106097
1,S1 PaFAR-F,S1,PaFAR-F,,132,0.083208
1,S1 PaFAR-F,S1,PaFAR-F,,133,0.081639
1,S1 PaFAR-F,S1,PaFAR-F,,134,0.072417
1,S1 PaFAR-F,S1,PaFAR-F,,135,0.116771
1,S1 PaFAR-F,S1,PaFAR-F,,136,0.091726
1,S1 PaFAR-F,S1,PaFAR-F,,137,0.106649
1,S1 PaFAR-F,S1,PaFAR-F,,138,0.110988
1,S1 PaFAR-F,S1,PaFAR-F,,139,0.083824
1,S1 PaFAR-F,S1,PaFAR-F,,140,0.0674
1,S1 PaFAR-F,S1,PaFAR-F,,141,0.095852
1,S1 PaFAR-F,S1,PaFAR-F,,142,0.095811
1,S1 PaFAR-F,S1,PaFAR-F,,143,0.105021
1,S1 PaFAR-F,S1,PaFAR-F,,144,0.100025
1,S1 PaFAR-F,S1,PaFAR-F,,145,0.09555
1,S1 PaFAR-F,S1,PaFAR-F,,146,0.086176
1,S1 PaFAR-F,S1,PaFAR-F,,147,0.110558
1,S1 PaFAR-F,S1,PaFAR-F,,148,0.090891
1,S1 PaFAR-F,S1,PaFAR-F,,149,0.088498
1,S1 PaFAR-F,S1,PaFAR-F,,150,0.087806
1,S1 PaFAR-F,S1,PaFAR-F,,151,0.123954
1,S1 PaFAR-F,S1,PaFAR-F,,152,0.081928
1,S1 PaFAR-F,S1,PaFAR-F,,153,0.091955
1,S1 PaFAR-F,S1,PaFAR-F,,154,0.112542
1,S1 PaFAR-F,S1,PaFAR-F,,155,0.096777
1,S1 PaFAR-F,S1,PaFAR-F,,156,0.091271
1,S1 PaFAR-F,S1,PaFAR-F,,157,0.102986
1,S1 PaFAR-F,S1,PaFAR-F,,158,0.100372
1,S1 PaFAR-F,S1,PaFAR-F,,159,0.103869
1,S1 PaFAR-F,S1,PaFAR-F,,160,0.107816
1,S1 PaFAR-F,S1,PaFAR-F,,161,0.102071
1,S1 PaFAR-F,S1,PaFAR-F,,162,0.089525
1,S1 PaFAR-F,S1,PaFAR-F,,163,0.080507
1,S1 PaFAR-F,S1,PaFAR-F,,164,0.093819
1,S1 PaFAR-F,S1,PaFAR-F,,165,0.125378
1,S1 PaFAR-F,S1,PaFAR-F,,166,0.095305
1,S1 PaFAR-F,S1,PaFAR-F,,167,0.103579
1,S1 PaFAR-F,S1,PaFAR-F,,168,0.108916
1,S1 PaFAR-F,S1,PaFAR-F,,169,0.106038
1,S1 PaFAR-F,S1,PaFAR-F,,170,0.091997
1,S1 PaFAR-F,S1,PaFAR-F,,171,0.113325
1,S1 PaFAR-F,S1,PaFAR-F,,172,0.094639
1,S1 PaFAR-F,S1,PaFAR-F,,173,0.115249
1,S1 PaFAR-F,S1,PaFAR-F,,174,0.110736
1,S1 PaFAR-F,S1,PaFAR-F,,175,0.127919
1,S1 PaFAR-F,S1,PaFAR-F,,176,0.095197
1,S1 PaFAR-F,S1,PaFAR-F,,177,0.094041
1,S1 PaFAR-F,S1,PaFAR-F,,178,0.103339
1,S1 PaFAR-F,S1,PaFAR-F,,179,0.087409
1,S1 PaFAR-F,S1,PaFAR-F,,180,0.100492
1,S1 PaFAR-F,S1,PaFAR-F,,181,0.107403
1,S1 PaFAR-F,S1,PaFAR-F,,182,0.101209
1,S1 PaFAR-F,S1,PaFAR-F,,183,0.111529
1,S1 PaFAR-F,S1,PaFAR-F,,184,0.110053
1,S1 PaFAR-F,S1,PaFAR-F,,185,0.118008
1,S1 PaFAR-F,S1,PaFAR-F,,186,0.09281
1,S1 PaFAR-F,S1,PaFAR-F,,187,0.091389
1,S1 PaFAR-F,S1,PaFAR-F,,188,0.099168
1,S1 PaFAR-F,S1,PaFAR-F,,189,0.109327
1,S1 PaFAR-F,S1,PaFAR-F,,190,0.072214
1,S1 PaFAR-F,S1,PaFAR-F,,191,0.088305
1,S1 PaFAR-F,S1,PaFAR-F,,192,0.094578
1,S1 PaFAR-F,S1,PaFAR-F,,193,0.097272
1,S1 PaFAR-F,S1,PaFAR-F,,194,0.100946
1,S1 PaFAR-F,S1,PaFAR-F,,195,0.096828
1,S1 PaFAR-F,S1,PaFAR-F,,196,0.100866
1,S1 PaFAR-F,S1,PaFAR-F,,197,0.097569
1,S1 PaFAR-F,S1,PaFAR-F,,198,0.090236
1,S1 PaFAR-F,S1,PaFAR-F,,199,0.096305
1,S1 PaFAR-F,S1,PaFAR-F,,200,0.088687
1,S1 PaFAR-F,S1,PaFAR-F,,201,0.089725
1,S1 PaFAR-F,S1,PaFAR-F,,202,0.091312
1,S1 PaFAR-F,S1,PaFAR-F,,203,0.101504
1,S1 PaFAR-F,S1,PaFAR-F,,204,0.0685
1,S1 PaFAR-F,S1,PaFAR-F,,205,0.121491
1,S1 PaFAR-F,S1,PaFAR-F,,206,0.083457
1,S1 PaFAR-F,S1,PaFAR-F,,207,0.089608
1,S1 PaFAR-F,S1,PaFAR-F,,208,0.109202
1,S1 PaFAR-F,S1,PaFAR-F,,209,0.093991
1,S1 PaFAR-F,S1,PaFAR-F,,210,0.123736
1,S1 PaFAR-F,S1,PaFAR-F,,211,0.09871
1,S1 PaFAR-F,S1,PaFAR-F,,212,0.088863
1,S1 PaFAR-F,S1,PaFAR-F,,213,0.114586
1,S1 PaFAR-F,S1,PaFAR-F,,214,0.087614
1,S1 PaFAR-F,S1,PaFAR-F,,215,0.121238
1,S1 PaFAR-F,S1,PaFAR-F,,216,0.122061
1,S1 PaFAR-F,S1,PaFAR-F,,217,0.100141
1,S1 PaFAR-F,S1,PaFAR-F,,218,0.107088
1,S1 PaFAR-F,S1,PaFAR-F,,219,0.092685
1,S1 PaFAR-F,S1,PaFAR-F,,220,0.110918
1,S1 PaFAR-F,S1,PaFAR-F,,221,0.105076
1,S1 PaFAR-F,S1,PaFAR-F,,222,0.093724
1,S1 PaFAR-F,S1,PaFAR-F,,223,0.103129
1,S1 PaFAR-F,S1,PaFAR-F,,224,0.105622
1,S1 PaFAR-F,S1,PaFAR-F,,225,0.085248
1,S1 PaFAR-F,S1,PaFAR-F,,226,0.098123
1,S1 PaFAR-F,S1,PaFAR-F,,227,0.102429
1,S1 PaFAR-F,S1,PaFAR-F,,228,0.094187
1,S1 PaFAR-F,S1,PaFAR-F,,229,0.099312
1,S1 PaFAR-F,S1,PaFAR-F,,230,0.097362
1,S1 PaFAR-F,S1,PaFAR-F,,231,0.090736
1,S1 PaFAR-F,S1,PaFAR-F,,232,0.095598
1,S1 PaFAR-F,S1,PaFAR-F,,233,0.106507
1,S1 PaFAR-F,S1,PaFAR-F,,234,0.092917
1,S1 PaFAR-F,S1,PaFAR-F,,235,0.11611
1,S1 PaFAR-F,S1,PaFAR-F,,236,0.103075
1,S1 PaFAR-F,S1,PaFAR-F,,237,0.086622
1,S1 PaFAR-F,S1,PaFAR-F,,238,0.100907
1,S1 PaFAR-F,S1,PaFAR-F,,239,0.102565
1,S1 PaFAR-F,S1,PaFAR-F,,240,0.119456
1,S1 PaFAR-F,S1,PaFAR-F,,241,0.108784
1,S1 PaFAR-F,S1,PaFAR-F,,242,0.096467
1,S1 PaFAR-F,S1,PaFAR-F,,243,0.102885
1,S1 PaFAR-F,S1,PaFAR-F,,244,0.086658
1,S1 PaFAR-F,S1,PaFAR-F,,245,0.100945
1,S1 PaFAR-F,S1,PaFAR-F,,246,0.09627
1,S1 PaFAR-F,S1,PaFAR-F,,247,0.088223
1,S1 PaFAR-F,S1,PaFAR-F,,248,0.100137
1,S1 PaFAR-F,S1,PaFAR-F,,249,0.089062
1,S1 PaFAR-F,S1,PaFAR-F,,250,0.103769
1,S1 PaFAR-F,S1,PaFAR-F,,251,0.08894
1,S1 PaFAR-F,S1,PaFAR-F,,252,0.073097
1,S1 PaFAR-F,S1,PaFAR-F,,253,0.111597
1,S1 PaFAR-F,S1,PaFAR-F,,254,0.128076
1,S1 PaFAR-F,S1,PaFAR-F,,255,0.117482
1,S1 PaFAR-F,S1,PaFAR-F,,256,0.108338
1,S1 PaFAR-F,S1,PaFAR-F,,257,0.112444
1,S1 PaFAR-F,S1,PaFAR-F,,258,0.13127
1,S1 PaFAR-F,S1,PaFAR-F,,259,0.124346
1,S1 PaFAR-F,S1,PaFAR-F,,260,0.095368
1,S1 PaFAR-F,S1,PaFAR-F,,261,0.108422
1,S1 PaFAR-F,S1,PaFAR-F,,262,0.120799
1,S1 PaFAR-F,S1,PaFAR-F,,263,0.093393
1,S1 PaFAR-F,S1,PaFAR-F,,264,0.094228
1,S1 PaFAR-F,S1,PaFAR-F,,265,0.098496
1,S1 PaFAR-F,S1,PaFAR-F,,266,0.110239
1,S1 PaFAR-F,S1,PaFAR-F,,267,0.096047
1,S1 PaFAR-F,S1,PaFAR-F,,268,0.102211
1,S1 PaFAR-F,S1,PaFAR-F,,269,0.104632
1,S1 PaFAR-F,S1,PaFAR-F,,270,0.093437
1,S1 PaFAR-F,S1,PaFAR-F,,271,0.126317
1,S1 PaFAR-F,S1,PaFAR-F,,272,0.109293
1,S1 PaFAR-F,S1,PaFAR-F,,273,0.097289
1,S1 PaFAR-F,S1,PaFAR-F,,274,0.082946
1,S1 PaFAR-F,S1,PaFAR-F,,275,0.125526
1,S1 PaFAR-F,S1,PaFAR-F,,276,0.12284
1,S1 PaFAR-F,S1,PaFAR-F,,277,0.096394
1,S1 PaFAR-F,S1,PaFAR-F,,278,0.089286
1,S1 PaFAR-F,S1,PaFAR-F,,279,0.108709
1,S1 PaFAR-F,S1,PaFAR-F,,280,0.089564
1,S1 PaFAR-F,S1,PaFAR-F,,281,0.117388
1,S1 PaFAR-F,S1,PaFAR-F,,282,0.131525
1,S1 PaFAR-F,S1,PaFAR-F,,283,0.090472
1,S1 PaFAR-F,S1,PaFAR-F,,284,0.08908
1,S1 PaFAR-F,S1,PaFAR-F,,285,0.08843
1,S1 PaFAR-F,S1,PaFAR-F,,286,0.114392
1,S1 PaFAR-F,S1,PaFAR-F,,287,0.097437
1,S1 PaFAR-F,S1,PaFAR-F,,288,0.125208
1,S1 PaFAR-F,S1,PaFAR-F,,289,0.131941
1,S1 PaFAR-F,S1,PaFAR-F,,290,0.093516
1,S1 PaFAR-F,S1,PaFAR-F,,291,0.098703
1,S1 PaFAR-F,S1,PaFAR-F,,292,0.088328
1,S1 PaFAR-F,S1,PaFAR-F,,293,0.083541
1,S1 PaFAR-F,S1,PaFAR-F,,294,0.122373
1,S1 PaFAR-F,S1,PaFAR-F,,295,0.073116
1,S1 PaFAR-F,S1,PaFAR-F,,296,0.110325
1,S1 PaFAR-F,S1,PaFAR-F,,297,0.103893
1,S1 PaFAR-F,S1,PaFAR-F,,298,0.100936
1,S1 PaFAR-F,S1,PaFAR-F,,299,0.106817
1,S1 PaFAR-F,S1,PaFAR-F,,300,0.094757
1,S1 PaFAR-F,S1,PaFAR-F,,301,0.097417
1,S1 PaFAR-F,S1,PaFAR-F,,302,0.075286
1,S1 PaFAR-F,S1,PaFAR-F,,303,0.114352
1,S1 PaFAR-F,S1,PaFAR-F,,304,0.105321
1,S1 PaFAR-F,S1,PaFAR-F,,305,0.097665
1,S1 PaFAR-F,S1,PaFAR-F,,306,0.072273
1,S1 PaFAR-F,S1,PaFAR-F,,307,0.102653
1,S1 PaFAR-F,S1,PaFAR-F,,308,0.109467
1,S1 PaFAR-F,S1,PaFAR-F,,309,0.113421
1,S1 PaFAR-F,S1,PaFAR-F,,310,0.094077
1,S1 PaFAR-F,S1,PaFAR-F,,311,0.114685
1,S1 PaFAR-F,S1,PaFAR-F,,312,0.103983
1,S1 PaFAR-F,S1,PaFAR-F,,313,0.06736
1,S1 PaFAR-F,S1,PaFAR-F,,314,0.082426
1,S1 PaFAR-F,S1,PaFAR-F,,315,0.099086
1,S1 PaFAR-F,S1,PaFAR-F,,316,0.079263
1,S1 PaFAR-F,S1,PaFAR-F,,317,0.109557
1,S1 PaFAR-F,S1,PaFAR-F,,318,0.094757
1,S1 PaFAR-F,S1,PaFAR-F,,319,0.091667
1,S1 PaFAR-F,S1,PaFAR-F,,320,0.098712
1,S1 PaFAR-F,S1,PaFAR-F,,321,0.10431
1,S1 PaFAR-F,S1,PaFAR-F,,322,0.101293
1,S1 PaFAR-F,S1,PaFAR-F,,323,0.112543
1,S1 PaFAR-F,S1,PaFAR-F,,324,0.09581
1,S1 PaFAR-F,S1,PaFAR-F,,325,0.094125
1,S1 PaFAR-F,S1,PaFAR-F,,326,0.122402
1,S1 PaFAR-F,S1,PaFAR-F,,327,0.096169
1,S1 PaFAR-F,S1,PaFAR-F,,328,0.073676
1,S1 PaFAR-F,S1,PaFAR-F,,329,0.086658
1,S1 PaFAR-F,S1,PaFAR-F,,330,0.091046
1,S1 PaFAR-F,S1,PaFAR-F,,331,0.096129
1,S1 PaFAR-F,S1,PaFAR-F,,332,0.097551
1,S1 PaFAR-F,S1,PaFAR-F,,333,0.108948
1,S1 PaFAR-F,S1,PaFAR-F,,334,0.083201
1,S1 PaFAR-F,S1,PaFAR-F,,335,0.116491
1,S1 PaFAR-F,S1,PaFAR-F,,336,0.095752
1,S1 PaFAR-F,S1,PaFAR-F,,337,0.099364
1,S1 PaFAR-F,S1,PaFAR-F,,338,0.116287
1,S1 PaFAR-F,S1,PaFAR-F,,339,0.104866
1,S1 PaFAR-F,S1,PaFAR-F,,340,0.122972
1,S1 PaFAR-F,S1,PaFAR-F,,341,0.10178
1,S1 PaFAR-F,S1,PaFAR-F,,342,0.102383
1,S1 PaFAR-F,S1,PaFAR-F,,343,0.118489
1,S1 PaFAR-F,S1,PaFAR-F,,344,0.124514
1,S1 PaFAR-F,S1,PaFAR-F,,345,0.082436
1,S1 PaFAR-F,S1,PaFAR-F,,346,0.10201
1,S1 PaFAR-F,S1,PaFAR-F,,347,0.105866
1,S1 PaFAR-F,S1,PaFAR-F,,348,0.086797
1,S1 PaFAR-F,S1,PaFAR-F,,349,0.124299
1,S1 PaFAR-F,S1,PaFAR-F,,350,0.101392
1,S1 PaFAR-F,S1,PaFAR-F,,351,0.102106
1,S1 PaFAR-F,S1,PaFAR-F,,352,0.092683
1,S1 PaFAR-F,S1,PaFAR-F,,353,0.092713
1,S1 PaFAR-F,S1,PaFAR-F,,354,0.079289
1,S1 PaFAR-F,S1,PaFAR-F,,355,0.074657
1,S1 PaFAR-F,S1,PaFAR-F,,356,0.080817
1,S1 PaFAR-F,S1,PaFAR-F,,357,0.105081
1,S1 PaFAR-F,S1,PaFAR-F,,358,0.081855
1,S1 PaFAR-F,S1,PaFAR-F,,359,0.124565
1,S1 PaFAR-F,S1,PaFAR-F,,360,0.113847
1,S1 PaFAR-F,S1,PaFAR-F,,361,0.093369
1,S1 PaFAR-F,S1,PaFAR-F,,362,0.087511
1,S1 PaFAR-F,S1,PaFAR-F,,363,0.105792
1,S1 PaFAR-F,S1,PaFAR-F,,364,0.102701
1,S1 PaFAR-F,S1,PaFAR-F,,365,0.109505
1,S1 PaFAR-F,S1,PaFAR-F,,366,0.107726
1,S1 PaFAR-F,S1,PaFAR-F,,367,0.133956
1,S1 PaFAR-F,S1,PaFAR-F,,368,0.109802
1,S1 PaFAR-F,S1,PaFAR-F,,369,0.077651
1,S1 PaFAR-F,S1,PaFAR-F,,370,0.122329
1,S1 PaFAR-F,S1,PaFAR-F,,371,0.110904
1,S1 PaFAR-F,S1,PaFAR-F,,372,0.123423
1,S1 PaFAR-F,S1,PaFAR-F,,373,0.084431
1,S1 PaFAR-F,S1,PaFAR-F,,374,0.074399
1,S1 PaFAR-F,S1,PaFAR-F,,375,0.110677
1,S1 PaFAR-F,S1,PaFAR-F,,376,0.11215
1,S1 PaFAR-F,S1,PaFAR-F,,377,0.122742
1,S1 PaFAR-F,S1,PaFAR-F,,378,0.07853
1,S1 PaFAR-F,S1,PaFAR-F,,379,0.097011
1,S1 PaFAR-F,S1,PaFAR-F,,380,0.088947
1,S1 PaFAR-F,S1,PaFAR-F,,381,0.080517
1,S1 PaFAR-F,S1,PaFAR-F,,382,0.080861
1,S1 PaFAR-F,S1,PaFAR-F,,383,0.086749
1,S1 PaFAR-F,S1,PaFAR-F,,384,0.086823
1,S1 PaFAR-F,S1,PaFAR-F,,385,0.091364
1,S1 PaFAR-F,S1,PaFAR-F,,386,0.106152
1,S1 PaFAR-F,S1,PaFAR-F,,387,0.075344
1,S1 PaFAR-F,S1,PaFAR-F,,388,0.126507
1,S1 PaFAR-F,S1,PaFAR-F,,389,0.125183
1,S1 PaFAR-F,S1,PaFAR-F,,390,0.109529
1,S1 PaFAR-F,S1,PaFAR-F,,391,0.09516
1,S1 PaFAR-F,S1,PaFAR-F,,392,0.096541
1,S1 PaFAR-F,S1,PaFAR-F,,393,0.100367
1,S1 PaFAR-F,S1,PaFAR-F,,394,0.108424
1,S1 PaFAR-F,S1,PaFAR-F,,395,0.082541
1,S1 PaFAR-F,S1,PaFAR-F,,396,0.086257
1,S1 PaFAR-F,S1,PaFAR-F,,397,0.103138
1,S1 PaFAR-F,S1,PaFAR-F,,398,0.086873
1,S1 PaFAR-F,S1,PaFAR-F,,399,0.120795
1,S1 PaFAR-F,S1,PaFAR-F,,400,0.101157
1,S1 PaFAR-F,S1,PaFAR-F,,401,0.115025
1,S1 PaFAR-F,S1,PaFAR-F,,402,0.100563
1,S1 PaFAR-F,S1,PaFAR-F,,403,0.112172
1,S1 PaFAR-F,S1,PaFAR-F,,404,0.090897
1,S1 PaFAR-F,S1,PaFAR-F,,405,0.104847
1,S1 PaFAR-F,S1,PaFAR-F,,406,0.115032
1,S1 PaFAR-F,S1,PaFAR-F,,407,0.106995
1,S1 PaFAR-F,S1,PaFAR-F,,408,0.111854
1,S1 PaFAR-F,S1,PaFAR-F,,409,0.107075
1,S1 PaFAR-F,S1,PaFAR-F,,410,0.086629
1,S1 PaFAR-F,S1,PaFAR-F,,411,0.100055
1,S1 PaFAR-F,S1,PaFAR-F,,412,0.100329
1,S1 PaFAR-F,S1,PaFAR-F,,413,0.086251
1,S1 PaFAR-F,S1,PaFAR-F,,414,0.10282
1,S1 PaFAR-F,S1,PaFAR-F,,415,0.087736
1,S1 PaFAR-F,S1,PaFAR-F,,416,0.093479
1,S1 PaFAR-F,S1,PaFAR-F,,417,0.109439
1,S1 PaFAR-F,S1,PaFAR-F,,418,0.108468
1,S1 PaFAR-F,S1,PaFAR-F,,419,0.091836
1,S1 PaFAR-F,S1,PaFAR-F,,420,0.090948
1,S1 PaFAR-F,S1,PaFAR-F,,421,0.13853
1,S1 PaFAR-F,S1,PaFAR-F,,422,0.076762
1,S1 PaFAR-F,S1,PaFAR-F,,423,0.095402
1,S1 PaFAR-F,S1,PaFAR-F,,424,0.11119
1,S1 PaFAR-F,S1,PaFAR-F,,425,0.093066
1,S1 PaFAR-F,S1,PaFAR-F,,426,0.093331
1,S1 PaFAR-F,S1,PaFAR-F,,427,0.104738
1,S1 PaFAR-F,S1,PaFAR-F,,428,0.106562
1,S1 PaFAR-F,S1,PaFAR-F,,429,0.088684
1,S1 PaFAR-F,S1,PaFAR-F,,430,0.10219
1,S1 PaFAR-F,S1,PaFAR-F,,431,0.108491
1,S1 PaFAR-F,S1,PaFAR-F,,432,0.089403
1,S1 PaFAR-F,S1,PaFAR-F,,433,0.12135
1,S1 PaFAR-F,S1,PaFAR-F,,434,0.081844
1,S1 PaFAR-F,S1,PaFAR-F,,435,0.111526
1,S1 PaFAR-F,S1,PaFAR-F,,436,0.120015
1,S1 PaFAR-F,S1,PaFAR-F,,437,0.081378
1,S1 PaFAR-F,S1,PaFAR-F,,438,0.103323
1,S1 PaFAR-F,S1,PaFAR-F,,439,0.116672
1,S1 PaFAR-F,S1,PaFAR-F,,440,0.096981
1,S1 PaFAR-F,S1,PaFAR-F,,441,0.097056
1,S1 PaFAR-F,S1,PaFAR-F,,442,0.095656
1,S1 PaFAR-F,S1,PaFAR-F,,443,0.118165
1,S1 PaFAR-F,S1,PaFAR-F,,444,0.115993
1,S1 PaFAR-F,S1,PaFAR-F,,445,0.105261
1,S1 PaFAR-F,S1,PaFAR-F,,446,0.068196
1,S1 PaFAR-F,S1,PaFAR-F,,447,0.107605
1,S1 PaFAR-F,S1,PaFAR-F,,448,0.114682
1,S1 PaFAR-F,S1,PaFAR-F,,449,0.090241
1,S1 PaFAR-F,S1,PaFAR-F,,450,0.099762
1,S1 PaFAR-F,S1,PaFAR-F,,451,0.100819
1,S1 PaFAR-F,S1,PaFAR-F,,452,0.098756
1,S1 PaFAR-F,S1,PaFAR-F,,453,0.09675
1,S1 PaFAR-F,S1,PaFAR-F,,454,0.104166
1,S1 PaFAR-F,S1,PaFAR-F,,455,0.099355
1,S1 PaFAR-F,S1,PaFAR-F,,456,0.086968
1,S1 PaFAR-F,S1,PaFAR-F,,457,0.108759
1,S1 PaFAR-F,S1,PaFAR-F,,458,0.075662
1,S1 PaFAR-F,S1,PaFAR-F,,459,0.101753
1,S1 PaFAR-F,S1,PaFAR-F,,460,0.092673
1,S1 PaFAR-F,S1,PaFAR-F,,461,0.088231
1,S1 PaFAR-F,S1,PaFAR-F,,462,0.099078
1,S1 PaFAR-F,S1,PaFAR-F,,463,0.078455
1,S1 PaFAR-F,S1,PaFAR-F,,464,0.097844
1,S1 PaFAR-F,S1,PaFAR-F,,465,0.105381
1,S1 PaFAR-F,S1,PaFAR-F,,466,0.109133
1,S1 PaFAR-F,S1,PaFAR-F,,467,0.102372
1,S1 PaFAR-F,S1,PaFAR-F,,468,0.123375
1,S1 PaFAR-F,S1,PaFAR-F,,469,0.099329
1,S1 PaFAR-F,S1,PaFAR-F,,470,0.1017
1,S1 PaFAR-F,S1,PaFAR-F,,471,0.082185
1,S1 PaFAR-F,S1,PaFAR-F,,472,0.093974
1,S1 PaFAR-F,S1,PaFAR-F,,473,0.077389
1,S1 PaFAR-F,S1,PaFAR-F,,474,0.105545
1,S1 PaFAR-F,S1,PaFAR-F,,475,0.086926
1,S1 PaFAR-F,S1,PaFAR-F,,476,0.128241
1,S1 PaFAR-F,S1,PaFAR-F,,477,0.097362
1,S1 PaFAR-F,S1,PaFAR-F,,478,0.110489
1,S1 PaFAR-F,S1,PaFAR-F,,479,0.105167
1,S1 PaFAR-F,S1,PaFAR-F,,480,0.101477
1,S1 PaFAR-F,S1,PaFAR-F,,481,0.1092
1,S1 PaFAR-F,S1,PaFAR-F,,482,0.101277
1,S1 PaFAR-F,S1,PaFAR-F,,483,0.084372
1,S1 PaFAR-F,S1,PaFAR-F,,484,0.106567
1,S1 PaFAR-F,S1,PaFAR-F,,485,0.115923
1,S1 PaFAR-F,S1,PaFAR-F,,486,0.11813
1,S1 PaFAR-F,S1,PaFAR-F,,487,0.072832
1,S1 PaFAR-F,S1,PaFAR-F,,488,0.093232
1,S1 PaFAR-F,S1,PaFAR-F,,489,0.108916
1,S1 PaFAR-F,S1,PaFAR-F,,490,0.099818
1,S1 PaFAR-F,S1,PaFAR-F,,491,0.099309
1,S1 PaFAR-F,S1,PaFAR-F,,492,0.117925
1,S1 PaFAR-F,S1,PaFAR-F,,493,0.117209
1,S1 PaFAR-F,S1,PaFAR-F,,494,0.088595
1,S1 PaFAR-F,S1,PaFAR-F,,495,0.100202
1,S1 PaFAR-F,S1,PaFAR-F,,496,0.105854
1,S1 PaFAR-F,S1,PaFAR-F,,497,0.089401
1,S1 PaFAR-F,S1,PaFAR-F,,498,0.104604
1,S1 PaFAR-F,S1,PaFAR-F,,499,0.091081
1,S1 PaFAR-HC,S1,PaFAR-HC,,0,0.068589
1,S1 PaFAR-HC,S1,PaFAR-HC,,1,0.072826
1,S1 PaFAR-HC,S1,PaFAR-HC,,2,0.080023
1,S1 PaFAR-HC,S1,PaFAR-HC,,3,0.054539
1,S1 PaFAR-HC,S1,PaFAR-HC,,4,0.084869
1,S1 PaFAR-HC,S1,PaFAR-HC,,5,0.060222
1,S1 PaFAR-HC,S1,PaFAR-HC,,6,0.081543
1,S1 PaFAR-HC,S1,PaFAR-HC,,7,0.062722
1,S1 PaFAR-HC,S1,PaFAR-HC,,8,0.080311
1,S1 PaFAR-HC,S1,PaFAR-HC,,9,0.074559
1,S1 PaFAR-HC,S1,PaFAR-HC,,10,0.067235
1,S1 PaFAR-HC,S1,PaFAR-HC,,11,0.066888
1,S1 PaFAR-HC,S1,PaFAR-HC,,12,0.093403
1,S1 PaFAR-HC,S1,PaFAR-HC,,13,0.068132
1,S1 PaFAR-HC,S1,PaFAR-HC,,14,0.092354
1,S1 PaFAR-HC,S1,PaFAR-HC,,15,0.076966
1,S1 PaFAR-HC,S1,PaFAR-HC,,16,0.078084
1,S1 PaFAR-HC,S1,PaFAR-HC,,17,0.072544
1,S1 PaFAR-HC,S1,PaFAR-HC,,18,0.076678
1,S1 PaFAR-HC,S1,PaFAR-HC,,19,0.091158
1,S1 PaFAR-HC,S1,PaFAR-HC,,20,0.069296
1,S1 PaFAR-HC,S1,PaFAR-HC,,21,0.082947
1,S1 PaFAR-HC,S1,PaFAR-HC,,22,0.087485
1,S1 PaFAR-HC,S1,PaFAR-HC,,23,0.064323
1,S1 PaFAR-HC,S1,PaFAR-HC,,24,0.09066
1,S1 PaFAR-HC,S1,PaFAR-HC,,25,0.069308
1,S1 PaFAR-HC,S1,PaFAR-HC,,26,0.074241
1,S1 PaFAR-HC,S1,PaFAR-HC,,27,0.088399
1,S1 PaFAR-HC,S1,PaFAR-HC,,28,0.089502
1,S1 PaFAR-HC,S1,PaFAR-HC,,29,0.057069
1,S1 PaFAR-HC,S1,PaFAR-HC,,30,0.070978
1,S1 PaFAR-HC,S1,PaFAR-HC,,31,0.062194
1,S1 PaFAR-HC,S1,PaFAR-HC,,32,0.080955
1,S1 PaFAR-HC,S1,PaFAR-HC,,33,0.088972
1,S1 PaFAR-HC,S1,PaFAR-HC,,34,0.070677
1,S1 PaFAR-HC,S1,PaFAR-HC,,35,0.075322
1,S1 PaFAR-HC,S1,PaFAR-HC,,36,0.061717
1,S1 PaFAR-HC,S1,PaFAR-HC,,37,0.053234
1,S1 PaFAR-HC,S1,PaFAR-HC,,38,0.07693
1,S1 PaFAR-HC,S1,PaFAR-HC,,39,0.095906
1,S1 PaFAR-HC,S1,PaFAR-HC,,40,0.085508
1,S1 PaFAR-HC,S1,PaFAR-HC,,41,0.068657
1,S1 PaFAR-HC,S1,PaFAR-HC,,42,0.062223
1,S1 PaFAR-HC,S1,PaFAR-HC,,43,0.069079
1,S1 PaFAR-HC,S1,PaFAR-HC,,44,0.089674
1,S1 PaFAR-HC,S1,PaFAR-HC,,45,0.073917
1,S1 PaFAR-HC,S1,PaFAR-HC,,46,0.093028
1,S1 PaFAR-HC,S1,PaFAR-HC,,47,0.059748
1,S1 PaFAR-HC,S1,PaFAR-HC,,48,0.052139
1,S1 PaFAR-HC,S1,PaFAR-HC,,49,0.070843
1,S1 PaFAR-HC,S1,PaFAR-HC,,50,0.061543
1,S1 PaFAR-HC,S1,PaFAR-HC,,51,0.103628
1,S1 PaFAR-HC,S1,PaFAR-HC,,52,0.076555
1,S1 PaFAR-HC,S1,PaFAR-HC,,53,0.071424
1,S1 PaFAR-HC,S1,PaFAR-HC,,54,0.070306
1,S1 PaFAR-HC,S1,PaFAR-HC,,55,0.060019
1,S1 PaFAR-HC,S1,PaFAR-HC,,56,0.069854
1,S1 PaFAR-HC,S1,PaFAR-HC,,57,0.07267
1,S1 PaFAR-HC,S1,PaFAR-HC,,58,0.060685
1,S1 PaFAR-HC,S1,PaFAR-HC,,59,0.066308
1,S1 PaFAR-HC,S1,PaFAR-HC,,60,0.085069
1,S1 PaFAR-HC,S1,PaFAR-HC,,61,0.0844
1,S1 PaFAR-HC,S1,PaFAR-HC,,62,0.081408
1,S1 PaFAR-HC,S1,PaFAR-HC,,63,0.078098
1,S1 PaFAR-HC,S1,PaFAR-HC,,64,0.064177
1,S1 PaFAR-HC,S1,PaFAR-HC,,65,0.069158
1,S1 PaFAR-HC,S1,PaFAR-HC,,66,0.074552
1,S1 PaFAR-HC,S1,PaFAR-HC,,67,0.078245
1,S1 PaFAR-HC,S1,PaFAR-HC,,68,0.100918
1,S1 PaFAR-HC,S1,PaFAR-HC,,69,0.068028
1,S1 PaFAR-HC,S1,PaFAR-HC,,70,0.076503
1,S1 PaFAR-HC,S1,PaFAR-HC,,71,0.0774
1,S1 PaFAR-HC,S1,PaFAR-HC,,72,0.081623
1,S1 PaFAR-HC,S1,PaFAR-HC,,73,0.089952
1,S1 PaFAR-HC,S1,PaFAR-HC,,74,0.068489
1,S1 PaFAR-HC,S1,PaFAR-HC,,75,0.080173
1,S1 PaFAR-HC,S1,PaFAR-HC,,76,0.08801
1,S1 PaFAR-HC,S1,PaFAR-HC,,77,0.071297
1,S1 PaFAR-HC,S1,PaFAR-HC,,78,0.102577
1,S1 PaFAR-HC,S1,PaFAR-HC,,79,0.082345
1,S1 PaFAR-HC,S1,PaFAR-HC,,80,0.092481
1,S1 PaFAR-HC,S1,PaFAR-HC,,81,0.088547
1,S1 PaFAR-HC,S1,PaFAR-HC,,82,0.080933
1,S1 PaFAR-HC,S1,PaFAR-HC,,83,0.10808
1,S1 PaFAR-HC,S1,PaFAR-HC,,84,0.088497
1,S1 PaFAR-HC,S1,PaFAR-HC,,85,0.074443
1,S1 PaFAR-HC,S1,PaFAR-HC,,86,0.061651
1,S1 PaFAR-HC,S1,PaFAR-HC,,87,0.073936
1,S1 PaFAR-HC,S1,PaFAR-HC,,88,0.055369
1,S1 PaFAR-HC,S1,PaFAR-HC,,89,0.076297
1,S1 PaFAR-HC,S1,PaFAR-HC,,90,0.070225
1,S1 PaFAR-HC,S1,PaFAR-HC,,91,0.085301
1,S1 PaFAR-HC,S1,PaFAR-HC,,92,0.080378
1,S1 PaFAR-HC,S1,PaFAR-HC,,93,0.085525
1,S1 PaFAR-HC,S1,PaFAR-HC,,94,0.059131
1,S1 PaFAR-HC,S1,PaFAR-HC,,95,0.078744
1,S1 PaFAR-HC,S1,PaFAR-HC,,96,0.076179
1,S1 PaFAR-HC,S1,PaFAR-HC,,97,0.086372
1,S1 PaFAR-HC,S1,PaFAR-HC,,98,0.067156
1,S1 PaFAR-HC,S1,PaFAR-HC,,99,0.068738
1,S1 PaFAR-HC,S1,PaFAR-HC,,100,0.06705
1,S1 PaFAR-HC,S1,PaFAR-HC,,101,0.05587
1,S1 PaFAR-HC,S1,PaFAR-HC,,102,0.087013
1,S1 PaFAR-HC,S1,PaFAR-HC,,103,0.082028
1,S1 PaFAR-HC,S1,PaFAR-HC,,104,0.074181
1,S1 PaFAR-HC,S1,PaFAR-HC,,105,0.073384
1,S1 PaFAR-HC,S1,PaFAR-HC,,106,0.090167
1,S1 PaFAR-HC,S1,PaFAR-HC,,107,0.059886
1,S1 PaFAR-HC,S1,PaFAR-HC,,108,0.087178
1,S1 PaFAR-HC,S1,PaFAR-HC,,109,0.058005
1,S1 PaFAR-HC,S1,PaFAR-HC,,110,0.067878
1,S1 PaFAR-HC,S1,PaFAR-HC,,111,0.076456
1,S1 PaFAR-HC,S1,PaFAR-HC,,112,0.06702
1,S1 PaFAR-HC,S1,PaFAR-HC,,113,0.084914
1,S1 PaFAR-HC,S1,PaFAR-HC,,114,0.085
1,S1 PaFAR-HC,S1,PaFAR-HC,,115,0.090901
1,S1 PaFAR-HC,S1,PaFAR-HC,,116,0.094952
1,S1 PaFAR-HC,S1,PaFAR-HC,,117,0.09364
1,S1 PaFAR-HC,S1,PaFAR-HC,,118,0.069158
1,S1 PaFAR-HC,S1,PaFAR-HC,,119,0.06799
1,S1 PaFAR-HC,S1,PaFAR-HC,,120,0.080163
1,S1 PaFAR-HC,S1,PaFAR-HC,,121,0.07311
1,S1 PaFAR-HC,S1,PaFAR-HC,,122,0.068226
1,S1 PaFAR-HC,S1,PaFAR-HC,,123,0.064268
1,S1 PaFAR-HC,S1,PaFAR-HC,,124,0.055567
1,S1 PaFAR-HC,S1,PaFAR-HC,,125,0.088151
1,S1 PaFAR-HC,S1,PaFAR-HC,,126,0.063515
1,S1 PaFAR-HC,S1,PaFAR-HC,,127,0.062224
1,S1 PaFAR-HC,S1,PaFAR-HC,,128,0.066208
1,S1 PaFAR-HC,S1,PaFAR-HC,,129,0.069499
1,S1 PaFAR-HC,S1,PaFAR-HC,,130,0.06743
1,S1 PaFAR-HC,S1,PaFAR-HC,,131,0.084897
1,S1 PaFAR-HC,S1,PaFAR-HC,,132,0.060701
1,S1 PaFAR-HC,S1,PaFAR-HC,,133,0.058799
1,S1 PaFAR-HC,S1,PaFAR-HC,,134,0.05463
1,S1 PaFAR-HC,S1,PaFAR-HC,,135,0.098288
1,S1 PaFAR-HC,S1,PaFAR-HC,,136,0.071106
1,S1 PaFAR-HC,S1,PaFAR-HC,,137,0.08139
1,S1 PaFAR-HC,S1,PaFAR-HC,,138,0.086668
1,S1 PaFAR-HC,S1,PaFAR-HC,,139,0.070932
1,S1 PaFAR-HC,S1,PaFAR-HC,,140,0.055327
1,S1 PaFAR-HC,S1,PaFAR-HC,,141,0.077141
1,S1 PaFAR-HC,S1,PaFAR-HC,,142,0.079107
1,S1 PaFAR-HC,S1,PaFAR-HC,,143,0.073572
1,S1 PaFAR-HC,S1,PaFAR-HC,,144,0.083628
1,S1 PaFAR-HC,S1,PaFAR-HC,,145,0.077846
1,S1 PaFAR-HC,S1,PaFAR-HC,,146,0.073175
1,S1 PaFAR-HC,S1,PaFAR-HC,,147,0.08806
1,S1 PaFAR-HC,S1,PaFAR-HC,,148,0.078797
1,S1 PaFAR-HC,S1,PaFAR-HC,,149,0.069769
1,S1 PaFAR-HC,S1,PaFAR-HC,,150,0.056333
1,S1 PaFAR-HC,S1,PaFAR-HC,,151,0.102187
1,S1 PaFAR-HC,S1,PaFAR-HC,,152,0.06384
1,S1 PaFAR-HC,S1,PaFAR-HC,,153,0.066088
1,S1 PaFAR-HC,S1,PaFAR-HC,,154,0.077368
1,S1 PaFAR-HC,S1,PaFAR-HC,,155,0.078645
1,S1 PaFAR-HC,S1,PaFAR-HC,,156,0.073738
1,S1 PaFAR-HC,S1,PaFAR-HC,,157,0.083982
1,S1 PaFAR-HC,S1,PaFAR-HC,,158,0.084351
1,S1 PaFAR-HC,S1,PaFAR-HC,,159,0.08797
1,S1 PaFAR-HC,S1,PaFAR-HC,,160,0.088317
1,S1 PaFAR-HC,S1,PaFAR-HC,,161,0.081355
1,S1 PaFAR-HC,S1,PaFAR-HC,,162,0.074183
1,S1 PaFAR-HC,S1,PaFAR-HC,,163,0.066021
1,S1 PaFAR-HC,S1,PaFAR-HC,,164,0.066283
1,S1 PaFAR-HC,S1,PaFAR-HC,,165,0.098967
1,S1 PaFAR-HC,S1,PaFAR-HC,,166,0.074287
1,S1 PaFAR-HC,S1,PaFAR-HC,,167,0.07891
1,S1 PaFAR-HC,S1,PaFAR-HC,,168,0.092163
1,S1 PaFAR-HC,S1,PaFAR-HC,,169,0.079376
1,S1 PaFAR-HC,S1,PaFAR-HC,,170,0.075802
1,S1 PaFAR-HC,S1,PaFAR-HC,,171,0.096914
1,S1 PaFAR-HC,S1,PaFAR-HC,,172,0.075909
1,S1 PaFAR-HC,S1,PaFAR-HC,,173,0.076234
1,S1 PaFAR-HC,S1,PaFAR-HC,,174,0.09208
1,S1 PaFAR-HC,S1,PaFAR-HC,,175,0.097637
1,S1 PaFAR-HC,S1,PaFAR-HC,,176,0.078142
1,S1 PaFAR-HC,S1,PaFAR-HC,,177,0.078613
1,S1 PaFAR-HC,S1,PaFAR-HC,,178,0.072367
1,S1 PaFAR-HC,S1,PaFAR-HC,,179,0.07756
1,S1 PaFAR-HC,S1,PaFAR-HC,,180,0.072613
1,S1 PaFAR-HC,S1,PaFAR-HC,,181,0.079641
1,S1 PaFAR-HC,S1,PaFAR-HC,,182,0.086642
1,S1 PaFAR-HC,S1,PaFAR-HC,,183,0.09464
1,S1 PaFAR-HC,S1,PaFAR-HC,,184,0.089047
1,S1 PaFAR-HC,S1,PaFAR-HC,,185,0.093523
1,S1 PaFAR-HC,S1,PaFAR-HC,,186,0.076114
1,S1 PaFAR-HC,S1,PaFAR-HC,,187,0.068957
1,S1 PaFAR-HC,S1,PaFAR-HC,,188,0.079773
1,S1 PaFAR-HC,S1,PaFAR-HC,,189,0.082007
1,S1 PaFAR-HC,S1,PaFAR-HC,,190,0.054471
1,S1 PaFAR-HC,S1,PaFAR-HC,,191,0.070872
1,S1 PaFAR-HC,S1,PaFAR-HC,,192,0.074457
1,S1 PaFAR-HC,S1,PaFAR-HC,,193,0.065951
1,S1 PaFAR-HC,S1,PaFAR-HC,,194,0.079853
1,S1 PaFAR-HC,S1,PaFAR-HC,,195,0.085966
1,S1 PaFAR-HC,S1,PaFAR-HC,,196,0.083707
1,S1 PaFAR-HC,S1,PaFAR-HC,,197,0.075783
1,S1 PaFAR-HC,S1,PaFAR-HC,,198,0.068164
1,S1 PaFAR-HC,S1,PaFAR-HC,,199,0.076675
1,S1 PaFAR-HC,S1,PaFAR-HC,,200,0.071022
1,S1 PaFAR-HC,S1,PaFAR-HC,,201,0.066769
1,S1 PaFAR-HC,S1,PaFAR-HC,,202,0.07788
1,S1 PaFAR-HC,S1,PaFAR-HC,,203,0.078668
1,S1 PaFAR-HC,S1,PaFAR-HC,,204,0.048872
1,S1 PaFAR-HC,S1,PaFAR-HC,,205,0.086611
1,S1 PaFAR-HC,S1,PaFAR-HC,,206,0.071546
1,S1 PaFAR-HC,S1,PaFAR-HC,,207,0.073914
1,S1 PaFAR-HC,S1,PaFAR-HC,,208,0.079633
1,S1 PaFAR-HC,S1,PaFAR-HC,,209,0.069446
1,S1 PaFAR-HC,S1,PaFAR-HC,,210,0.09814
1,S1 PaFAR-HC,S1,PaFAR-HC,,211,0.066919
1,S1 PaFAR-HC,S1,PaFAR-HC,,212,0.079118
1,S1 PaFAR-HC,S1,PaFAR-HC,,213,0.099548
1,S1 PaFAR-HC,S1,PaFAR-HC,,214,0.067662
1,S1 PaFAR-HC,S1,PaFAR-HC,,215,0.101356
1,S1 PaFAR-HC,S1,PaFAR-HC,,216,0.08846
1,S1 PaFAR-HC,S1,PaFAR-HC,,217,0.072103
1,S1 PaFAR-HC,S1,PaFAR-HC,,218,0.076659
1,S1 PaFAR-HC,S1,PaFAR-HC,,219,0.06297
1,S1 PaFAR-HC,S1,PaFAR-HC,,220,0.091726
1,S1 PaFAR-HC,S1,PaFAR-HC,,221,0.086294
1,S1 PaFAR-HC,S1,PaFAR-HC,,222,0.080257
1,S1 PaFAR-HC,S1,PaFAR-HC,,223,0.076241
1,S1 PaFAR-HC,S1,PaFAR-HC,,224,0.090153
1,S1 PaFAR-HC,S1,PaFAR-HC,,225,0.067285
1,S1 PaFAR-HC,S1,PaFAR-HC,,226,0.085211
1,S1 PaFAR-HC,S1,PaFAR-HC,,227,0.070238
1,S1 PaFAR-HC,S1,PaFAR-HC,,228,0.078678
1,S1 PaFAR-HC,S1,PaFAR-HC,,229,0.07242
1,S1 PaFAR-HC,S1,PaFAR-HC,,230,0.079041
1,S1 PaFAR-HC,S1,PaFAR-HC,,231,0.067951
1,S1 PaFAR-HC,S1,PaFAR-HC,,232,0.080485
1,S1 PaFAR-HC,S1,PaFAR-HC,,233,0.091337
1,S1 PaFAR-HC,S1,PaFAR-HC,,234,0.063088
1,S1 PaFAR-HC,S1,PaFAR-HC,,235,0.101011
1,S1 PaFAR-HC,S1,PaFAR-HC,,236,0.072465
1,S1 PaFAR-HC,S1,PaFAR-HC,,237,0.071479
1,S1 PaFAR-HC,S1,PaFAR-HC,,238,0.074095
1,S1 PaFAR-HC,S1,PaFAR-HC,,239,0.083525
1,S1 PaFAR-HC,S1,PaFAR-HC,,240,0.091326
1,S1 PaFAR-HC,S1,PaFAR-HC,,241,0.091612
1,S1 PaFAR-HC,S1,PaFAR-HC,,242,0.077517
1,S1 PaFAR-HC,S1,PaFAR-HC,,243,0.08972
1,S1 PaFAR-HC,S1,PaFAR-HC,,244,0.068608
1,S1 PaFAR-HC,S1,PaFAR-HC,,245,0.067871
1,S1 PaFAR-HC,S1,PaFAR-HC,,246,0.073301
1,S1 PaFAR-HC,S1,PaFAR-HC,,247,0.057276
1,S1 PaFAR-HC,S1,PaFAR-HC,,248,0.081487
1,S1 PaFAR-HC,S1,PaFAR-HC,,249,0.06209
1,S1 PaFAR-HC,S1,PaFAR-HC,,250,0.084803
1,S1 PaFAR-HC,S1,PaFAR-HC,,251,0.073264
1,S1 PaFAR-HC,S1,PaFAR-HC,,252,0.058671
1,S1 PaFAR-HC,S1,PaFAR-HC,,253,0.094758
1,S1 PaFAR-HC,S1,PaFAR-HC,,254,0.108266
1,S1 PaFAR-HC,S1,PaFAR-HC,,255,0.074835
1,S1 PaFAR-HC,S1,PaFAR-HC,,256,0.082957
1,S1 PaFAR-HC,S1,PaFAR-HC,,257,0.097844
1,S1 PaFAR-HC,S1,PaFAR-HC,,258,0.105238
1,S1 PaFAR-HC,S1,PaFAR-HC,,259,0.089221
1,S1 PaFAR-HC,S1,PaFAR-HC,,260,0.076055
1,S1 PaFAR-HC,S1,PaFAR-HC,,261,0.081312
1,S1 PaFAR-HC,S1,PaFAR-HC,,262,0.091883
1,S1 PaFAR-HC,S1,PaFAR-HC,,263,0.077047
1,S1 PaFAR-HC,S1,PaFAR-HC,,264,0.064146
1,S1 PaFAR-HC,S1,PaFAR-HC,,265,0.069485
1,S1 PaFAR-HC,S1,PaFAR-HC,,266,0.082012
1,S1 PaFAR-HC,S1,PaFAR-HC,,267,0.079594
1,S1 PaFAR-HC,S1,PaFAR-HC,,268,0.075916
1,S1 PaFAR-HC,S1,PaFAR-HC,,269,0.079808
1,S1 PaFAR-HC,S1,PaFAR-HC,,270,0.072489
1,S1 PaFAR-HC,S1,PaFAR-HC,,271,0.100842
1,S1 PaFAR-HC,S1,PaFAR-HC,,272,0.088363
1,S1 PaFAR-HC,S1,PaFAR-HC,,273,0.072017
1,S1 PaFAR-HC,S1,PaFAR-HC,,274,0.061587
1,S1 PaFAR-HC,S1,PaFAR-HC,,275,0.094497
1,S1 PaFAR-HC,S1,PaFAR-HC,,276,0.099491
1,S1 PaFAR-HC,S1,PaFAR-HC,,277,0.078305
1,S1 PaFAR-HC,S1,PaFAR-HC,,278,0.065859
1,S1 PaFAR-HC,S1,PaFAR-HC,,279,0.083976
1,S1 PaFAR-HC,S1,PaFAR-HC,,280,0.071609
1,S1 PaFAR-HC,S1,PaFAR-HC,,281,0.093931
1,S1 PaFAR-HC,S1,PaFAR-HC,,282,0.114545
1,S1 PaFAR-HC,S1,PaFAR-HC,,283,0.070653
1,S1 PaFAR-HC,S1,PaFAR-HC,,284,0.077864
1,S1 PaFAR-HC,S1,PaFAR-HC,,285,0.065847
1,S1 PaFAR-HC,S1,PaFAR-HC,,286,0.086914
1,S1 PaFAR-HC,S1,PaFAR-HC,,287,0.070609
1,S1 PaFAR-HC,S1,PaFAR-HC,,288,0.092064
1,S1 PaFAR-HC,S1,PaFAR-HC,,289,0.099529
1,S1 PaFAR-HC,S1,PaFAR-HC,,290,0.08166
1,S1 PaFAR-HC,S1,PaFAR-HC,,291,0.082389
1,S1 PaFAR-HC,S1,PaFAR-HC,,292,0.075372
1,S1 PaFAR-HC,S1,PaFAR-HC,,293,0.064855
1,S1 PaFAR-HC,S1,PaFAR-HC,,294,0.091745
1,S1 PaFAR-HC,S1,PaFAR-HC,,295,0.050706
1,S1 PaFAR-HC,S1,PaFAR-HC,,296,0.092234
1,S1 PaFAR-HC,S1,PaFAR-HC,,297,0.079109
1,S1 PaFAR-HC,S1,PaFAR-HC,,298,0.083068
1,S1 PaFAR-HC,S1,PaFAR-HC,,299,0.079946
1,S1 PaFAR-HC,S1,PaFAR-HC,,300,0.067267
1,S1 PaFAR-HC,S1,PaFAR-HC,,301,0.083073
1,S1 PaFAR-HC,S1,PaFAR-HC,,302,0.061891
1,S1 PaFAR-HC,S1,PaFAR-HC,,303,0.088278
1,S1 PaFAR-HC,S1,PaFAR-HC,,304,0.09143
1,S1 PaFAR-HC,S1,PaFAR-HC,,305,0.080658
1,S1 PaFAR-HC,S1,PaFAR-HC,,306,0.058264
1,S1 PaFAR-HC,S1,PaFAR-HC,,307,0.082436
1,S1 PaFAR-HC,S1,PaFAR-HC,,308,0.091645
1,S1 PaFAR-HC,S1,PaFAR-HC,,309,0.085993
1,S1 PaFAR-HC,S1,PaFAR-HC,,310,0.076666
1,S1 PaFAR-HC,S1,PaFAR-HC,,311,0.089115
1,S1 PaFAR-HC,S1,PaFAR-HC,,312,0.071411
1,S1 PaFAR-HC,S1,PaFAR-HC,,313,0.051839
1,S1 PaFAR-HC,S1,PaFAR-HC,,314,0.065984
1,S1 PaFAR-HC,S1,PaFAR-HC,,315,0.086538
1,S1 PaFAR-HC,S1,PaFAR-HC,,316,0.064678
1,S1 PaFAR-HC,S1,PaFAR-HC,,317,0.070595
1,S1 PaFAR-HC,S1,PaFAR-HC,,318,0.070068
1,S1 PaFAR-HC,S1,PaFAR-HC,,319,0.070433
1,S1 PaFAR-HC,S1,PaFAR-HC,,320,0.084353
1,S1 PaFAR-HC,S1,PaFAR-HC,,321,0.082622
1,S1 PaFAR-HC,S1,PaFAR-HC,,322,0.080771
1,S1 PaFAR-HC,S1,PaFAR-HC,,323,0.095429
1,S1 PaFAR-HC,S1,PaFAR-HC,,324,0.072613
1,S1 PaFAR-HC,S1,PaFAR-HC,,325,0.065504
1,S1 PaFAR-HC,S1,PaFAR-HC,,326,0.096262
1,S1 PaFAR-HC,S1,PaFAR-HC,,327,0.069041
1,S1 PaFAR-HC,S1,PaFAR-HC,,328,0.066878
1,S1 PaFAR-HC,S1,PaFAR-HC,,329,0.068092
1,S1 PaFAR-HC,S1,PaFAR-HC,,330,0.082612
1,S1 PaFAR-HC,S1,PaFAR-HC,,331,0.079009
1,S1 PaFAR-HC,S1,PaFAR-HC,,332,0.069347
1,S1 PaFAR-HC,S1,PaFAR-HC,,333,0.074955
1,S1 PaFAR-HC,S1,PaFAR-HC,,334,0.059444
1,S1 PaFAR-HC,S1,PaFAR-HC,,335,0.076961
1,S1 PaFAR-HC,S1,PaFAR-HC,,336,0.081312
1,S1 PaFAR-HC,S1,PaFAR-HC,,337,0.08553
1,S1 PaFAR-HC,S1,PaFAR-HC,,338,0.075707
1,S1 PaFAR-HC,S1,PaFAR-HC,,339,0.090934
1,S1 PaFAR-HC,S1,PaFAR-HC,,340,0.094662
1,S1 PaFAR-HC,S1,PaFAR-HC,,341,0.088936
1,S1 PaFAR-HC,S1,PaFAR-HC,,342,0.087299
1,S1 PaFAR-HC,S1,PaFAR-HC,,343,0.098137
1,S1 PaFAR-HC,S1,PaFAR-HC,,344,0.094314
1,S1 PaFAR-HC,S1,PaFAR-HC,,345,0.067015
1,S1 PaFAR-HC,S1,PaFAR-HC,,346,0.084308
1,S1 PaFAR-HC,S1,PaFAR-HC,,347,0.088837
1,S1 PaFAR-HC,S1,PaFAR-HC,,348,0.070314
1,S1 PaFAR-HC,S1,PaFAR-HC,,349,0.097616
1,S1 PaFAR-HC,S1,PaFAR-HC,,350,0.086409
1,S1 PaFAR-HC,S1,PaFAR-HC,,351,0.091664
1,S1 PaFAR-HC,S1,PaFAR-HC,,352,0.073496
1,S1 PaFAR-HC,S1,PaFAR-HC,,353,0.077591
1,S1 PaFAR-HC,S1,PaFAR-HC,,354,0.062268
1,S1 PaFAR-HC,S1,PaFAR-HC,,355,0.062319
1,S1 PaFAR-HC,S1,PaFAR-HC,,356,0.059613
1,S1 PaFAR-HC,S1,PaFAR-HC,,357,0.089417
1,S1 PaFAR-HC,S1,PaFAR-HC,,358,0.062824
1,S1 PaFAR-HC,S1,PaFAR-HC,,359,0.110636
1,S1 PaFAR-HC,S1,PaFAR-HC,,360,0.089464
1,S1 PaFAR-HC,S1,PaFAR-HC,,361,0.075218
1,S1 PaFAR-HC,S1,PaFAR-HC,,362,0.06298
1,S1 PaFAR-HC,S1,PaFAR-HC,,363,0.076976
1,S1 PaFAR-HC,S1,PaFAR-HC,,364,0.080729
1,S1 PaFAR-HC,S1,PaFAR-HC,,365,0.087689
1,S1 PaFAR-HC,S1,PaFAR-HC,,366,0.085157
1,S1 PaFAR-HC,S1,PaFAR-HC,,367,0.113954
1,S1 PaFAR-HC,S1,PaFAR-HC,,368,0.09055
1,S1 PaFAR-HC,S1,PaFAR-HC,,369,0.057483
1,S1 PaFAR-HC,S1,PaFAR-HC,,370,0.10147
1,S1 PaFAR-HC,S1,PaFAR-HC,,371,0.092663
1,S1 PaFAR-HC,S1,PaFAR-HC,,372,0.091685
1,S1 PaFAR-HC,S1,PaFAR-HC,,373,0.064908
1,S1 PaFAR-HC,S1,PaFAR-HC,,374,0.056935
1,S1 PaFAR-HC,S1,PaFAR-HC,,375,0.087638
1,S1 PaFAR-HC,S1,PaFAR-HC,,376,0.091649
1,S1 PaFAR-HC,S1,PaFAR-HC,,377,0.103081
1,S1 PaFAR-HC,S1,PaFAR-HC,,378,0.067753
1,S1 PaFAR-HC,S1,PaFAR-HC,,379,0.083286
1,S1 PaFAR-HC,S1,PaFAR-HC,,380,0.062692
1,S1 PaFAR-HC,S1,PaFAR-HC,,381,0.067368
1,S1 PaFAR-HC,S1,PaFAR-HC,,382,0.060219
1,S1 PaFAR-HC,S1,PaFAR-HC,,383,0.069167
1,S1 PaFAR-HC,S1,PaFAR-HC,,384,0.072911
1,S1 PaFAR-HC,S1,PaFAR-HC,,385,0.073893
1,S1 PaFAR-HC,S1,PaFAR-HC,,386,0.086221
1,S1 PaFAR-HC,S1,PaFAR-HC,,387,0.055839
1,S1 PaFAR-HC,S1,PaFAR-HC,,388,0.108135
1,S1 PaFAR-HC,S1,PaFAR-HC,,389,0.1026
1,S1 PaFAR-HC,S1,PaFAR-HC,,390,0.081679
1,S1 PaFAR-HC,S1,PaFAR-HC,,391,0.079169
1,S1 PaFAR-HC,S1,PaFAR-HC,,392,0.080693
1,S1 PaFAR-HC,S1,PaFAR-HC,,393,0.083052
1,S1 PaFAR-HC,S1,PaFAR-HC,,394,0.089913
1,S1 PaFAR-HC,S1,PaFAR-HC,,395,0.062749
1,S1 PaFAR-HC,S1,PaFAR-HC,,396,0.061182
1,S1 PaFAR-HC,S1,PaFAR-HC,,397,0.081583
1,S1 PaFAR-HC,S1,PaFAR-HC,,398,0.064706
1,S1 PaFAR-HC,S1,PaFAR-HC,,399,0.083201
1,S1 PaFAR-HC,S1,PaFAR-HC,,400,0.085813
1,S1 PaFAR-HC,S1,PaFAR-HC,,401,0.095821
1,S1 PaFAR-HC,S1,PaFAR-HC,,402,0.073561
1,S1 PaFAR-HC,S1,PaFAR-HC,,403,0.091377
1,S1 PaFAR-HC,S1,PaFAR-HC,,404,0.058216
1,S1 PaFAR-HC,S1,PaFAR-HC,,405,0.087756
1,S1 PaFAR-HC,S1,PaFAR-HC,,406,0.08823
1,S1 PaFAR-HC,S1,PaFAR-HC,,407,0.091148
1,S1 PaFAR-HC,S1,PaFAR-HC,,408,0.081945
1,S1 PaFAR-HC,S1,PaFAR-HC,,409,0.086541
1,S1 PaFAR-HC,S1,PaFAR-HC,,410,0.06798
1,S1 PaFAR-HC,S1,PaFAR-HC,,411,0.084043
1,S1 PaFAR-HC,S1,PaFAR-HC,,412,0.076545
1,S1 PaFAR-HC,S1,PaFAR-HC,,413,0.073941
1,S1 PaFAR-HC,S1,PaFAR-HC,,414,0.08466
1,S1 PaFAR-HC,S1,PaFAR-HC,,415,0.069598
1,S1 PaFAR-HC,S1,PaFAR-HC,,416,0.065559
1,S1 PaFAR-HC,S1,PaFAR-HC,,417,0.0874
1,S1 PaFAR-HC,S1,PaFAR-HC,,418,0.08485
1,S1 PaFAR-HC,S1,PaFAR-HC,,419,0.079934
1,S1 PaFAR-HC,S1,PaFAR-HC,,420,0.070306
1,S1 PaFAR-HC,S1,PaFAR-HC,,421,0.114553
1,S1 PaFAR-HC,S1,PaFAR-HC,,422,0.060674
1,S1 PaFAR-HC,S1,PaFAR-HC,,423,0.058452
1,S1 PaFAR-HC,S1,PaFAR-HC,,424,0.09585
1,S1 PaFAR-HC,S1,PaFAR-HC,,425,0.076656
1,S1 PaFAR-HC,S1,PaFAR-HC,,426,0.077906
1,S1 PaFAR-HC,S1,PaFAR-HC,,427,0.075378
1,S1 PaFAR-HC,S1,PaFAR-HC,,428,0.08264
1,S1 PaFAR-HC,S1,PaFAR-HC,,429,0.075869
1,S1 PaFAR-HC,S1,PaFAR-HC,,430,0.087577
1,S1 PaFAR-HC,S1,PaFAR-HC,,431,0.083334
1,S1 PaFAR-HC,S1,PaFAR-HC,,432,0.063711
1,S1 PaFAR-HC,S1,PaFAR-HC,,433,0.092733
1,S1 PaFAR-HC,S1,PaFAR-HC,,434,0.068645
1,S1 PaFAR-HC,S1,PaFAR-HC,,435,0.086019
1,S1 PaFAR-HC,S1,PaFAR-HC,,436,0.094524
1,S1 PaFAR-HC,S1,PaFAR-HC,,437,0.058343
1,S1 PaFAR-HC,S1,PaFAR-HC,,438,0.084127
1,S1 PaFAR-HC,S1,PaFAR-HC,,439,0.093724
1,S1 PaFAR-HC,S1,PaFAR-HC,,440,0.083603
1,S1 PaFAR-HC,S1,PaFAR-HC,,441,0.083737
1,S1 PaFAR-HC,S1,PaFAR-HC,,442,0.072147
1,S1 PaFAR-HC,S1,PaFAR-HC,,443,0.09657
1,S1 PaFAR-HC,S1,PaFAR-HC,,444,0.081201
1,S1 PaFAR-HC,S1,PaFAR-HC,,445,0.079332
1,S1 PaFAR-HC,S1,PaFAR-HC,,446,0.05217
1,S1 PaFAR-HC,S1,PaFAR-HC,,447,0.084309
1,S1 PaFAR-HC,S1,PaFAR-HC,,448,0.090919
1,S1 PaFAR-HC,S1,PaFAR-HC,,449,0.073527
1,S1 PaFAR-HC,S1,PaFAR-HC,,450,0.088285
1,S1 PaFAR-HC,S1,PaFAR-HC,,451,0.08581
1,S1 PaFAR-HC,S1,PaFAR-HC,,452,0.079529
1,S1 PaFAR-HC,S1,PaFAR-HC,,453,0.079083
1,S1 PaFAR-HC,S1,PaFAR-HC,,454,0.075032
1,S1 PaFAR-HC,S1,PaFAR-HC,,455,0.068327
1,S1 PaFAR-HC,S1,PaFAR-HC,,456,0.066198
1,S1 PaFAR-HC,S1,PaFAR-HC,,457,0.087907
1,S1 PaFAR-HC,S1,PaFAR-HC,,458,0.058673
1,S1 PaFAR-HC,S1,PaFAR-HC,,459,0.077738
1,S1 PaFAR-HC,S1,PaFAR-HC,,460,0.067792
1,S1 PaFAR-HC,S1,PaFAR-HC,,461,0.064232
1,S1 PaFAR-HC,S1,PaFAR-HC,,462,0.068452
1,S1 PaFAR-HC,S1,PaFAR-HC,,463,0.060282
1,S1 PaFAR-HC,S1,PaFAR-HC,,464,0.085433
1,S1 PaFAR-HC,S1,PaFAR-HC,,465,0.08722
1,S1 PaFAR-HC,S1,PaFAR-HC,,466,0.07077
1,S1 PaFAR-HC,S1,PaFAR-HC,,467,0.080072
1,S1 PaFAR-HC,S1,PaFAR-HC,,468,0.102506
1,S1 PaFAR-HC,S1,PaFAR-HC,,469,0.084734
1,S1 PaFAR-HC,S1,PaFAR-HC,,470,0.07534
1,S1 PaFAR-HC,S1,PaFAR-HC,,471,0.070896
1,S1 PaFAR-HC,S1,PaFAR-HC,,472,0.06072
1,S1 PaFAR-HC,S1,PaFAR-HC,,473,0.057078
1,S1 PaFAR-HC,S1,PaFAR-HC,,474,0.07367
1,S1 PaFAR-HC,S1,PaFAR-HC,,475,0.066056
1,S1 PaFAR-HC,S1,PaFAR-HC,,476,0.102372
1,S1 PaFAR-HC,S1,PaFAR-HC,,477,0.078873
1,S1 PaFAR-HC,S1,PaFAR-HC,,478,0.088936
1,S1 PaFAR-HC,S1,PaFAR-HC,,479,0.071913
1,S1 PaFAR-HC,S1,PaFAR-HC,,480,0.07691
1,S1 PaFAR-HC,S1,PaFAR-HC,,481,0.090929
1,S1 PaFAR-HC,S1,PaFAR-HC,,482,0.075104
1,S1 PaFAR-HC,S1,PaFAR-HC,,483,0.063349
1,S1 PaFAR-HC,S1,PaFAR-HC,,484,0.095483
1,S1 PaFAR-HC,S1,PaFAR-HC,,485,0.094366
1,S1 PaFAR-HC,S1,PaFAR-HC,,486,0.087829
1,S1 PaFAR-HC,S1,PaFAR-HC,,487,0.063381
1,S1 PaFAR-HC,S1,PaFAR-HC,,488,0.075769
1,S1 PaFAR-HC,S1,PaFAR-HC,,489,0.083201
1,S1 PaFAR-HC,S1,PaFAR-HC,,490,0.084394
1,S1 PaFAR-HC,S1,PaFAR-HC,,491,0.068217
1,S1 PaFAR-HC,S1,PaFAR-HC,,492,0.0961
1,S1 PaFAR-HC,S1,PaFAR-HC,,493,0.088654
1,S1 PaFAR-HC,S1,PaFAR-HC,,494,0.070818
1,S1 PaFAR-HC,S1,PaFAR-HC,,495,0.08143
1,S1 PaFAR-HC,S1,PaFAR-HC,,496,0.071479
1,S1 PaFAR-HC,S1,PaFAR-HC,,497,0.075391
1,S1 PaFAR-HC,S1,PaFAR-HC,,498,0.07938
1,S1 PaFAR-HC,S1,PaFAR-HC,,499,0.069863
1,S2 PaFAR-F,S2,PaFAR-F,,0,0.092073
1,S2 PaFAR-F,S2,PaFAR-F,,1,0.089916
1,S2 PaFAR-F,S2,PaFAR-F,,2,0.099625
1,S2 PaFAR-F,S2,PaFAR-F,,3,0.08417
1,S2 PaFAR-F,S2,PaFAR-F,,4,0.099227
1,S2 PaFAR-F,S2,PaFAR-F,,5,0.090845
1,S2 PaFAR-F,S2,PaFAR-F,,6,0.098667
1,S2 PaFAR-F,S2,PaFAR-F,,7,0.096054
1,S2 PaFAR-F,S2,PaFAR-F,,8,0.110199
1,S2 PaFAR-F,S2,PaFAR-F,,9,0.11406
1,S2 PaFAR-F,S2,PaFAR-F,,10,0.103676
1,S2 PaFAR-F,S2,PaFAR-F,,11,0.124786
1,S2 PaFAR-F,S2,PaFAR-F,,12,0.11844
1,S2 PaFAR-F,S2,PaFAR-F,,13,0.099855
1,S2 PaFAR-F,S2,PaFAR-F,,14,0.099869
1,S2 PaFAR-F,S2,PaFAR-F,,15,0.10772
1,S2 PaFAR-F,S2,PaFAR-F,,16,0.108692
1,S2 PaFAR-F,S2,PaFAR-F,,17,0.080089
1,S2 PaFAR-F,S2,PaFAR-F,,18,0.099594
1,S2 PaFAR-F,S2,PaFAR-F,,19,0.081611
1,S2 PaFAR-F,S2,PaFAR-F,,20,0.098799
1,S2 PaFAR-F,S2,PaFAR-F,,21,0.094585
1,S2 PaFAR-F,S2,PaFAR-F,,22,0.084048
1,S2 PaFAR-F,S2,PaFAR-F,,23,0.099505
1,S2 PaFAR-F,S2,PaFAR-F,,24,0.078324
1,S2 PaFAR-F,S2,PaFAR-F,,25,0.103479
1,S2 PaFAR-F,S2,PaFAR-F,,26,0.104803
1,S2 PaFAR-F,S2,PaFAR-F,,27,0.108621
1,S2 PaFAR-F,S2,PaFAR-F,,28,0.11378
1,S2 PaFAR-F,S2,PaFAR-F,,29,0.100618
1,S2 PaFAR-F,S2,PaFAR-F,,30,0.117951
1,S2 PaFAR-F,S2,PaFAR-F,,31,0.116788
1,S2 PaFAR-F,S2,PaFAR-F,,32,0.089899
1,S2 PaFAR-F,S2,PaFAR-F,,33,0.096525
1,S2 PaFAR-F,S2,PaFAR-F,,34,0.094643
1,S2 PaFAR-F,S2,PaFAR-F,,35,0.101459
1,S2 PaFAR-F,S2,PaFAR-F,,36,0.097505
1,S2 PaFAR-F,S2,PaFAR-F,,37,0.083566
1,S2 PaFAR-F,S2,PaFAR-F,,38,0.093741
1,S2 PaFAR-F,S2,PaFAR-F,,39,0.088515
1,S2 PaFAR-F,S2,PaFAR-F,,40,0.114692
1,S2 PaFAR-F,S2,PaFAR-F,,41,0.084404
1,S2 PaFAR-F,S2,PaFAR-F,,42,0.10011
1,S2 PaFAR-F,S2,PaFAR-F,,43,0.087199
1,S2 PaFAR-F,S2,PaFAR-F,,44,0.11607
1,S2 PaFAR-F,S2,PaFAR-F,,45,0.098901
1,S2 PaFAR-F,S2,PaFAR-F,,46,0.095667
1,S2 PaFAR-F,S2,PaFAR-F,,47,0.068047
1,S2 PaFAR-F,S2,PaFAR-F,,48,0.105106
1,S2 PaFAR-F,S2,PaFAR-F,,49,0.093739
1,S2 PaFAR-F,S2,PaFAR-F,,50,0.090783
1,S2 PaFAR-F,S2,PaFAR-F,,51,0.095742
1,S2 PaFAR-F,S2,PaFAR-F,,52,0.082599
1,S2 PaFAR-F,S2,PaFAR-F,,53,0.073577
1,S2 PaFAR-F,S2,PaFAR-F,,54,0.1031
1,S2 PaFAR-F,S2,PaFAR-F,,55,0.102857
1,S2 PaFAR-F,S2,PaFAR-F,,56,0.084963
1,S2 PaFAR-F,S2,PaFAR-F,,57,0.104594
1,S2 PaFAR-F,S2,PaFAR-F,,58,0.097389
1,S2 PaFAR-F,S2,PaFAR-F,,59,0.087
1,S2 PaFAR-F,S2,PaFAR-F,,60,0.103831
1,S2 PaFAR-F,S2,PaFAR-F,,61,0.108439
1,S2 PaFAR-F,S2,PaFAR-F,,62,0.102394
1,S2 PaFAR-F,S2,PaFAR-F,,63,0.087945
1,S2 PaFAR-F,S2,PaFAR-F,,64,0.087108
1,S2 PaFAR-F,S2,PaFAR-F,,65,0.097507
1,S2 PaFAR-F,S2,PaFAR-F,,66,0.076955
1,S2 PaFAR-F,S2,PaFAR-F,,67,0.083611
1,S2 PaFAR-F,S2,PaFAR-F,,68,0.122221
1,S2 PaFAR-F,S2,PaFAR-F,,69,0.085274
1,S2 PaFAR-F,S2,PaFAR-F,,70,0.098152
1,S2 PaFAR-F,S2,PaFAR-F,,71,0.115599
1,S2 PaFAR-F,S2,PaFAR-F,,72,0.101368
1,S2 PaFAR-F,S2,PaFAR-F,,73,0.103153
1,S2 PaFAR-F,S2,PaFAR-F,,74,0.111218
1,S2 PaFAR-F,S2,PaFAR-F,,75,0.099886
1,S2 PaFAR-F,S2,PaFAR-F,,76,0.073226
1,S2 PaFAR-F,S2,PaFAR-F,,77,0.093358
1,S2 PaFAR-F,S2,PaFAR-F,,78,0.100302
1,S2 PaFAR-F,S2,PaFAR-F,,79,0.111503
1,S2 PaFAR-F,S2,PaFAR-F,,80,0.087362
1,S2 PaFAR-F,S2,PaFAR-F,,81,0.097178
1,S2 PaFAR-F,S2,PaFAR-F,,82,0.11567
1,S2 PaFAR-F,S2,PaFAR-F,,83,0.109812
1,S2 PaFAR-F,S2,PaFAR-F,,84,0.065518
1,S2 PaFAR-F,S2,PaFAR-F,,85,0.095888
1,S2 PaFAR-F,S2,PaFAR-F,,86,0.096863
1,S2 PaFAR-F,S2,PaFAR-F,,87,0.100014
1,S2 PaFAR-F,S2,PaFAR-F,,88,0.083075
1,S2 PaFAR-F,S2,PaFAR-F,,89,0.076802
1,S2 PaFAR-F,S2,PaFAR-F,,90,0.08264
1,S2 PaFAR-F,S2,PaFAR-F,,91,0.098213
1,S2 PaFAR-F,S2,PaFAR-F,,92,0.114568
1,S2 PaFAR-F,S2,PaFAR-F,,93,0.094627
1,S2 PaFAR-F,S2,PaFAR-F,,94,0.084662
1,S2 PaFAR-F,S2,PaFAR-F,,95,0.097106
1,S2 PaFAR-F,S2,PaFAR-F,,96,0.097108
1,S2 PaFAR-F,S2,PaFAR-F,,97,0.097826
1,S2 PaFAR-F,S2,PaFAR-F,,98,0.131804
1,S2 PaFAR-F,S2,PaFAR-F,,99,0.094862
1,S2 PaFAR-F,S2,PaFAR-F,,100,0.100567
1,S2 PaFAR-F,S2,PaFAR-F,,101,0.085345
1,S2 PaFAR-F,S2,PaFAR-F,,102,0.111831
1,S2 PaFAR-F,S2,PaFAR-F,,103,0.084901
1,S2 PaFAR-F,S2,PaFAR-F,,104,0.100146
1,S2 PaFAR-F,S2,PaFAR-F,,105,0.106407
1,S2 PaFAR-F,S2,PaFAR-F,,106,0.085074
1,S2 PaFAR-F,S2,PaFAR-F,,107,0.10076
1,S2 PaFAR-F,S2,PaFAR-F,,108,0.104363
1,S2 PaFAR-F,S2,PaFAR-F,,109,0.102149
1,S2 PaFAR-F,S2,PaFAR-F,,110,0.094404
1,S2 PaFAR-F,S2,PaFAR-F,,111,0.102161
1,S2 PaFAR-F,S2,PaFAR-F,,112,0.086128
1,S2 PaFAR-F,S2,PaFAR-F,,113,0.102798
1,S2 PaFAR-F,S2,PaFAR-F,,114,0.100827
1,S2 PaFAR-F,S2,PaFAR-F,,115,0.083614
1,S2 PaFAR-F,S2,PaFAR-F,,116,0.10784
1,S2 PaFAR-F,S2,PaFAR-F,,117,0.098702
1,S2 PaFAR-F,S2,PaFAR-F,,118,0.08919
1,S2 PaFAR-F,S2,PaFAR-F,,119,0.091072
1,S2 PaFAR-F,S2,PaFAR-F,,120,0.08443
1,S2 PaFAR-F,S2,PaFAR-F,,121,0.073777
1,S2 PaFAR-F,S2,PaFAR-F,,122,0.092288
1,S2 PaFAR-F,S2,PaFAR-F,,123,0.074678
1,S2 PaFAR-F,S2,PaFAR-F,,124,0.082991
1,S2 PaFAR-F,S2,PaFAR-F,,125,0.078819
1,S2 PaFAR-F,S2,PaFAR-F,,126,0.084778
1,S2 PaFAR-F,S2,PaFAR-F,,127,0.111045
1,S2 PaFAR-F,S2,PaFAR-F,,128,0.092575
1,S2 PaFAR-F,S2,PaFAR-F,,129,0.078741
1,S2 PaFAR-F,S2,PaFAR-F,,130,0.10478
1,S2 PaFAR-F,S2,PaFAR-F,,131,0.09589
1,S2 PaFAR-F,S2,PaFAR-F,,132,0.1023
1,S2 PaFAR-F,S2,PaFAR-F,,133,0.097593
1,S2 PaFAR-F,S2,PaFAR-F,,134,0.09171
1,S2 PaFAR-F,S2,PaFAR-F,,135,0.082883
1,S2 PaFAR-F,S2,PaFAR-F,,136,0.082054
1,S2 PaFAR-F,S2,PaFAR-F,,137,0.099014
1,S2 PaFAR-F,S2,PaFAR-F,,138,0.100392
1,S2 PaFAR-F,S2,PaFAR-F,,139,0.100714
1,S2 PaFAR-F,S2,PaFAR-F,,140,0.089868
1,S2 PaFAR-F,S2,PaFAR-F,,141,0.094718
1,S2 PaFAR-F,S2,PaFAR-F,,142,0.087781
1,S2 PaFAR-F,S2,PaFAR-F,,143,0.103688
1,S2 PaFAR-F,S2,PaFAR-F,,144,0.103881
1,S2 PaFAR-F,S2,PaFAR-F,,145,0.098768
1,S2 PaFAR-F,S2,PaFAR-F,,146,0.072922
1,S2 PaFAR-F,S2,PaFAR-F,,147,0.130019
1,S2 PaFAR-F,S2,PaFAR-F,,148,0.098623
1,S2 PaFAR-F,S2,PaFAR-F,,149,0.114847
1,S2 PaFAR-F,S2,PaFAR-F,,150,0.102814
1,S2 PaFAR-F,S2,PaFAR-F,,151,0.089565
1,S2 PaFAR-F,S2,PaFAR-F,,152,0.099243
1,S2 PaFAR-F,S2,PaFAR-F,,153,0.123503
1,S2 PaFAR-F,S2,PaFAR-F,,154,0.068244
1,S2 PaFAR-F,S2,PaFAR-F,,155,0.111192
1,S2 PaFAR-F,S2,PaFAR-F,,156,0.110735
1,S2 PaFAR-F,S2,PaFAR-F,,157,0.100981
1,S2 PaFAR-F,S2,PaFAR-F,,158,0.111905
1,S2 PaFAR-F,S2,PaFAR-F,,159,0.123731
1,S2 PaFAR-F,S2,PaFAR-F,,160,0.086072
1,S2 PaFAR-F,S2,PaFAR-F,,161,0.088553
1,S2 PaFAR-F,S2,PaFAR-F,,162,0.077637
1,S2 PaFAR-F,S2,PaFAR-F,,163,0.110041
1,S2 PaFAR-F,S2,PaFAR-F,,164,0.107027
1,S2 PaFAR-F,S2,PaFAR-F,,165,0.103894
1,S2 PaFAR-F,S2,PaFAR-F,,166,0.06838
1,S2 PaFAR-F,S2,PaFAR-F,,167,0.093496
1,S2 PaFAR-F,S2,PaFAR-F,,168,0.078625
1,S2 PaFAR-F,S2,PaFAR-F,,169,0.103914
1,S2 PaFAR-F,S2,PaFAR-F,,170,0.105913
1,S2 PaFAR-F,S2,PaFAR-F,,171,0.111266
1,S2 PaFAR-F,S2,PaFAR-F,,172,0.093088
1,S2 PaFAR-F,S2,PaFAR-F,,173,0.115265
1,S2 PaFAR-F,S2,PaFAR-F,,174,0.091703
1,S2 PaFAR-F,S2,PaFAR-F,,175,0.075663
1,S2 PaFAR-F,S2,PaFAR-F,,176,0.097542
1,S2 PaFAR-F,S2,PaFAR-F,,177,0.074999
1,S2 PaFAR-F,S2,PaFAR-F,,178,0.117993
1,S2 PaFAR-F,S2,PaFAR-F,,179,0.113556
1,S2 PaFAR-F,S2,PaFAR-F,,180,0.08108
1,S2 PaFAR-F,S2,PaFAR-F,,181,0.100295
1,S2 PaFAR-F,S2,PaFAR-F,,182,0.107696
1,S2 PaFAR-F,S2,PaFAR-F,,183,0.097989
1,S2 PaFAR-F,S2,PaFAR-F,,184,0.101022
1,S2 PaFAR-F,S2,PaFAR-F,,185,0.110489
1,S2 PaFAR-F,S2,PaFAR-F,,186,0.106163
1,S2 PaFAR-F,S2,PaFAR-F,,187,0.077332
1,S2 PaFAR-F,S2,PaFAR-F,,188,0.079431
1,S2 PaFAR-F,S2,PaFAR-F,,189,0.092383
1,S2 PaFAR-F,S2,PaFAR-F,,190,0.107006
1,S2 PaFAR-F,S2,PaFAR-F,,191,0.11454
1,S2 PaFAR-F,S2,PaFAR-F,,192,0.084185
1,S2 PaFAR-F,S2,PaFAR-F,,193,0.108556
1,S2 PaFAR-F,S2,PaFAR-F,,194,0.070675
1,S2 PaFAR-F,S2,PaFAR-F,,195,0.095332
1,S2 PaFAR-F,S2,PaFAR-F,,196,0.114507
1,S2 PaFAR-F,S2,PaFAR-F,,197,0.107441
1,S2 PaFAR-F,S2,PaFAR-F,,198,0.113868
1,S2 PaFAR-F,S2,PaFAR-F,,199,0.083627
1,S2 PaFAR-F,S2,PaFAR-F,,200,0.083879
1,S2 PaFAR-F,S2,PaFAR-F,,201,0.106262
1,S2 PaFAR-F,S2,PaFAR-F,,202,0.0891
1,S2 PaFAR-F,S2,PaFAR-F,,203,0.100565
1,S2 PaFAR-F,S2,PaFAR-F,,204,0.118159
1,S2 PaFAR-F,S2,PaFAR-F,,205,0.089841
1,S2 PaFAR-F,S2,PaFAR-F,,206,0.095649
1,S2 PaFAR-F,S2,PaFAR-F,,207,0.101744
1,S2 PaFAR-F,S2,PaFAR-F,,208,0.086554
1,S2 PaFAR-F,S2,PaFAR-F,,209,0.09355
1,S2 PaFAR-F,S2,PaFAR-F,,210,0.101186
1,S2 PaFAR-F,S2,PaFAR-F,,211,0.101828
1,S2 PaFAR-F,S2,PaFAR-F,,212,0.093048
1,S2 PaFAR-F,S2,PaFAR-F,,213,0.130487
1,S2 PaFAR-F,S2,PaFAR-F,,214,0.084381
1,S2 PaFAR-F,S2,PaFAR-F,,215,0.089354
1,S2 PaFAR-F,S2,PaFAR-F,,216,0.104489
1,S2 PaFAR-F,S2,PaFAR-F,,217,0.094749
1,S2 PaFAR-F,S2,PaFAR-F,,218,0.114014
1,S2 PaFAR-F,S2,PaFAR-F,,219,0.117512
1,S2 PaFAR-F,S2,PaFAR-F,,220,0.09214
1,S2 PaFAR-F,S2,PaFAR-F,,221,0.113278
1,S2 PaFAR-F,S2,PaFAR-F,,222,0.098732
1,S2 PaFAR-F,S2,PaFAR-F,,223,0.076122
1,S2 PaFAR-F,S2,PaFAR-F,,224,0.085583
1,S2 PaFAR-F,S2,PaFAR-F,,225,0.126173
1,S2 PaFAR-F,S2,PaFAR-F,,226,0.089232
1,S2 PaFAR-F,S2,PaFAR-F,,227,0.103706
1,S2 PaFAR-F,S2,PaFAR-F,,228,0.080909
1,S2 PaFAR-F,S2,PaFAR-F,,229,0.092012
1,S2 PaFAR-F,S2,PaFAR-F,,230,0.093507
1,S2 PaFAR-F,S2,PaFAR-F,,231,0.097502
1,S2 PaFAR-F,S2,PaFAR-F,,232,0.093578
1,S2 PaFAR-F,S2,PaFAR-F,,233,0.087989
1,S2 PaFAR-F,S2,PaFAR-F,,234,0.083797
1,S2 PaFAR-F,S2,PaFAR-F,,235,0.101423
1,S2 PaFAR-F,S2,PaFAR-F,,236,0.109387
1,S2 PaFAR-F,S2,PaFAR-F,,237,0.084578
1,S2 PaFAR-F,S2,PaFAR-F,,238,0.11527
1,S2 PaFAR-F,S2,PaFAR-F,,239,0.105593
1,S2 PaFAR-F,S2,PaFAR-F,,240,0.082805
1,S2 PaFAR-F,S2,PaFAR-F,,241,0.08065
1,S2 PaFAR-F,S2,PaFAR-F,,242,0.111879
1,S2 PaFAR-F,S2,PaFAR-F,,243,0.10175
1,S2 PaFAR-F,S2,PaFAR-F,,244,0.097226
1,S2 PaFAR-F,S2,PaFAR-F,,245,0.126609
1,S2 PaFAR-F,S2,PaFAR-F,,246,0.109598
1,S2 PaFAR-F,S2,PaFAR-F,,247,0.097099
1,S2 PaFAR-F,S2,PaFAR-F,,248,0.090929
1,S2 PaFAR-F,S2,PaFAR-F,,249,0.088605
1,S2 PaFAR-F,S2,PaFAR-F,,250,0.101424
1,S2 PaFAR-F,S2,PaFAR-F,,251,0.106355
1,S2 PaFAR-F,S2,PaFAR-F,,252,0.086311
1,S2 PaFAR-F,S2,PaFAR-F,,253,0.108251
1,S2 PaFAR-F,S2,PaFAR-F,,254,0.115947
1,S2 PaFAR-F,S2,PaFAR-F,,255,0.082944
1,S2 PaFAR-F,S2,PaFAR-F,,256,0.129121
1,S2 PaFAR-F,S2,PaFAR-F,,257,0.068227
1,S2 PaFAR-F,S2,PaFAR-F,,258,0.085683
1,S2 PaFAR-F,S2,PaFAR-F,,259,0.109036
1,S2 PaFAR-F,S2,PaFAR-F,,260,0.080463
1,S2 PaFAR-F,S2,PaFAR-F,,261,0.11151
1,S2 PaFAR-F,S2,PaFAR-F,,262,0.09765
1,S2 PaFAR-F,S2,PaFAR-F,,263,0.117561
1,S2 PaFAR-F,S2,PaFAR-F,,264,0.110792
1,S2 PaFAR-F,S2,PaFAR-F,,265,0.106736
1,S2 PaFAR-F,S2,PaFAR-F,,266,0.114158
1,S2 PaFAR-F,S2,PaFAR-F,,267,0.082227
1,S2 PaFAR-F,S2,PaFAR-F,,268,0.085103
1,S2 PaFAR-F,S2,PaFAR-F,,269,0.100855
1,S2 PaFAR-F,S2,PaFAR-F,,270,0.107806
1,S2 PaFAR-F,S2,PaFAR-F,,271,0.085325
1,S2 PaFAR-F,S2,PaFAR-F,,272,0.093126
1,S2 PaFAR-F,S2,PaFAR-F,,273,0.119763
1,S2 PaFAR-F,S2,PaFAR-F,,274,0.099502
1,S2 PaFAR-F,S2,PaFAR-F,,275,0.125293
1,S2 PaFAR-F,S2,PaFAR-F,,276,0.105494
1,S2 PaFAR-F,S2,PaFAR-F,,277,0.099908
1,S2 PaFAR-F,S2,PaFAR-F,,278,0.091917
1,S2 PaFAR-F,S2,PaFAR-F,,279,0.108811
1,S2 PaFAR-F,S2,PaFAR-F,,280,0.108405
1,S2 PaFAR-F,S2,PaFAR-F,,281,0.103705
1,S2 PaFAR-F,S2,PaFAR-F,,282,0.091185
1,S2 PaFAR-F,S2,PaFAR-F,,283,0.103573
1,S2 PaFAR-F,S2,PaFAR-F,,284,0.101652
1,S2 PaFAR-F,S2,PaFAR-F,,285,0.12898
1,S2 PaFAR-F,S2,PaFAR-F,,286,0.106281
1,S2 PaFAR-F,S2,PaFAR-F,,287,0.073154
1,S2 PaFAR-F,S2,PaFAR-F,,288,0.083602
1,S2 PaFAR-F,S2,PaFAR-F,,289,0.110107
1,S2 PaFAR-F,S2,PaFAR-F,,290,0.08959
1,S2 PaFAR-F,S2,PaFAR-F,,291,0.083916
1,S2 PaFAR-F,S2,PaFAR-F,,292,0.080239
1,S2 PaFAR-F,S2,PaFAR-F,,293,0.087742
1,S2 PaFAR-F,S2,PaFAR-F,,294,0.096497
1,S2 PaFAR-F,S2,PaFAR-F,,295,0.109608
1,S2 PaFAR-F,S2,PaFAR-F,,296,0.097181
1,S2 PaFAR-F,S2,PaFAR-F,,297,0.107415
1,S2 PaFAR-F,S2,PaFAR-F,,298,0.115128
1,S2 PaFAR-F,S2,PaFAR-F,,299,0.093547
1,S2 PaFAR-F,S2,PaFAR-F,,300,0.09639
1,S2 PaFAR-F,S2,PaFAR-F,,301,0.095923
1,S2 PaFAR-F,S2,PaFAR-F,,302,0.104143
1,S2 PaFAR-F,S2,PaFAR-F,,303,0.107656
1,S2 PaFAR-F,S2,PaFAR-F,,304,0.111006
1,S2 PaFAR-F,S2,PaFAR-F,,305,0.10748
1,S2 PaFAR-F,S2,PaFAR-F,,306,0.084109
1,S2 PaFAR-F,S2,PaFAR-F,,307,0.090408
1,S2 PaFAR-F,S2,PaFAR-F,,308,0.10096
1,S2 PaFAR-F,S2,PaFAR-F,,309,0.108559
1,S2 PaFAR-F,S2,PaFAR-F,,310,0.113947
1,S2 PaFAR-F,S2,PaFAR-F,,311,0.112536
1,S2 PaFAR-F,S2,PaFAR-F,,312,0.099307
1,S2 PaFAR-F,S2,PaFAR-F,,313,0.078469
1,S2 PaFAR-F,S2,PaFAR-F,,314,0.114615
1,S2 PaFAR-F,S2,PaFAR-F,,315,0.092176
1,S2 PaFAR-F,S2,PaFAR-F,,316,0.103925
1,S2 PaFAR-F,S2,PaFAR-F,,317,0.121315
1,S2 PaFAR-F,S2,PaFAR-F,,318,0.080256
1,S2 PaFAR-F,S2,PaFAR-F,,319,0.108734
1,S2 PaFAR-F,S2,PaFAR-F,,320,0.107885
1,S2 PaFAR-F,S2,PaFAR-F,,321,0.081751
1,S2 PaFAR-F,S2,PaFAR-F,,322,0.089555
1,S2 PaFAR-F,S2,PaFAR-F,,323,0.109121
1,S2 PaFAR-F,S2,PaFAR-F,,324,0.102146
1,S2 PaFAR-F,S2,PaFAR-F,,325,0.109726
1,S2 PaFAR-F,S2,PaFAR-F,,326,0.095554
1,S2 PaFAR-F,S2,PaFAR-F,,327,0.120384
1,S2 PaFAR-F,S2,PaFAR-F,,328,0.119897
1,S2 PaFAR-F,S2,PaFAR-F,,329,0.084514
1,S2 PaFAR-F,S2,PaFAR-F,,330,0.117322
1,S2 PaFAR-F,S2,PaFAR-F,,331,0.090945
1,S2 PaFAR-F,S2,PaFAR-F,,332,0.099716
1,S2 PaFAR-F,S2,PaFAR-F,,333,0.083989
1,S2 PaFAR-F,S2,PaFAR-F,,334,0.106269
1,S2 PaFAR-F,S2,PaFAR-F,,335,0.100139
1,S2 PaFAR-F,S2,PaFAR-F,,336,0.102059
1,S2 PaFAR-F,S2,PaFAR-F,,337,0.07863
1,S2 PaFAR-F,S2,PaFAR-F,,338,0.082296
1,S2 PaFAR-F,S2,PaFAR-F,,339,0.088687
1,S2 PaFAR-F,S2,PaFAR-F,,340,0.096041
1,S2 PaFAR-F,S2,PaFAR-F,,341,0.10486
1,S2 PaFAR-F,S2,PaFAR-F,,342,0.104756
1,S2 PaFAR-F,S2,PaFAR-F,,343,0.097295
1,S2 PaFAR-F,S2,PaFAR-F,,344,0.102013
1,S2 PaFAR-F,S2,PaFAR-F,,345,0.094123
1,S2 PaFAR-F,S2,PaFAR-F,,346,0.075254
1,S2 PaFAR-F,S2,PaFAR-F,,347,0.104108
1,S2 PaFAR-F,S2,PaFAR-F,,348,0.101464
1,S2 PaFAR-F,S2,PaFAR-F,,349,0.078541
1,S2 PaFAR-F,S2,PaFAR-F,,350,0.094277
1,S2 PaFAR-F,S2,PaFAR-F,,351,0.101657
1,S2 PaFAR-F,S2,PaFAR-F,,352,0.107014
1,S2 PaFAR-F,S2,PaFAR-F,,353,0.07847
1,S2 PaFAR-F,S2,PaFAR-F,,354,0.081365
1,S2 PaFAR-F,S2,PaFAR-F,,355,0.104512
1,S2 PaFAR-F,S2,PaFAR-F,,356,0.094982
1,S2 PaFAR-F,S2,PaFAR-F,,357,0.109249
1,S2 PaFAR-F,S2,PaFAR-F,,358,0.11797
1,S2 PaFAR-F,S2,PaFAR-F,,359,0.121951
1,S2 PaFAR-F,S2,PaFAR-F,,360,0.086656
1,S2 PaFAR-F,S2,PaFAR-F,,361,0.082987
1,S2 PaFAR-F,S2,PaFAR-F,,362,0.090131
1,S2 PaFAR-F,S2,PaFAR-F,,363,0.112198
1,S2 PaFAR-F,S2,PaFAR-F,,364,0.092458
1,S2 PaFAR-F,S2,PaFAR-F,,365,0.116279
1,S2 PaFAR-F,S2,PaFAR-F,,366,0.100748
1,S2 PaFAR-F,S2,PaFAR-F,,367,0.102227
1,S2 PaFAR-F,S2,PaFAR-F,,368,0.090325
1,S2 PaFAR-F,S2,PaFAR-F,,369,0.070585
1,S2 PaFAR-F,S2,PaFAR-F,,370,0.094684
1,S2 PaFAR-F,S2,PaFAR-F,,371,0.088643
1,S2 PaFAR-F,S2,PaFAR-F,,372,0.122383
1,S2 PaFAR-F,S2,PaFAR-F,,373,0.101899
1,S2 PaFAR-F,S2,PaFAR-F,,374,0.091442
1,S2 PaFAR-F,S2,PaFAR-F,,375,0.090644
1,S2 PaFAR-F,S2,PaFAR-F,,376,0.10807
1,S2 PaFAR-F,S2,PaFAR-F,,377,0.0979
1,S2 PaFAR-F,S2,PaFAR-F,,378,0.085842
1,S2 PaFAR-F,S2,PaFAR-F,,379,0.093799
1,S2 PaFAR-F,S2,PaFAR-F,,380,0.102372
1,S2 PaFAR-F,S2,PaFAR-F,,381,0.103598
1,S2 PaFAR-F,S2,PaFAR-F,,382,0.080227
1,S2 PaFAR-F,S2,PaFAR-F,,383,0.104151
1,S2 PaFAR-F,S2,PaFAR-F,,384,0.085352
1,S2 PaFAR-F,S2,PaFAR-F,,385,0.081045
1,S2 PaFAR-F,S2,PaFAR-F,,386,0.127034
1,S2 PaFAR-F,S2,PaFAR-F,,387,0.099905
1,S2 PaFAR-F,S2,PaFAR-F,,388,0.106655
1,S2 PaFAR-F,S2,PaFAR-F,,389,0.106056
1,S2 PaFAR-F,S2,PaFAR-F,,390,0.092793
1,S2 PaFAR-F,S2,PaFAR-F,,391,0.110946
1,S2 PaFAR-F,S2,PaFAR-F,,392,0.102606
1,S2 PaFAR-F,S2,PaFAR-F,,393,0.12096
1,S2 PaFAR-F,S2,PaFAR-F,,394,0.092934
1,S2 PaFAR-F,S2,PaFAR-F,,395,0.108246
1,S2 PaFAR-F,S2,PaFAR-F,,396,0.094369
1,S2 PaFAR-F,S2,PaFAR-F,,397,0.094891
1,S2 PaFAR-F,S2,PaFAR-F,,398,0.140093
1,S2 PaFAR-F,S2,PaFAR-F,,399,0.097471
1,S2 PaFAR-F,S2,PaFAR-F,,400,0.098054
1,S2 PaFAR-F,S2,PaFAR-F,,401,0.104805
1,S2 PaFAR-F,S2,PaFAR-F,,402,0.07101
1,S2 PaFAR-F,S2,PaFAR-F,,403,0.099997
1,S2 PaFAR-F,S2,PaFAR-F,,404,0.100907
1,S2 PaFAR-F,S2,PaFAR-F,,405,0.095686
1,S2 PaFAR-F,S2,PaFAR-F,,406,0.107915
1,S2 PaFAR-F,S2,PaFAR-F,,407,0.082735
1,S2 PaFAR-F,S2,PaFAR-F,,408,0.124135
1,S2 PaFAR-F,S2,PaFAR-F,,409,0.100205
1,S2 PaFAR-F,S2,PaFAR-F,,410,0.11432
1,S2 PaFAR-F,S2,PaFAR-F,,411,0.083127
1,S2 PaFAR-F,S2,PaFAR-F,,412,0.101633
1,S2 PaFAR-F,S2,PaFAR-F,,413,0.101972
1,S2 PaFAR-F,S2,PaFAR-F,,414,0.102943
1,S2 PaFAR-F,S2,PaFAR-F,,415,0.111609
1,S2 PaFAR-F,S2,PaFAR-F,,416,0.080032
1,S2 PaFAR-F,S2,PaFAR-F,,417,0.080231
1,S2 PaFAR-F,S2,PaFAR-F,,418,0.103453
1,S2 PaFAR-F,S2,PaFAR-F,,419,0.109352
1,S2 PaFAR-F,S2,PaFAR-F,,420,0.099422
1,S2 PaFAR-F,S2,PaFAR-F,,421,0.09584
1,S2 PaFAR-F,S2,PaFAR-F,,422,0.091944
1,S2 PaFAR-F,S2,PaFAR-F,,423,0.092416
1,S2 PaFAR-F,S2,PaFAR-F,,424,0.113413
1,S2 PaFAR-F,S2,PaFAR-F,,425,0.144086
1,S2 PaFAR-F,S2,PaFAR-F,,426,0.101842
1,S2 PaFAR-F,S2,PaFAR-F,,427,0.09312
1,S2 PaFAR-F,S2,PaFAR-F,,428,0.087355
1,S2 PaFAR-F,S2,PaFAR-F,,429,0.087531
1,S2 PaFAR-F,S2,PaFAR-F,,430,0.10372
1,S2 PaFAR-F,S2,PaFAR-F,,431,0.093709
1,S2 PaFAR-F,S2,PaFAR-F,,432,0.107054
1,S2 PaFAR-F,S2,PaFAR-F,,433,0.116332
1,S2 PaFAR-F,S2,PaFAR-F,,434,0.127218
1,S2 PaFAR-F,S2,PaFAR-F,,435,0.116516
1,S2 PaFAR-F,S2,PaFAR-F,,436,0.076261
1,S2 PaFAR-F,S2,PaFAR-F,,437,0.078844
1,S2 PaFAR-F,S2,PaFAR-F,,438,0.088727
1,S2 PaFAR-F,S2,PaFAR-F,,439,0.086286
1,S2 PaFAR-F,S2,PaFAR-F,,440,0.101083
1,S2 PaFAR-F,S2,PaFAR-F,,441,0.090088
1,S2 PaFAR-F,S2,PaFAR-F,,442,0.101595
1,S2 PaFAR-F,S2,PaFAR-F,,443,0.100102
1,S2 PaFAR-F,S2,PaFAR-F,,444,0.086205
1,S2 PaFAR-F,S2,PaFAR-F,,445,0.107377
1,S2 PaFAR-F,S2,PaFAR-F,,446,0.096048
1,S2 PaFAR-F,S2,PaFAR-F,,447,0.102966
1,S2 PaFAR-F,S2,PaFAR-F,,448,0.086384
1,S2 PaFAR-F,S2,PaFAR-F,,449,0.090151
1,S2 PaFAR-F,S2,PaFAR-F,,450,0.090432
1,S2 PaFAR-F,S2,PaFAR-F,,451,0.106494
1,S2 PaFAR-F,S2,PaFAR-F,,452,0.121073
1,S2 PaFAR-F,S2,PaFAR-F,,453,0.101941
1,S2 PaFAR-F,S2,PaFAR-F,,454,0.091494
1,S2 PaFAR-F,S2,PaFAR-F,,455,0.098157
1,S2 PaFAR-F,S2,PaFAR-F,,456,0.086737
1,S2 PaFAR-F,S2,PaFAR-F,,457,0.095807
1,S2 PaFAR-F,S2,PaFAR-F,,458,0.06999
1,S2 PaFAR-F,S2,PaFAR-F,,459,0.101433
1,S2 PaFAR-F,S2,PaFAR-F,,460,0.088435
1,S2 PaFAR-F,S2,PaFAR-F,,461,0.121501
1,S2 PaFAR-F,S2,PaFAR-F,,462,0.138439
1,S2 PaFAR-F,S2,PaFAR-F,,463,0.092745
1,S2 PaFAR-F,S2,PaFAR-F,,464,0.095134
1,S2 PaFAR-F,S2,PaFAR-F,,465,0.134932
1,S2 PaFAR-F,S2,PaFAR-F,,466,0.089867
1,S2 PaFAR-F,S2,PaFAR-F,,467,0.098008
1,S2 PaFAR-F,S2,PaFAR-F,,468,0.117333
1,S2 PaFAR-F,S2,PaFAR-F,,469,0.084979
1,S2 PaFAR-F,S2,PaFAR-F,,470,0.106848
1,S2 PaFAR-F,S2,PaFAR-F,,471,0.109139
1,S2 PaFAR-F,S2,PaFAR-F,,472,0.081404
1,S2 PaFAR-F,S2,PaFAR-F,,473,0.108488
1,S2 PaFAR-F,S2,PaFAR-F,,474,0.101339
1,S2 PaFAR-F,S2,PaFAR-F,,475,0.105045
1,S2 PaFAR-F,S2,PaFAR-F,,476,0.093102
1,S2 PaFAR-F,S2,PaFAR-F,,477,0.102959
1,S2 PaFAR-F,S2,PaFAR-F,,478,0.110317
1,S2 PaFAR-F,S2,PaFAR-F,,479,0.105678
1,S2 PaFAR-F,S2,PaFAR-F,,480,0.115103
1,S2 PaFAR-F,S2,PaFAR-F,,481,0.097397
1,S2 PaFAR-F,S2,PaFAR-F,,482,0.099855
1,S2 PaFAR-F,S2,PaFAR-F,,483,0.111871
1,S2 PaFAR-F,S2,PaFAR-F,,484,0.121964
1,S2 PaFAR-F,S2,PaFAR-F,,485,0.093016
1,S2 PaFAR-F,S2,PaFAR-F,,486,0.118655
1,S2 PaFAR-F,S2,PaFAR-F,,487,0.108316
1,S2 PaFAR-F,S2,PaFAR-F,,488,0.098172
1,S2 PaFAR-F,S2,PaFAR-F,,489,0.088904
1,S2 PaFAR-F,S2,PaFAR-F,,490,0.094206
1,S2 PaFAR-F,S2,PaFAR-F,,491,0.094651
1,S2 PaFAR-F,S2,PaFAR-F,,492,0.113062
1,S2 PaFAR-F,S2,PaFAR-F,,493,0.113468
1,S2 PaFAR-F,S2,PaFAR-F,,494,0.123715
1,S2 PaFAR-F,S2,PaFAR-F,,495,0.110246
1,S2 PaFAR-F,S2,PaFAR-F,,496,0.095443
1,S2 PaFAR-F,S2,PaFAR-F,,497,0.100932
1,S2 PaFAR-F,S2,PaFAR-F,,498,0.103098
1,S2 PaFAR-F,S2,PaFAR-F,,499,0.081151
1,S2 PaFAR-HC,S2,PaFAR-HC,,0,0.063792
1,S2 PaFAR-HC,S2,PaFAR-HC,,1,0.065584
1,S2 PaFAR-HC,S2,PaFAR-HC,,2,0.073404
1,S2 PaFAR-HC,S2,PaFAR-HC,,3,0.051214
1,S2 PaFAR-HC,S2,PaFAR-HC,,4,0.078696
1,S2 PaFAR-HC,S2,PaFAR-HC,,5,0.067143
1,S2 PaFAR-HC,S2,PaFAR-HC,,6,0.079993
1,S2 PaFAR-HC,S2,PaFAR-HC,,7,0.085446
1,S2 PaFAR-HC,S2,PaFAR-HC,,8,0.078051
1,S2 PaFAR-HC,S2,PaFAR-HC,,9,0.08374
1,S2 PaFAR-HC,S2,PaFAR-HC,,10,0.088486
1,S2 PaFAR-HC,S2,PaFAR-HC,,11,0.103925
1,S2 PaFAR-HC,S2,PaFAR-HC,,12,0.09312
1,S2 PaFAR-HC,S2,PaFAR-HC,,13,0.087467
1,S2 PaFAR-HC,S2,PaFAR-HC,,14,0.077122
1,S2 PaFAR-HC,S2,PaFAR-HC,,15,0.081994
1,S2 PaFAR-HC,S2,PaFAR-HC,,16,0.085532
1,S2 PaFAR-HC,S2,PaFAR-HC,,17,0.061104
1,S2 PaFAR-HC,S2,PaFAR-HC,,18,0.078862
1,S2 PaFAR-HC,S2,PaFAR-HC,,19,0.07009
1,S2 PaFAR-HC,S2,PaFAR-HC,,20,0.072712
1,S2 PaFAR-HC,S2,PaFAR-HC,,21,0.068967
1,S2 PaFAR-HC,S2,PaFAR-HC,,22,0.067521
1,S2 PaFAR-HC,S2,PaFAR-HC,,23,0.063426
1,S2 PaFAR-HC,S2,PaFAR-HC,,24,0.063416
1,S2 PaFAR-HC,S2,PaFAR-HC,,25,0.074437
1,S2 PaFAR-HC,S2,PaFAR-HC,,26,0.076619
1,S2 PaFAR-HC,S2,PaFAR-HC,,27,0.089553
1,S2 PaFAR-HC,S2,PaFAR-HC,,28,0.09337
1,S2 PaFAR-HC,S2,PaFAR-HC,,29,0.084162
1,S2 PaFAR-HC,S2,PaFAR-HC,,30,0.101578
1,S2 PaFAR-HC,S2,PaFAR-HC,,31,0.092463
1,S2 PaFAR-HC,S2,PaFAR-HC,,32,0.080068
1,S2 PaFAR-HC,S2,PaFAR-HC,,33,0.075099
1,S2 PaFAR-HC,S2,PaFAR-HC,,34,0.07323
1,S2 PaFAR-HC,S2,PaFAR-HC,,35,0.081183
1,S2 PaFAR-HC,S2,PaFAR-HC,,36,0.066458
1,S2 PaFAR-HC,S2,PaFAR-HC,,37,0.072089
1,S2 PaFAR-HC,S2,PaFAR-HC,,38,0.073215
1,S2 PaFAR-HC,S2,PaFAR-HC,,39,0.068318
1,S2 PaFAR-HC,S2,PaFAR-HC,,40,0.094962
1,S2 PaFAR-HC,S2,PaFAR-HC,,41,0.063915
1,S2 PaFAR-HC,S2,PaFAR-HC,,42,0.07917
1,S2 PaFAR-HC,S2,PaFAR-HC,,43,0.067566
1,S2 PaFAR-HC,S2,PaFAR-HC,,44,0.094741
1,S2 PaFAR-HC,S2,PaFAR-HC,,45,0.07776
1,S2 PaFAR-HC,S2,PaFAR-HC,,46,0.072276
1,S2 PaFAR-HC,S2,PaFAR-HC,,47,0.054861
1,S2 PaFAR-HC,S2,PaFAR-HC,,48,0.076746
1,S2 PaFAR-HC,S2,PaFAR-HC,,49,0.071931
1,S2 PaFAR-HC,S2,PaFAR-HC,,50,0.063312
1,S2 PaFAR-HC,S2,PaFAR-HC,,51,0.079574
1,S2 PaFAR-HC,S2,PaFAR-HC,,52,0.066637
1,S2 PaFAR-HC,S2,PaFAR-HC,,53,0.061524
1,S2 PaFAR-HC,S2,PaFAR-HC,,54,0.091986
1,S2 PaFAR-HC,S2,PaFAR-HC,,55,0.086796
1,S2 PaFAR-HC,S2,PaFAR-HC,,56,0.062911
1,S2 PaFAR-HC,S2,PaFAR-HC,,57,0.078556
1,S2 PaFAR-HC,S2,PaFAR-HC,,58,0.081641
1,S2 PaFAR-HC,S2,PaFAR-HC,,59,0.060174
1,S2 PaFAR-HC,S2,PaFAR-HC,,60,0.079387
1,S2 PaFAR-HC,S2,PaFAR-HC,,61,0.087524
1,S2 PaFAR-HC,S2,PaFAR-HC,,62,0.068561
1,S2 PaFAR-HC,S2,PaFAR-HC,,63,0.068665
1,S2 PaFAR-HC,S2,PaFAR-HC,,64,0.071215
1,S2 PaFAR-HC,S2,PaFAR-HC,,65,0.055696
1,S2 PaFAR-HC,S2,PaFAR-HC,,66,0.060191
1,S2 PaFAR-HC,S2,PaFAR-HC,,67,0.071096
1,S2 PaFAR-HC,S2,PaFAR-HC,,68,0.086389
1,S2 PaFAR-HC,S2,PaFAR-HC,,69,0.063138
1,S2 PaFAR-HC,S2,PaFAR-HC,,70,0.067076
1,S2 PaFAR-HC,S2,PaFAR-HC,,71,0.091862
1,S2 PaFAR-HC,S2,PaFAR-HC,,72,0.07115
1,S2 PaFAR-HC,S2,PaFAR-HC,,73,0.072456
1,S2 PaFAR-HC,S2,PaFAR-HC,,74,0.086244
1,S2 PaFAR-HC,S2,PaFAR-HC,,75,0.072171
1,S2 PaFAR-HC,S2,PaFAR-HC,,76,0.055864
1,S2 PaFAR-HC,S2,PaFAR-HC,,77,0.063516
1,S2 PaFAR-HC,S2,PaFAR-HC,,78,0.080941
1,S2 PaFAR-HC,S2,PaFAR-HC,,79,0.092665
1,S2 PaFAR-HC,S2,PaFAR-HC,,80,0.076828
1,S2 PaFAR-HC,S2,PaFAR-HC,,81,0.074511
1,S2 PaFAR-HC,S2,PaFAR-HC,,82,0.080997
1,S2 PaFAR-HC,S2,PaFAR-HC,,83,0.091846
1,S2 PaFAR-HC,S2,PaFAR-HC,,84,0.058557
1,S2 PaFAR-HC,S2,PaFAR-HC,,85,0.082548
1,S2 PaFAR-HC,S2,PaFAR-HC,,86,0.073134
1,S2 PaFAR-HC,S2,PaFAR-HC,,87,0.077389
1,S2 PaFAR-HC,S2,PaFAR-HC,,88,0.068565
1,S2 PaFAR-HC,S2,PaFAR-HC,,89,0.056544
1,S2 PaFAR-HC,S2,PaFAR-HC,,90,0.069159
1,S2 PaFAR-HC,S2,PaFAR-HC,,91,0.078482
1,S2 PaFAR-HC,S2,PaFAR-HC,,92,0.101458
1,S2 PaFAR-HC,S2,PaFAR-HC,,93,0.081605
1,S2 PaFAR-HC,S2,PaFAR-HC,,94,0.070696
1,S2 PaFAR-HC,S2,PaFAR-HC,,95,0.067192
1,S2 PaFAR-HC,S2,PaFAR-HC,,96,0.073339
1,S2 PaFAR-HC,S2,PaFAR-HC,,97,0.073403
1,S2 PaFAR-HC,S2,PaFAR-HC,,98,0.107593
1,S2 PaFAR-HC,S2,PaFAR-HC,,99,0.06768
1,S2 PaFAR-HC,S2,PaFAR-HC,,100,0.080533
1,S2 PaFAR-HC,S2,PaFAR-HC,,101,0.059412
1,S2 PaFAR-HC,S2,PaFAR-HC,,102,0.086189
1,S2 PaFAR-HC,S2,PaFAR-HC,,103,0.072029
1,S2 PaFAR-HC,S2,PaFAR-HC,,104,0.071694
1,S2 PaFAR-HC,S2,PaFAR-HC,,105,0.07465
1,S2 PaFAR-HC,S2,PaFAR-HC,,106,0.058159
1,S2 PaFAR-HC,S2,PaFAR-HC,,107,0.074775
1,S2 PaFAR-HC,S2,PaFAR-HC,,108,0.081809
1,S2 PaFAR-HC,S2,PaFAR-HC,,109,0.074153
1,S2 PaFAR-HC,S2,PaFAR-HC,,110,0.077495
1,S2 PaFAR-HC,S2,PaFAR-HC,,111,0.081603
1,S2 PaFAR-HC,S2,PaFAR-HC,,112,0.066796
1,S2 PaFAR-HC,S2,PaFAR-HC,,113,0.074324
1,S2 PaFAR-HC,S2,PaFAR-HC,,114,0.085925
1,S2 PaFAR-HC,S2,PaFAR-HC,,115,0.06947
1,S2 PaFAR-HC,S2,PaFAR-HC,,116,0.081041
1,S2 PaFAR-HC,S2,PaFAR-HC,,117,0.079485
1,S2 PaFAR-HC,S2,PaFAR-HC,,118,0.061445
1,S2 PaFAR-HC,S2,PaFAR-HC,,119,0.071544
1,S2 PaFAR-HC,S2,PaFAR-HC,,120,0.062214
1,S2 PaFAR-HC,S2,PaFAR-HC,,121,0.063419
1,S2 PaFAR-HC,S2,PaFAR-HC,,122,0.080057
1,S2 PaFAR-HC,S2,PaFAR-HC,,123,0.049002
1,S2 PaFAR-HC,S2,PaFAR-HC,,124,0.05155
1,S2 PaFAR-HC,S2,PaFAR-HC,,125,0.063354
1,S2 PaFAR-HC,S2,PaFAR-HC,,126,0.066993
1,S2 PaFAR-HC,S2,PaFAR-HC,,127,0.086536
1,S2 PaFAR-HC,S2,PaFAR-HC,,128,0.066977
1,S2 PaFAR-HC,S2,PaFAR-HC,,129,0.06135
1,S2 PaFAR-HC,S2,PaFAR-HC,,130,0.085718
1,S2 PaFAR-HC,S2,PaFAR-HC,,131,0.07568
1,S2 PaFAR-HC,S2,PaFAR-HC,,132,0.079974
1,S2 PaFAR-HC,S2,PaFAR-HC,,133,0.076335
1,S2 PaFAR-HC,S2,PaFAR-HC,,134,0.068914
1,S2 PaFAR-HC,S2,PaFAR-HC,,135,0.070114
1,S2 PaFAR-HC,S2,PaFAR-HC,,136,0.0706
1,S2 PaFAR-HC,S2,PaFAR-HC,,137,0.08555
1,S2 PaFAR-HC,S2,PaFAR-HC,,138,0.074076
1,S2 PaFAR-HC,S2,PaFAR-HC,,139,0.078668
1,S2 PaFAR-HC,S2,PaFAR-HC,,140,0.058366
1,S2 PaFAR-HC,S2,PaFAR-HC,,141,0.068931
1,S2 PaFAR-HC,S2,PaFAR-HC,,142,0.071688
1,S2 PaFAR-HC,S2,PaFAR-HC,,143,0.089544
1,S2 PaFAR-HC,S2,PaFAR-HC,,144,0.084593
1,S2 PaFAR-HC,S2,PaFAR-HC,,145,0.086949
1,S2 PaFAR-HC,S2,PaFAR-HC,,146,0.065801
1,S2 PaFAR-HC,S2,PaFAR-HC,,147,0.105702
1,S2 PaFAR-HC,S2,PaFAR-HC,,148,0.08474
1,S2 PaFAR-HC,S2,PaFAR-HC,,149,0.094882
1,S2 PaFAR-HC,S2,PaFAR-HC,,150,0.083977
1,S2 PaFAR-HC,S2,PaFAR-HC,,151,0.071979
1,S2 PaFAR-HC,S2,PaFAR-HC,,152,0.076784
1,S2 PaFAR-HC,S2,PaFAR-HC,,153,0.091765
1,S2 PaFAR-HC,S2,PaFAR-HC,,154,0.057823
1,S2 PaFAR-HC,S2,PaFAR-HC,,155,0.0949
1,S2 PaFAR-HC,S2,PaFAR-HC,,156,0.079139
1,S2 PaFAR-HC,S2,PaFAR-HC,,157,0.075066
1,S2 PaFAR-HC,S2,PaFAR-HC,,158,0.078993
1,S2 PaFAR-HC,S2,PaFAR-HC,,159,0.093766
1,S2 PaFAR-HC,S2,PaFAR-HC,,160,0.067567
1,S2 PaFAR-HC,S2,PaFAR-HC,,161,0.064305
1,S2 PaFAR-HC,S2,PaFAR-HC,,162,0.063882
1,S2 PaFAR-HC,S2,PaFAR-HC,,163,0.071647
1,S2 PaFAR-HC,S2,PaFAR-HC,,164,0.083979
1,S2 PaFAR-HC,S2,PaFAR-HC,,165,0.090194
1,S2 PaFAR-HC,S2,PaFAR-HC,,166,0.052717
1,S2 PaFAR-HC,S2,PaFAR-HC,,167,0.076024
1,S2 PaFAR-HC,S2,PaFAR-HC,,168,0.059253
1,S2 PaFAR-HC,S2,PaFAR-HC,,169,0.08359
1,S2 PaFAR-HC,S2,PaFAR-HC,,170,0.094306
1,S2 PaFAR-HC,S2,PaFAR-HC,,171,0.096163
1,S2 PaFAR-HC,S2,PaFAR-HC,,172,0.081125
1,S2 PaFAR-HC,S2,PaFAR-HC,,173,0.083545
1,S2 PaFAR-HC,S2,PaFAR-HC,,174,0.068586
1,S2 PaFAR-HC,S2,PaFAR-HC,,175,0.056847
1,S2 PaFAR-HC,S2,PaFAR-HC,,176,0.07775
1,S2 PaFAR-HC,S2,PaFAR-HC,,177,0.056619
1,S2 PaFAR-HC,S2,PaFAR-HC,,178,0.087249
1,S2 PaFAR-HC,S2,PaFAR-HC,,179,0.096824
1,S2 PaFAR-HC,S2,PaFAR-HC,,180,0.060975
1,S2 PaFAR-HC,S2,PaFAR-HC,,181,0.083654
1,S2 PaFAR-HC,S2,PaFAR-HC,,182,0.088113
1,S2 PaFAR-HC,S2,PaFAR-HC,,183,0.079906
1,S2 PaFAR-HC,S2,PaFAR-HC,,184,0.079993
1,S2 PaFAR-HC,S2,PaFAR-HC,,185,0.08879
1,S2 PaFAR-HC,S2,PaFAR-HC,,186,0.086869
1,S2 PaFAR-HC,S2,PaFAR-HC,,187,0.058685
1,S2 PaFAR-HC,S2,PaFAR-HC,,188,0.058358
1,S2 PaFAR-HC,S2,PaFAR-HC,,189,0.070116
1,S2 PaFAR-HC,S2,PaFAR-HC,,190,0.084662
1,S2 PaFAR-HC,S2,PaFAR-HC,,191,0.093651
1,S2 PaFAR-HC,S2,PaFAR-HC,,192,0.068968
1,S2 PaFAR-HC,S2,PaFAR-HC,,193,0.077732
1,S2 PaFAR-HC,S2,PaFAR-HC,,194,0.052619
1,S2 PaFAR-HC,S2,PaFAR-HC,,195,0.073825
1,S2 PaFAR-HC,S2,PaFAR-HC,,196,0.085477
1,S2 PaFAR-HC,S2,PaFAR-HC,,197,0.091021
1,S2 PaFAR-HC,S2,PaFAR-HC,,198,0.079308
1,S2 PaFAR-HC,S2,PaFAR-HC,,199,0.06432
1,S2 PaFAR-HC,S2,PaFAR-HC,,200,0.06624
1,S2 PaFAR-HC,S2,PaFAR-HC,,201,0.068269
1,S2 PaFAR-HC,S2,PaFAR-HC,,202,0.076335
1,S2 PaFAR-HC,S2,PaFAR-HC,,203,0.07057
1,S2 PaFAR-HC,S2,PaFAR-HC,,204,0.094501
1,S2 PaFAR-HC,S2,PaFAR-HC,,205,0.078521
1,S2 PaFAR-HC,S2,PaFAR-HC,,206,0.076468
1,S2 PaFAR-HC,S2,PaFAR-HC,,207,0.077795
1,S2 PaFAR-HC,S2,PaFAR-HC,,208,0.07439
1,S2 PaFAR-HC,S2,PaFAR-HC,,209,0.073546
1,S2 PaFAR-HC,S2,PaFAR-HC,,210,0.090743
1,S2 PaFAR-HC,S2,PaFAR-HC,,211,0.081932
1,S2 PaFAR-HC,S2,PaFAR-HC,,212,0.084989
1,S2 PaFAR-HC,S2,PaFAR-HC,,213,0.085722
1,S2 PaFAR-HC,S2,PaFAR-HC,,214,0.064846
1,S2 PaFAR-HC,S2,PaFAR-HC,,215,0.076116
1,S2 PaFAR-HC,S2,PaFAR-HC,,216,0.083351
1,S2 PaFAR-HC,S2,PaFAR-HC,,217,0.076128
1,S2 PaFAR-HC,S2,PaFAR-HC,,218,0.096273
1,S2 PaFAR-HC,S2,PaFAR-HC,,219,0.091108
1,S2 PaFAR-HC,S2,PaFAR-HC,,220,0.063816
1,S2 PaFAR-HC,S2,PaFAR-HC,,221,0.09426
1,S2 PaFAR-HC,S2,PaFAR-HC,,222,0.079285
1,S2 PaFAR-HC,S2,PaFAR-HC,,223,0.058821
1,S2 PaFAR-HC,S2,PaFAR-HC,,224,0.063532
1,S2 PaFAR-HC,S2,PaFAR-HC,,225,0.098376
1,S2 PaFAR-HC,S2,PaFAR-HC,,226,0.065934
1,S2 PaFAR-HC,S2,PaFAR-HC,,227,0.082494
1,S2 PaFAR-HC,S2,PaFAR-HC,,228,0.062906
1,S2 PaFAR-HC,S2,PaFAR-HC,,229,0.075066
1,S2 PaFAR-HC,S2,PaFAR-HC,,230,0.066083
1,S2 PaFAR-HC,S2,PaFAR-HC,,231,0.074348
1,S2 PaFAR-HC,S2,PaFAR-HC,,232,0.075542
1,S2 PaFAR-HC,S2,PaFAR-HC,,233,0.067892
1,S2 PaFAR-HC,S2,PaFAR-HC,,234,0.069307
1,S2 PaFAR-HC,S2,PaFAR-HC,,235,0.077586
1,S2 PaFAR-HC,S2,PaFAR-HC,,236,0.074273
1,S2 PaFAR-HC,S2,PaFAR-HC,,237,0.059903
1,S2 PaFAR-HC,S2,PaFAR-HC,,238,0.07984
1,S2 PaFAR-HC,S2,PaFAR-HC,,239,0.083953
1,S2 PaFAR-HC,S2,PaFAR-HC,,240,0.067292
1,S2 PaFAR-HC,S2,PaFAR-HC,,241,0.059722
1,S2 PaFAR-HC,S2,PaFAR-HC,,242,0.097356
1,S2 PaFAR-HC,S2,PaFAR-HC,,243,0.082826
1,S2 PaFAR-HC,S2,PaFAR-HC,,244,0.081337
1,S2 PaFAR-HC,S2,PaFAR-HC,,245,0.096367
1,S2 PaFAR-HC,S2,PaFAR-HC,,246,0.091653
1,S2 PaFAR-HC,S2,PaFAR-HC,,247,0.077346
1,S2 PaFAR-HC,S2,PaFAR-HC,,248,0.068449
1,S2 PaFAR-HC,S2,PaFAR-HC,,249,0.069746
1,S2 PaFAR-HC,S2,PaFAR-HC,,250,0.075741
1,S2 PaFAR-HC,S2,PaFAR-HC,,251,0.086711
1,S2 PaFAR-HC,S2,PaFAR-HC,,252,0.062983
1,S2 PaFAR-HC,S2,PaFAR-HC,,253,0.076566
1,S2 PaFAR-HC,S2,PaFAR-HC,,254,0.093422
1,S2 PaFAR-HC,S2,PaFAR-HC,,255,0.067465
1,S2 PaFAR-HC,S2,PaFAR-HC,,256,0.098087
1,S2 PaFAR-HC,S2,PaFAR-HC,,257,0.050518
1,S2 PaFAR-HC,S2,PaFAR-HC,,258,0.064591
1,S2 PaFAR-HC,S2,PaFAR-HC,,259,0.079482
1,S2 PaFAR-HC,S2,PaFAR-HC,,260,0.060348
1,S2 PaFAR-HC,S2,PaFAR-HC,,261,0.080472
1,S2 PaFAR-HC,S2,PaFAR-HC,,262,0.080765
1,S2 PaFAR-HC,S2,PaFAR-HC,,263,0.087442
1,S2 PaFAR-HC,S2,PaFAR-HC,,264,0.086737
1,S2 PaFAR-HC,S2,PaFAR-HC,,265,0.08899
1,S2 PaFAR-HC,S2,PaFAR-HC,,266,0.094909
1,S2 PaFAR-HC,S2,PaFAR-HC,,267,0.066129
1,S2 PaFAR-HC,S2,PaFAR-HC,,268,0.064815
1,S2 PaFAR-HC,S2,PaFAR-HC,,269,0.08416
1,S2 PaFAR-HC,S2,PaFAR-HC,,270,0.083054
1,S2 PaFAR-HC,S2,PaFAR-HC,,271,0.065008
1,S2 PaFAR-HC,S2,PaFAR-HC,,272,0.076106
1,S2 PaFAR-HC,S2,PaFAR-HC,,273,0.089942
1,S2 PaFAR-HC,S2,PaFAR-HC,,274,0.075543
1,S2 PaFAR-HC,S2,PaFAR-HC,,275,0.098167
1,S2 PaFAR-HC,S2,PaFAR-HC,,276,0.06998
1,S2 PaFAR-HC,S2,PaFAR-HC,,277,0.078164
1,S2 PaFAR-HC,S2,PaFAR-HC,,278,0.071311
1,S2 PaFAR-HC,S2,PaFAR-HC,,279,0.087102
1,S2 PaFAR-HC,S2,PaFAR-HC,,280,0.082574
1,S2 PaFAR-HC,S2,PaFAR-HC,,281,0.082647
1,S2 PaFAR-HC,S2,PaFAR-HC,,282,0.07917
1,S2 PaFAR-HC,S2,PaFAR-HC,,283,0.083584
1,S2 PaFAR-HC,S2,PaFAR-HC,,284,0.070781
1,S2 PaFAR-HC,S2,PaFAR-HC,,285,0.101368
1,S2 PaFAR-HC,S2,PaFAR-HC,,286,0.069373
1,S2 PaFAR-HC,S2,PaFAR-HC,,287,0.058514
1,S2 PaFAR-HC,S2,PaFAR-HC,,288,0.06867
1,S2 PaFAR-HC,S2,PaFAR-HC,,289,0.074458
1,S2 PaFAR-HC,S2,PaFAR-HC,,290,0.071801
1,S2 PaFAR-HC,S2,PaFAR-HC,,291,0.064163
1,S2 PaFAR-HC,S2,PaFAR-HC,,292,0.067382
1,S2 PaFAR-HC,S2,PaFAR-HC,,293,0.072817
1,S2 PaFAR-HC,S2,PaFAR-HC,,294,0.073706
1,S2 PaFAR-HC,S2,PaFAR-HC,,295,0.06773
1,S2 PaFAR-HC,S2,PaFAR-HC,,296,0.073219
1,S2 PaFAR-HC,S2,PaFAR-HC,,297,0.086752
1,S2 PaFAR-HC,S2,PaFAR-HC,,298,0.090598
1,S2 PaFAR-HC,S2,PaFAR-HC,,299,0.068619
1,S2 PaFAR-HC,S2,PaFAR-HC,,300,0.068567
1,S2 PaFAR-HC,S2,PaFAR-HC,,301,0.075211
1,S2 PaFAR-HC,S2,PaFAR-HC,,302,0.081995
1,S2 PaFAR-HC,S2,PaFAR-HC,,303,0.082857
1,S2 PaFAR-HC,S2,PaFAR-HC,,304,0.096525
1,S2 PaFAR-HC,S2,PaFAR-HC,,305,0.076802
1,S2 PaFAR-HC,S2,PaFAR-HC,,306,0.069895
1,S2 PaFAR-HC,S2,PaFAR-HC,,307,0.065615
1,S2 PaFAR-HC,S2,PaFAR-HC,,308,0.087474
1,S2 PaFAR-HC,S2,PaFAR-HC,,309,0.076666
1,S2 PaFAR-HC,S2,PaFAR-HC,,310,0.085251
1,S2 PaFAR-HC,S2,PaFAR-HC,,311,0.090952
1,S2 PaFAR-HC,S2,PaFAR-HC,,312,0.080706
1,S2 PaFAR-HC,S2,PaFAR-HC,,313,0.057165
1,S2 PaFAR-HC,S2,PaFAR-HC,,314,0.086815
1,S2 PaFAR-HC,S2,PaFAR-HC,,315,0.068933
1,S2 PaFAR-HC,S2,PaFAR-HC,,316,0.079399
1,S2 PaFAR-HC,S2,PaFAR-HC,,317,0.095483
1,S2 PaFAR-HC,S2,PaFAR-HC,,318,0.05613
1,S2 PaFAR-HC,S2,PaFAR-HC,,319,0.089546
1,S2 PaFAR-HC,S2,PaFAR-HC,,320,0.095155
1,S2 PaFAR-HC,S2,PaFAR-HC,,321,0.063646
1,S2 PaFAR-HC,S2,PaFAR-HC,,322,0.068756
1,S2 PaFAR-HC,S2,PaFAR-HC,,323,0.067836
1,S2 PaFAR-HC,S2,PaFAR-HC,,324,0.077391
1,S2 PaFAR-HC,S2,PaFAR-HC,,325,0.09113
1,S2 PaFAR-HC,S2,PaFAR-HC,,326,0.060408
1,S2 PaFAR-HC,S2,PaFAR-HC,,327,0.082044
1,S2 PaFAR-HC,S2,PaFAR-HC,,328,0.077215
1,S2 PaFAR-HC,S2,PaFAR-HC,,329,0.075699
1,S2 PaFAR-HC,S2,PaFAR-HC,,330,0.076538
1,S2 PaFAR-HC,S2,PaFAR-HC,,331,0.07447
1,S2 PaFAR-HC,S2,PaFAR-HC,,332,0.085215
1,S2 PaFAR-HC,S2,PaFAR-HC,,333,0.066287
1,S2 PaFAR-HC,S2,PaFAR-HC,,334,0.077408
1,S2 PaFAR-HC,S2,PaFAR-HC,,335,0.080321
1,S2 PaFAR-HC,S2,PaFAR-HC,,336,0.072313
1,S2 PaFAR-HC,S2,PaFAR-HC,,337,0.059117
1,S2 PaFAR-HC,S2,PaFAR-HC,,338,0.061593
1,S2 PaFAR-HC,S2,PaFAR-HC,,339,0.072239
1,S2 PaFAR-HC,S2,PaFAR-HC,,340,0.08078
1,S2 PaFAR-HC,S2,PaFAR-HC,,341,0.085266
1,S2 PaFAR-HC,S2,PaFAR-HC,,342,0.088824
1,S2 PaFAR-HC,S2,PaFAR-HC,,343,0.070371
1,S2 PaFAR-HC,S2,PaFAR-HC,,344,0.082642
1,S2 PaFAR-HC,S2,PaFAR-HC,,345,0.070053
1,S2 PaFAR-HC,S2,PaFAR-HC,,346,0.064692
1,S2 PaFAR-HC,S2,PaFAR-HC,,347,0.083787
1,S2 PaFAR-HC,S2,PaFAR-HC,,348,0.087167
1,S2 PaFAR-HC,S2,PaFAR-HC,,349,0.0695
1,S2 PaFAR-HC,S2,PaFAR-HC,,350,0.067971
1,S2 PaFAR-HC,S2,PaFAR-HC,,351,0.079997
1,S2 PaFAR-HC,S2,PaFAR-HC,,352,0.079098
1,S2 PaFAR-HC,S2,PaFAR-HC,,353,0.060595
1,S2 PaFAR-HC,S2,PaFAR-HC,,354,0.050724
1,S2 PaFAR-HC,S2,PaFAR-HC,,355,0.086214
1,S2 PaFAR-HC,S2,PaFAR-HC,,356,0.075137
1,S2 PaFAR-HC,S2,PaFAR-HC,,357,0.071492
1,S2 PaFAR-HC,S2,PaFAR-HC,,358,0.088711
1,S2 PaFAR-HC,S2,PaFAR-HC,,359,0.100679
1,S2 PaFAR-HC,S2,PaFAR-HC,,360,0.061551
1,S2 PaFAR-HC,S2,PaFAR-HC,,361,0.065529
1,S2 PaFAR-HC,S2,PaFAR-HC,,362,0.078112
1,S2 PaFAR-HC,S2,PaFAR-HC,,363,0.093417
1,S2 PaFAR-HC,S2,PaFAR-HC,,364,0.06332
1,S2 PaFAR-HC,S2,PaFAR-HC,,365,0.097747
1,S2 PaFAR-HC,S2,PaFAR-HC,,366,0.071314
1,S2 PaFAR-HC,S2,PaFAR-HC,,367,0.072266
1,S2 PaFAR-HC,S2,PaFAR-HC,,368,0.069779
1,S2 PaFAR-HC,S2,PaFAR-HC,,369,0.059064
1,S2 PaFAR-HC,S2,PaFAR-HC,,370,0.082772
1,S2 PaFAR-HC,S2,PaFAR-HC,,371,0.065121
1,S2 PaFAR-HC,S2,PaFAR-HC,,372,0.09428
1,S2 PaFAR-HC,S2,PaFAR-HC,,373,0.081406
1,S2 PaFAR-HC,S2,PaFAR-HC,,374,0.075819
1,S2 PaFAR-HC,S2,PaFAR-HC,,375,0.070812
1,S2 PaFAR-HC,S2,PaFAR-HC,,376,0.084879
1,S2 PaFAR-HC,S2,PaFAR-HC,,377,0.07354
1,S2 PaFAR-HC,S2,PaFAR-HC,,378,0.076143
1,S2 PaFAR-HC,S2,PaFAR-HC,,379,0.077735
1,S2 PaFAR-HC,S2,PaFAR-HC,,380,0.076264
1,S2 PaFAR-HC,S2,PaFAR-HC,,381,0.073692
1,S2 PaFAR-HC,S2,PaFAR-HC,,382,0.06584
1,S2 PaFAR-HC,S2,PaFAR-HC,,383,0.085612
1,S2 PaFAR-HC,S2,PaFAR-HC,,384,0.064982
1,S2 PaFAR-HC,S2,PaFAR-HC,,385,0.072734
1,S2 PaFAR-HC,S2,PaFAR-HC,,386,0.108366
1,S2 PaFAR-HC,S2,PaFAR-HC,,387,0.077641
1,S2 PaFAR-HC,S2,PaFAR-HC,,388,0.077319
1,S2 PaFAR-HC,S2,PaFAR-HC,,389,0.081893
1,S2 PaFAR-HC,S2,PaFAR-HC,,390,0.079053
1,S2 PaFAR-HC,S2,PaFAR-HC,,391,0.087988
1,S2 PaFAR-HC,S2,PaFAR-HC,,392,0.078243
1,S2 PaFAR-HC,S2,PaFAR-HC,,393,0.094643
1,S2 PaFAR-HC,S2,PaFAR-HC,,394,0.067376
1,S2 PaFAR-HC,S2,PaFAR-HC,,395,0.087373
1,S2 PaFAR-HC,S2,PaFAR-HC,,396,0.072092
1,S2 PaFAR-HC,S2,PaFAR-HC,,397,0.066267
1,S2 PaFAR-HC,S2,PaFAR-HC,,398,0.090142
1,S2 PaFAR-HC,S2,PaFAR-HC,,399,0.086075
1,S2 PaFAR-HC,S2,PaFAR-HC,,400,0.074723
1,S2 PaFAR-HC,S2,PaFAR-HC,,401,0.078317
1,S2 PaFAR-HC,S2,PaFAR-HC,,402,0.057816
1,S2 PaFAR-HC,S2,PaFAR-HC,,403,0.072698
1,S2 PaFAR-HC,S2,PaFAR-HC,,404,0.069394
1,S2 PaFAR-HC,S2,PaFAR-HC,,405,0.064863
1,S2 PaFAR-HC,S2,PaFAR-HC,,406,0.087158
1,S2 PaFAR-HC,S2,PaFAR-HC,,407,0.06308
1,S2 PaFAR-HC,S2,PaFAR-HC,,408,0.093868
1,S2 PaFAR-HC,S2,PaFAR-HC,,409,0.08181
1,S2 PaFAR-HC,S2,PaFAR-HC,,410,0.089544
1,S2 PaFAR-HC,S2,PaFAR-HC,,411,0.067605
1,S2 PaFAR-HC,S2,PaFAR-HC,,412,0.07587
1,S2 PaFAR-HC,S2,PaFAR-HC,,413,0.074683
1,S2 PaFAR-HC,S2,PaFAR-HC,,414,0.066665
1,S2 PaFAR-HC,S2,PaFAR-HC,,415,0.090766
1,S2 PaFAR-HC,S2,PaFAR-HC,,416,0.063834
1,S2 PaFAR-HC,S2,PaFAR-HC,,417,0.058982
1,S2 PaFAR-HC,S2,PaFAR-HC,,418,0.082101
1,S2 PaFAR-HC,S2,PaFAR-HC,,419,0.082369
1,S2 PaFAR-HC,S2,PaFAR-HC,,420,0.074602
1,S2 PaFAR-HC,S2,PaFAR-HC,,421,0.061613
1,S2 PaFAR-HC,S2,PaFAR-HC,,422,0.076581
1,S2 PaFAR-HC,S2,PaFAR-HC,,423,0.077879
1,S2 PaFAR-HC,S2,PaFAR-HC,,424,0.090419
1,S2 PaFAR-HC,S2,PaFAR-HC,,425,0.101424
1,S2 PaFAR-HC,S2,PaFAR-HC,,426,0.07585
1,S2 PaFAR-HC,S2,PaFAR-HC,,427,0.067142
1,S2 PaFAR-HC,S2,PaFAR-HC,,428,0.072002
1,S2 PaFAR-HC,S2,PaFAR-HC,,429,0.069374
1,S2 PaFAR-HC,S2,PaFAR-HC,,430,0.081241
1,S2 PaFAR-HC,S2,PaFAR-HC,,431,0.075602
1,S2 PaFAR-HC,S2,PaFAR-HC,,432,0.089295
1,S2 PaFAR-HC,S2,PaFAR-HC,,433,0.093238
1,S2 PaFAR-HC,S2,PaFAR-HC,,434,0.098532
1,S2 PaFAR-HC,S2,PaFAR-HC,,435,0.087775
1,S2 PaFAR-HC,S2,PaFAR-HC,,436,0.062773
1,S2 PaFAR-HC,S2,PaFAR-HC,,437,0.062635
1,S2 PaFAR-HC,S2,PaFAR-HC,,438,0.06864
1,S2 PaFAR-HC,S2,PaFAR-HC,,439,0.062282
1,S2 PaFAR-HC,S2,PaFAR-HC,,440,0.07383
1,S2 PaFAR-HC,S2,PaFAR-HC,,441,0.074208
1,S2 PaFAR-HC,S2,PaFAR-HC,,442,0.08125
1,S2 PaFAR-HC,S2,PaFAR-HC,,443,0.084358
1,S2 PaFAR-HC,S2,PaFAR-HC,,444,0.073292
1,S2 PaFAR-HC,S2,PaFAR-HC,,445,0.075268
1,S2 PaFAR-HC,S2,PaFAR-HC,,446,0.075603
1,S2 PaFAR-HC,S2,PaFAR-HC,,447,0.080731
1,S2 PaFAR-HC,S2,PaFAR-HC,,448,0.071252
1,S2 PaFAR-HC,S2,PaFAR-HC,,449,0.071903
1,S2 PaFAR-HC,S2,PaFAR-HC,,450,0.069116
1,S2 PaFAR-HC,S2,PaFAR-HC,,451,0.083916
1,S2 PaFAR-HC,S2,PaFAR-HC,,452,0.105091
1,S2 PaFAR-HC,S2,PaFAR-HC,,453,0.084269
1,S2 PaFAR-HC,S2,PaFAR-HC,,454,0.063031
1,S2 PaFAR-HC,S2,PaFAR-HC,,455,0.06852
1,S2 PaFAR-HC,S2,PaFAR-HC,,456,0.069919
1,S2 PaFAR-HC,S2,PaFAR-HC,,457,0.073702
1,S2 PaFAR-HC,S2,PaFAR-HC,,458,0.051706
1,S2 PaFAR-HC,S2,PaFAR-HC,,459,0.080581
1,S2 PaFAR-HC,S2,PaFAR-HC,,460,0.07231
1,S2 PaFAR-HC,S2,PaFAR-HC,,461,0.103124
1,S2 PaFAR-HC,S2,PaFAR-HC,,462,0.104201
1,S2 PaFAR-HC,S2,PaFAR-HC,,463,0.059584
1,S2 PaFAR-HC,S2,PaFAR-HC,,464,0.0731
1,S2 PaFAR-HC,S2,PaFAR-HC,,465,0.113479
1,S2 PaFAR-HC,S2,PaFAR-HC,,466,0.07516
1,S2 PaFAR-HC,S2,PaFAR-HC,,467,0.083994
1,S2 PaFAR-HC,S2,PaFAR-HC,,468,0.100205
1,S2 PaFAR-HC,S2,PaFAR-HC,,469,0.066411
1,S2 PaFAR-HC,S2,PaFAR-HC,,470,0.082843
1,S2 PaFAR-HC,S2,PaFAR-HC,,471,0.083966
1,S2 PaFAR-HC,S2,PaFAR-HC,,472,0.063035
1,S2 PaFAR-HC,S2,PaFAR-HC,,473,0.088669
1,S2 PaFAR-HC,S2,PaFAR-HC,,474,0.07953
1,S2 PaFAR-HC,S2,PaFAR-HC,,475,0.080598
1,S2 PaFAR-HC,S2,PaFAR-HC,,476,0.084993
1,S2 PaFAR-HC,S2,PaFAR-HC,,477,0.080145
1,S2 PaFAR-HC,S2,PaFAR-HC,,478,0.099254
1,S2 PaFAR-HC,S2,PaFAR-HC,,479,0.087334
1,S2 PaFAR-HC,S2,PaFAR-HC,,480,0.07388
1,S2 PaFAR-HC,S2,PaFAR-HC,,481,0.069665
1,S2 PaFAR-HC,S2,PaFAR-HC,,482,0.076895
1,S2 PaFAR-HC,S2,PaFAR-HC,,483,0.096719
1,S2 PaFAR-HC,S2,PaFAR-HC,,484,0.091201
1,S2 PaFAR-HC,S2,PaFAR-HC,,485,0.074998
1,S2 PaFAR-HC,S2,PaFAR-HC,,486,0.109406
1,S2 PaFAR-HC,S2,PaFAR-HC,,487,0.082031
1,S2 PaFAR-HC,S2,PaFAR-HC,,488,0.078021
1,S2 PaFAR-HC,S2,PaFAR-HC,,489,0.069922
1,S2 PaFAR-HC,S2,PaFAR-HC,,490,0.083561
1,S2 PaFAR-HC,S2,PaFAR-HC,,491,0.070062
1,S2 PaFAR-HC,S2,PaFAR-HC,,492,0.084964
1,S2 PaFAR-HC,S2,PaFAR-HC,,493,0.086264
1,S2 PaFAR-HC,S2,PaFAR-HC,,494,0.10283
1,S2 PaFAR-HC,S2,PaFAR-HC,,495,0.086514
1,S2 PaFAR-HC,S2,PaFAR-HC,,496,0.077751
1,S2 PaFAR-HC,S2,PaFAR-HC,,497,0.071945
1,S2 PaFAR-HC,S2,PaFAR-HC,,498,0.085097
1,S2 PaFAR-HC,S2,PaFAR-HC,,499,0.067715
1,S3 PaFAR-F,S3,PaFAR-F,,0,0.108637
1,S3 PaFAR-F,S3,PaFAR-F,,1,0.081639
1,S3 PaFAR-F,S3,PaFAR-F,,2,0.082449
1,S3 PaFAR-F,S3,PaFAR-F,,3,0.117866
1,S3 PaFAR-F,S3,PaFAR-F,,4,0.119305
1,S3 PaFAR-F,S3,PaFAR-F,,5,0.1122
1,S3 PaFAR-F,S3,PaFAR-F,,6,0.115241
1,S3 PaFAR-F,S3,PaFAR-F,,7,0.086231
1,S3 PaFAR-F,S3,PaFAR-F,,8,0.098903
1,S3 PaFAR-F,S3,PaFAR-F,,9,0.065316
1,S3 PaFAR-F,S3,PaFAR-F,,10,0.114224
1,S3 PaFAR-F,S3,PaFAR-F,,11,0.080767
1,S3 PaFAR-F,S3,PaFAR-F,,12,0.085142
1,S3 PaFAR-F,S3,PaFAR-F,,13,0.086562
1,S3 PaFAR-F,S3,PaFAR-F,,14,0.101022
1,S3 PaFAR-F,S3,PaFAR-F,,15,0.114947
1,S3 PaFAR-F,S3,PaFAR-F,,16,0.089917
1,S3 PaFAR-F,S3,PaFAR-F,,17,0.112065
1,S3 PaFAR-F,S3,PaFAR-F,,18,0.085956
1,S3 PaFAR-F,S3,PaFAR-F,,19,0.082232
1,S3 PaFAR-F,S3,PaFAR-F,,20,0.086524
1,S3 PaFAR-F,S3,PaFAR-F,,21,0.135359
1,S3 PaFAR-F,S3,PaFAR-F,,22,0.092401
1,S3 PaFAR-F,S3,PaFAR-F,,23,0.10331
1,S3 PaFAR-F,S3,PaFAR-F,,24,0.090098
1,S3 PaFAR-F,S3,PaFAR-F,,25,0.090419
1,S3 PaFAR-F,S3,PaFAR-F,,26,0.128227
1,S3 PaFAR-F,S3,PaFAR-F,,27,0.118306
1,S3 PaFAR-F,S3,PaFAR-F,,28,0.104772
1,S3 PaFAR-F,S3,PaFAR-F,,29,0.100037
1,S3 PaFAR-F,S3,PaFAR-F,,30,0.105369
1,S3 PaFAR-F,S3,PaFAR-F,,31,0.126273
1,S3 PaFAR-F,S3,PaFAR-F,,32,0.089062
1,S3 PaFAR-F,S3,PaFAR-F,,33,0.095168
1,S3 PaFAR-F,S3,PaFAR-F,,34,0.152235
1,S3 PaFAR-F,S3,PaFAR-F,,35,0.112146
1,S3 PaFAR-F,S3,PaFAR-F,,36,0.118314
1,S3 PaFAR-F,S3,PaFAR-F,,37,0.086899
1,S3 PaFAR-F,S3,PaFAR-F,,38,0.102862
1,S3 PaFAR-F,S3,PaFAR-F,,39,0.082661
1,S3 PaFAR-F,S3,PaFAR-F,,40,0.097879
1,S3 PaFAR-F,S3,PaFAR-F,,41,0.101454
1,S3 PaFAR-F,S3,PaFAR-F,,42,0.077741
1,S3 PaFAR-F,S3,PaFAR-F,,43,0.118336
1,S3 PaFAR-F,S3,PaFAR-F,,44,0.074115
1,S3 PaFAR-F,S3,PaFAR-F,,45,0.102255
1,S3 PaFAR-F,S3,PaFAR-F,,46,0.084203
1,S3 PaFAR-F,S3,PaFAR-F,,47,0.070575
1,S3 PaFAR-F,S3,PaFAR-F,,48,0.091538
1,S3 PaFAR-F,S3,PaFAR-F,,49,0.110867
1,S3 PaFAR-F,S3,PaFAR-F,,50,0.093105
1,S3 PaFAR-F,S3,PaFAR-F,,51,0.1085
1,S3 PaFAR-F,S3,PaFAR-F,,52,0.10109
1,S3 PaFAR-F,S3,PaFAR-F,,53,0.099731
1,S3 PaFAR-F,S3,PaFAR-F,,54,0.109043
1,S3 PaFAR-F,S3,PaFAR-F,,55,0.088858
1,S3 PaFAR-F,S3,PaFAR-F,,56,0.117959
1,S3 PaFAR-F,S3,PaFAR-F,,57,0.095787
1,S3 PaFAR-F,S3,PaFAR-F,,58,0.119944
1,S3 PaFAR-F,S3,PaFAR-F,,59,0.10073
1,S3 PaFAR-F,S3,PaFAR-F,,60,0.096769
1,S3 PaFAR-F,S3,PaFAR-F,,61,0.105048
1,S3 PaFAR-F,S3,PaFAR-F,,62,0.082134
1,S3 PaFAR-F,S3,PaFAR-F,,63,0.090729
1,S3 PaFAR-F,S3,PaFAR-F,,64,0.080846
1,S3 PaFAR-F,S3,PaFAR-F,,65,0.082181
1,S3 PaFAR-F,S3,PaFAR-F,,66,0.111796
1,S3 PaFAR-F,S3,PaFAR-F,,67,0.119693
1,S3 PaFAR-F,S3,PaFAR-F,,68,0.099227
1,S3 PaFAR-F,S3,PaFAR-F,,69,0.085493
1,S3 PaFAR-F,S3,PaFAR-F,,70,0.095979
1,S3 PaFAR-F,S3,PaFAR-F,,71,0.106785
1,S3 PaFAR-F,S3,PaFAR-F,,72,0.097737
1,S3 PaFAR-F,S3,PaFAR-F,,73,0.112581
1,S3 PaFAR-F,S3,PaFAR-F,,74,0.108421
1,S3 PaFAR-F,S3,PaFAR-F,,75,0.105392
1,S3 PaFAR-F,S3,PaFAR-F,,76,0.096192
1,S3 PaFAR-F,S3,PaFAR-F,,77,0.129829
1,S3 PaFAR-F,S3,PaFAR-F,,78,0.122201
1,S3 PaFAR-F,S3,PaFAR-F,,79,0.077114
1,S3 PaFAR-F,S3,PaFAR-F,,80,0.09737
1,S3 PaFAR-F,S3,PaFAR-F,,81,0.071409
1,S3 PaFAR-F,S3,PaFAR-F,,82,0.104703
1,S3 PaFAR-F,S3,PaFAR-F,,83,0.117876
1,S3 PaFAR-F,S3,PaFAR-F,,84,0.092466
1,S3 PaFAR-F,S3,PaFAR-F,,85,0.089996
1,S3 PaFAR-F,S3,PaFAR-F,,86,0.105379
1,S3 PaFAR-F,S3,PaFAR-F,,87,0.110326
1,S3 PaFAR-F,S3,PaFAR-F,,88,0.085034
1,S3 PaFAR-F,S3,PaFAR-F,,89,0.138271
1,S3 PaFAR-F,S3,PaFAR-F,,90,0.092144
1,S3 PaFAR-F,S3,PaFAR-F,,91,0.091247
1,S3 PaFAR-F,S3,PaFAR-F,,92,0.110017
1,S3 PaFAR-F,S3,PaFAR-F,,93,0.100374
1,S3 PaFAR-F,S3,PaFAR-F,,94,0.092718
1,S3 PaFAR-F,S3,PaFAR-F,,95,0.090931
1,S3 PaFAR-F,S3,PaFAR-F,,96,0.09169
1,S3 PaFAR-F,S3,PaFAR-F,,97,0.103128
1,S3 PaFAR-F,S3,PaFAR-F,,98,0.101035
1,S3 PaFAR-F,S3,PaFAR-F,,99,0.101497
1,S3 PaFAR-F,S3,PaFAR-F,,100,0.073641
1,S3 PaFAR-F,S3,PaFAR-F,,101,0.084553
1,S3 PaFAR-F,S3,PaFAR-F,,102,0.083858
1,S3 PaFAR-F,S3,PaFAR-F,,103,0.106661
1,S3 PaFAR-F,S3,PaFAR-F,,104,0.101172
1,S3 PaFAR-F,S3,PaFAR-F,,105,0.099573
1,S3 PaFAR-F,S3,PaFAR-F,,106,0.099013
1,S3 PaFAR-F,S3,PaFAR-F,,107,0.107754
1,S3 PaFAR-F,S3,PaFAR-F,,108,0.103965
1,S3 PaFAR-F,S3,PaFAR-F,,109,0.112241
1,S3 PaFAR-F,S3,PaFAR-F,,110,0.121708
1,S3 PaFAR-F,S3,PaFAR-F,,111,0.071578
1,S3 PaFAR-F,S3,PaFAR-F,,112,0.117903
1,S3 PaFAR-F,S3,PaFAR-F,,113,0.096995
1,S3 PaFAR-F,S3,PaFAR-F,,114,0.109638
1,S3 PaFAR-F,S3,PaFAR-F,,115,0.084577
1,S3 PaFAR-F,S3,PaFAR-F,,116,0.088785
1,S3 PaFAR-F,S3,PaFAR-F,,117,0.116284
1,S3 PaFAR-F,S3,PaFAR-F,,118,0.082266
1,S3 PaFAR-F,S3,PaFAR-F,,119,0.105619
1,S3 PaFAR-F,S3,PaFAR-F,,120,0.10097
1,S3 PaFAR-F,S3,PaFAR-F,,121,0.09629
1,S3 PaFAR-F,S3,PaFAR-F,,122,0.096366
1,S3 PaFAR-F,S3,PaFAR-F,,123,0.117686
1,S3 PaFAR-F,S3,PaFAR-F,,124,0.09581
1,S3 PaFAR-F,S3,PaFAR-F,,125,0.116227
1,S3 PaFAR-F,S3,PaFAR-F,,126,0.083882
1,S3 PaFAR-F,S3,PaFAR-F,,127,0.112968
1,S3 PaFAR-F,S3,PaFAR-F,,128,0.110386
1,S3 PaFAR-F,S3,PaFAR-F,,129,0.096114
1,S3 PaFAR-F,S3,PaFAR-F,,130,0.126801
1,S3 PaFAR-F,S3,PaFAR-F,,131,0.107646
1,S3 PaFAR-F,S3,PaFAR-F,,132,0.08243
1,S3 PaFAR-F,S3,PaFAR-F,,133,0.110826
1,S3 PaFAR-F,S3,PaFAR-F,,134,0.084792
1,S3 PaFAR-F,S3,PaFAR-F,,135,0.102403
1,S3 PaFAR-F,S3,PaFAR-F,,136,0.117373
1,S3 PaFAR-F,S3,PaFAR-F,,137,0.096023
1,S3 PaFAR-F,S3,PaFAR-F,,138,0.094554
1,S3 PaFAR-F,S3,PaFAR-F,,139,0.090079
1,S3 PaFAR-F,S3,PaFAR-F,,140,0.07959
1,S3 PaFAR-F,S3,PaFAR-F,,141,0.080035
1,S3 PaFAR-F,S3,PaFAR-F,,142,0.09061
1,S3 PaFAR-F,S3,PaFAR-F,,143,0.094608
1,S3 PaFAR-F,S3,PaFAR-F,,144,0.092884
1,S3 PaFAR-F,S3,PaFAR-F,,145,0.094447
1,S3 PaFAR-F,S3,PaFAR-F,,146,0.117743
1,S3 PaFAR-F,S3,PaFAR-F,,147,0.093453
1,S3 PaFAR-F,S3,PaFAR-F,,148,0.093492
1,S3 PaFAR-F,S3,PaFAR-F,,149,0.107595
1,S3 PaFAR-F,S3,PaFAR-F,,150,0.097277
1,S3 PaFAR-F,S3,PaFAR-F,,151,0.088778
1,S3 PaFAR-F,S3,PaFAR-F,,152,0.134906
1,S3 PaFAR-F,S3,PaFAR-F,,153,0.103135
1,S3 PaFAR-F,S3,PaFAR-F,,154,0.099715
1,S3 PaFAR-F,S3,PaFAR-F,,155,0.10915
1,S3 PaFAR-F,S3,PaFAR-F,,156,0.086395
1,S3 PaFAR-F,S3,PaFAR-F,,157,0.109201
1,S3 PaFAR-F,S3,PaFAR-F,,158,0.10958
1,S3 PaFAR-F,S3,PaFAR-F,,159,0.097615
1,S3 PaFAR-F,S3,PaFAR-F,,160,0.107442
1,S3 PaFAR-F,S3,PaFAR-F,,161,0.11069
1,S3 PaFAR-F,S3,PaFAR-F,,162,0.085962
1,S3 PaFAR-F,S3,PaFAR-F,,163,0.10053
1,S3 PaFAR-F,S3,PaFAR-F,,164,0.111235
1,S3 PaFAR-F,S3,PaFAR-F,,165,0.095745
1,S3 PaFAR-F,S3,PaFAR-F,,166,0.080333
1,S3 PaFAR-F,S3,PaFAR-F,,167,0.084272
1,S3 PaFAR-F,S3,PaFAR-F,,168,0.116996
1,S3 PaFAR-F,S3,PaFAR-F,,169,0.112867
1,S3 PaFAR-F,S3,PaFAR-F,,170,0.088479
1,S3 PaFAR-F,S3,PaFAR-F,,171,0.103004
1,S3 PaFAR-F,S3,PaFAR-F,,172,0.120589
1,S3 PaFAR-F,S3,PaFAR-F,,173,0.077157
1,S3 PaFAR-F,S3,PaFAR-F,,174,0.103804
1,S3 PaFAR-F,S3,PaFAR-F,,175,0.130837
1,S3 PaFAR-F,S3,PaFAR-F,,176,0.117737
1,S3 PaFAR-F,S3,PaFAR-F,,177,0.104823
1,S3 PaFAR-F,S3,PaFAR-F,,178,0.101177
1,S3 PaFAR-F,S3,PaFAR-F,,179,0.077077
1,S3 PaFAR-F,S3,PaFAR-F,,180,0.100488
1,S3 PaFAR-F,S3,PaFAR-F,,181,0.111973
1,S3 PaFAR-F,S3,PaFAR-F,,182,0.089222
1,S3 PaFAR-F,S3,PaFAR-F,,183,0.117145
1,S3 PaFAR-F,S3,PaFAR-F,,184,0.118567
1,S3 PaFAR-F,S3,PaFAR-F,,185,0.096608
1,S3 PaFAR-F,S3,PaFAR-F,,186,0.087224
1,S3 PaFAR-F,S3,PaFAR-F,,187,0.100446
1,S3 PaFAR-F,S3,PaFAR-F,,188,0.093484
1,S3 PaFAR-F,S3,PaFAR-F,,189,0.107636
1,S3 PaFAR-F,S3,PaFAR-F,,190,0.121105
1,S3 PaFAR-F,S3,PaFAR-F,,191,0.108902
1,S3 PaFAR-F,S3,PaFAR-F,,192,0.101713
1,S3 PaFAR-F,S3,PaFAR-F,,193,0.102931
1,S3 PaFAR-F,S3,PaFAR-F,,194,0.104917
1,S3 PaFAR-F,S3,PaFAR-F,,195,0.095241
1,S3 PaFAR-F,S3,PaFAR-F,,196,0.097713
1,S3 PaFAR-F,S3,PaFAR-F,,197,0.10331
1,S3 PaFAR-F,S3,PaFAR-F,,198,0.101959
1,S3 PaFAR-F,S3,PaFAR-F,,199,0.094226
1,S3 PaFAR-F,S3,PaFAR-F,,200,0.111676
1,S3 PaFAR-F,S3,PaFAR-F,,201,0.105535
1,S3 PaFAR-F,S3,PaFAR-F,,202,0.110894
1,S3 PaFAR-F,S3,PaFAR-F,,203,0.098551
1,S3 PaFAR-F,S3,PaFAR-F,,204,0.122413
1,S3 PaFAR-F,S3,PaFAR-F,,205,0.108674
1,S3 PaFAR-F,S3,PaFAR-F,,206,0.088827
1,S3 PaFAR-F,S3,PaFAR-F,,207,0.088752
1,S3 PaFAR-F,S3,PaFAR-F,,208,0.115466
1,S3 PaFAR-F,S3,PaFAR-F,,209,0.093984
1,S3 PaFAR-F,S3,PaFAR-F,,210,0.086368
1,S3 PaFAR-F,S3,PaFAR-F,,211,0.106031
1,S3 PaFAR-F,S3,PaFAR-F,,212,0.079972
1,S3 PaFAR-F,S3,PaFAR-F,,213,0.100789
1,S3 PaFAR-F,S3,PaFAR-F,,214,0.085928
1,S3 PaFAR-F,S3,PaFAR-F,,215,0.100048
1,S3 PaFAR-F,S3,PaFAR-F,,216,0.10672
1,S3 PaFAR-F,S3,PaFAR-F,,217,0.095228
1,S3 PaFAR-F,S3,PaFAR-F,,218,0.086158
1,S3 PaFAR-F,S3,PaFAR-F,,219,0.101772
1,S3 PaFAR-F,S3,PaFAR-F,,220,0.096078
1,S3 PaFAR-F,S3,PaFAR-F,,221,0.096322
1,S3 PaFAR-F,S3,PaFAR-F,,222,0.089525
1,S3 PaFAR-F,S3,PaFAR-F,,223,0.104541
1,S3 PaFAR-F,S3,PaFAR-F,,224,0.089753
1,S3 PaFAR-F,S3,PaFAR-F,,225,0.133805
1,S3 PaFAR-F,S3,PaFAR-F,,226,0.089697
1,S3 PaFAR-F,S3,PaFAR-F,,227,0.073758
1,S3 PaFAR-F,S3,PaFAR-F,,228,0.124645
1,S3 PaFAR-F,S3,PaFAR-F,,229,0.107663
1,S3 PaFAR-F,S3,PaFAR-F,,230,0.111039
1,S3 PaFAR-F,S3,PaFAR-F,,231,0.136648
1,S3 PaFAR-F,S3,PaFAR-F,,232,0.070787
1,S3 PaFAR-F,S3,PaFAR-F,,233,0.124674
1,S3 PaFAR-F,S3,PaFAR-F,,234,0.104927
1,S3 PaFAR-F,S3,PaFAR-F,,235,0.092433
1,S3 PaFAR-F,S3,PaFAR-F,,236,0.103915
1,S3 PaFAR-F,S3,PaFAR-F,,237,0.091745
1,S3 PaFAR-F,S3,PaFAR-F,,238,0.100162
1,S3 PaFAR-F,S3,PaFAR-F,,239,0.118002
1,S3 PaFAR-F,S3,PaFAR-F,,240,0.098741
1,S3 PaFAR-F,S3,PaFAR-F,,241,0.087908
1,S3 PaFAR-F,S3,PaFAR-F,,242,0.08155
1,S3 PaFAR-F,S3,PaFAR-F,,243,0.089686
1,S3 PaFAR-F,S3,PaFAR-F,,244,0.082499
1,S3 PaFAR-F,S3,PaFAR-F,,245,0.10766
1,S3 PaFAR-F,S3,PaFAR-F,,246,0.10152
1,S3 PaFAR-F,S3,PaFAR-F,,247,0.080696
1,S3 PaFAR-F,S3,PaFAR-F,,248,0.111361
1,S3 PaFAR-F,S3,PaFAR-F,,249,0.096178
1,S3 PaFAR-F,S3,PaFAR-F,,250,0.099279
1,S3 PaFAR-F,S3,PaFAR-F,,251,0.101619
1,S3 PaFAR-F,S3,PaFAR-F,,252,0.113663
1,S3 PaFAR-F,S3,PaFAR-F,,253,0.114653
1,S3 PaFAR-F,S3,PaFAR-F,,254,0.110051
1,S3 PaFAR-F,S3,PaFAR-F,,255,0.12729
1,S3 PaFAR-F,S3,PaFAR-F,,256,0.102792
1,S3 PaFAR-F,S3,PaFAR-F,,257,0.107376
1,S3 PaFAR-F,S3,PaFAR-F,,258,0.113447
1,S3 PaFAR-F,S3,PaFAR-F,,259,0.084794
1,S3 PaFAR-F,S3,PaFAR-F,,260,0.106068
1,S3 PaFAR-F,S3,PaFAR-F,,261,0.095552
1,S3 PaFAR-F,S3,PaFAR-F,,262,0.078821
1,S3 PaFAR-F,S3,PaFAR-F,,263,0.100968
1,S3 PaFAR-F,S3,PaFAR-F,,264,0.087047
1,S3 PaFAR-F,S3,PaFAR-F,,265,0.101441
1,S3 PaFAR-F,S3,PaFAR-F,,266,0.099335
1,S3 PaFAR-F,S3,PaFAR-F,,267,0.094658
1,S3 PaFAR-F,S3,PaFAR-F,,268,0.109396
1,S3 PaFAR-F,S3,PaFAR-F,,269,0.097647
1,S3 PaFAR-F,S3,PaFAR-F,,270,0.124692
1,S3 PaFAR-F,S3,PaFAR-F,,271,0.094542
1,S3 PaFAR-F,S3,PaFAR-F,,272,0.083653
1,S3 PaFAR-F,S3,PaFAR-F,,273,0.09208
1,S3 PaFAR-F,S3,PaFAR-F,,274,0.11349
1,S3 PaFAR-F,S3,PaFAR-F,,275,0.116927
1,S3 PaFAR-F,S3,PaFAR-F,,276,0.076826
1,S3 PaFAR-F,S3,PaFAR-F,,277,0.079971
1,S3 PaFAR-F,S3,PaFAR-F,,278,0.099311
1,S3 PaFAR-F,S3,PaFAR-F,,279,0.108578
1,S3 PaFAR-F,S3,PaFAR-F,,280,0.102589
1,S3 PaFAR-F,S3,PaFAR-F,,281,0.089619
1,S3 PaFAR-F,S3,PaFAR-F,,282,0.089739
1,S3 PaFAR-F,S3,PaFAR-F,,283,0.093535
1,S3 PaFAR-F,S3,PaFAR-F,,284,0.100607
1,S3 PaFAR-F,S3,PaFAR-F,,285,0.117235
1,S3 PaFAR-F,S3,PaFAR-F,,286,0.106188
1,S3 PaFAR-F,S3,PaFAR-F,,287,0.100805
1,S3 PaFAR-F,S3,PaFAR-F,,288,0.079377
1,S3 PaFAR-F,S3,PaFAR-F,,289,0.117184
1,S3 PaFAR-F,S3,PaFAR-F,,290,0.111207
1,S3 PaFAR-F,S3,PaFAR-F,,291,0.086357
1,S3 PaFAR-F,S3,PaFAR-F,,292,0.095515
1,S3 PaFAR-F,S3,PaFAR-F,,293,0.102019
1,S3 PaFAR-F,S3,PaFAR-F,,294,0.093885
1,S3 PaFAR-F,S3,PaFAR-F,,295,0.131214
1,S3 PaFAR-F,S3,PaFAR-F,,296,0.122806
1,S3 PaFAR-F,S3,PaFAR-F,,297,0.089239
1,S3 PaFAR-F,S3,PaFAR-F,,298,0.083412
1,S3 PaFAR-F,S3,PaFAR-F,,299,0.101121
1,S3 PaFAR-F,S3,PaFAR-F,,300,0.106171
1,S3 PaFAR-F,S3,PaFAR-F,,301,0.104806
1,S3 PaFAR-F,S3,PaFAR-F,,302,0.092653
1,S3 PaFAR-F,S3,PaFAR-F,,303,0.145099
1,S3 PaFAR-F,S3,PaFAR-F,,304,0.116311
1,S3 PaFAR-F,S3,PaFAR-F,,305,0.094514
1,S3 PaFAR-F,S3,PaFAR-F,,306,0.082118
1,S3 PaFAR-F,S3,PaFAR-F,,307,0.095669
1,S3 PaFAR-F,S3,PaFAR-F,,308,0.10411
1,S3 PaFAR-F,S3,PaFAR-F,,309,0.138066
1,S3 PaFAR-F,S3,PaFAR-F,,310,0.085714
1,S3 PaFAR-F,S3,PaFAR-F,,311,0.093586
1,S3 PaFAR-F,S3,PaFAR-F,,312,0.102379
1,S3 PaFAR-F,S3,PaFAR-F,,313,0.09409
1,S3 PaFAR-F,S3,PaFAR-F,,314,0.108778
1,S3 PaFAR-F,S3,PaFAR-F,,315,0.100773
1,S3 PaFAR-F,S3,PaFAR-F,,316,0.121289
1,S3 PaFAR-F,S3,PaFAR-F,,317,0.122708
1,S3 PaFAR-F,S3,PaFAR-F,,318,0.092854
1,S3 PaFAR-F,S3,PaFAR-F,,319,0.106536
1,S3 PaFAR-F,S3,PaFAR-F,,320,0.087762
1,S3 PaFAR-F,S3,PaFAR-F,,321,0.071211
1,S3 PaFAR-F,S3,PaFAR-F,,322,0.137242
1,S3 PaFAR-F,S3,PaFAR-F,,323,0.100915
1,S3 PaFAR-F,S3,PaFAR-F,,324,0.111955
1,S3 PaFAR-F,S3,PaFAR-F,,325,0.103338
1,S3 PaFAR-F,S3,PaFAR-F,,326,0.102559
1,S3 PaFAR-F,S3,PaFAR-F,,327,0.115882
1,S3 PaFAR-F,S3,PaFAR-F,,328,0.11424
1,S3 PaFAR-F,S3,PaFAR-F,,329,0.08168
1,S3 PaFAR-F,S3,PaFAR-F,,330,0.083254
1,S3 PaFAR-F,S3,PaFAR-F,,331,0.149072
1,S3 PaFAR-F,S3,PaFAR-F,,332,0.094433
1,S3 PaFAR-F,S3,PaFAR-F,,333,0.113657
1,S3 PaFAR-F,S3,PaFAR-F,,334,0.097287
1,S3 PaFAR-F,S3,PaFAR-F,,335,0.096426
1,S3 PaFAR-F,S3,PaFAR-F,,336,0.094185
1,S3 PaFAR-F,S3,PaFAR-F,,337,0.092117
1,S3 PaFAR-F,S3,PaFAR-F,,338,0.099899
1,S3 PaFAR-F,S3,PaFAR-F,,339,0.099918
1,S3 PaFAR-F,S3,PaFAR-F,,340,0.095414
1,S3 PaFAR-F,S3,PaFAR-F,,341,0.079246
1,S3 PaFAR-F,S3,PaFAR-F,,342,0.101937
1,S3 PaFAR-F,S3,PaFAR-F,,343,0.087289
1,S3 PaFAR-F,S3,PaFAR-F,,344,0.124721
1,S3 PaFAR-F,S3,PaFAR-F,,345,0.128686
1,S3 PaFAR-F,S3,PaFAR-F,,346,0.084687
1,S3 PaFAR-F,S3,PaFAR-F,,347,0.087716
1,S3 PaFAR-F,S3,PaFAR-F,,348,0.130229
1,S3 PaFAR-F,S3,PaFAR-F,,349,0.102298
1,S3 PaFAR-F,S3,PaFAR-F,,350,0.099228
1,S3 PaFAR-F,S3,PaFAR-F,,351,0.107616
1,S3 PaFAR-F,S3,PaFAR-F,,352,0.099988
1,S3 PaFAR-F,S3,PaFAR-F,,353,0.093147
1,S3 PaFAR-F,S3,PaFAR-F,,354,0.103064
1,S3 PaFAR-F,S3,PaFAR-F,,355,0.093804
1,S3 PaFAR-F,S3,PaFAR-F,,356,0.097533
1,S3 PaFAR-F,S3,PaFAR-F,,357,0.089115
1,S3 PaFAR-F,S3,PaFAR-F,,358,0.113167
1,S3 PaFAR-F,S3,PaFAR-F,,359,0.091576
1,S3 PaFAR-F,S3,PaFAR-F,,360,0.082352
1,S3 PaFAR-F,S3,PaFAR-F,,361,0.099935
1,S3 PaFAR-F,S3,PaFAR-F,,362,0.111751
1,S3 PaFAR-F,S3,PaFAR-F,,363,0.121798
1,S3 PaFAR-F,S3,PaFAR-F,,364,0.107152
1,S3 PaFAR-F,S3,PaFAR-F,,365,0.107757
1,S3 PaFAR-F,S3,PaFAR-F,,366,0.079704
1,S3 PaFAR-F,S3,PaFAR-F,,367,0.103975
1,S3 PaFAR-F,S3,PaFAR-F,,368,0.090045
1,S3 PaFAR-F,S3,PaFAR-F,,369,0.100753
1,S3 PaFAR-F,S3,PaFAR-F,,370,0.09999
1,S3 PaFAR-F,S3,PaFAR-F,,371,0.085491
1,S3 PaFAR-F,S3,PaFAR-F,,372,0.093722
1,S3 PaFAR-F,S3,PaFAR-F,,373,0.1135
1,S3 PaFAR-F,S3,PaFAR-F,,374,0.110352
1,S3 PaFAR-F,S3,PaFAR-F,,375,0.081461
1,S3 PaFAR-F,S3,PaFAR-F,,376,0.081958
1,S3 PaFAR-F,S3,PaFAR-F,,377,0.088167
1,S3 PaFAR-F,S3,PaFAR-F,,378,0.095663
1,S3 PaFAR-F,S3,PaFAR-F,,379,0.064465
1,S3 PaFAR-F,S3,PaFAR-F,,380,0.117145
1,S3 PaFAR-F,S3,PaFAR-F,,381,0.090311
1,S3 PaFAR-F,S3,PaFAR-F,,382,0.084066
1,S3 PaFAR-F,S3,PaFAR-F,,383,0.076836
1,S3 PaFAR-F,S3,PaFAR-F,,384,0.118364
1,S3 PaFAR-F,S3,PaFAR-F,,385,0.113219
1,S3 PaFAR-F,S3,PaFAR-F,,386,0.116957
1,S3 PaFAR-F,S3,PaFAR-F,,387,0.100151
1,S3 PaFAR-F,S3,PaFAR-F,,388,0.104206
1,S3 PaFAR-F,S3,PaFAR-F,,389,0.120918
1,S3 PaFAR-F,S3,PaFAR-F,,390,0.11641
1,S3 PaFAR-F,S3,PaFAR-F,,391,0.091166
1,S3 PaFAR-F,S3,PaFAR-F,,392,0.09208
1,S3 PaFAR-F,S3,PaFAR-F,,393,0.088399
1,S3 PaFAR-F,S3,PaFAR-F,,394,0.096863
1,S3 PaFAR-F,S3,PaFAR-F,,395,0.107984
1,S3 PaFAR-F,S3,PaFAR-F,,396,0.104234
1,S3 PaFAR-F,S3,PaFAR-F,,397,0.089732
1,S3 PaFAR-F,S3,PaFAR-F,,398,0.105937
1,S3 PaFAR-F,S3,PaFAR-F,,399,0.109178
1,S3 PaFAR-F,S3,PaFAR-F,,400,0.10265
1,S3 PaFAR-F,S3,PaFAR-F,,401,0.103858
1,S3 PaFAR-F,S3,PaFAR-F,,402,0.077785
1,S3 PaFAR-F,S3,PaFAR-F,,403,0.090526
1,S3 PaFAR-F,S3,PaFAR-F,,404,0.107305
1,S3 PaFAR-F,S3,PaFAR-F,,405,0.104862
1,S3 PaFAR-F,S3,PaFAR-F,,406,0.105259
1,S3 PaFAR-F,S3,PaFAR-F,,407,0.087533
1,S3 PaFAR-F,S3,PaFAR-F,,408,0.119981
1,S3 PaFAR-F,S3,PaFAR-F,,409,0.149279
1,S3 PaFAR-F,S3,PaFAR-F,,410,0.077052
1,S3 PaFAR-F,S3,PaFAR-F,,411,0.101992
1,S3 PaFAR-F,S3,PaFAR-F,,412,0.100296
1,S3 PaFAR-F,S3,PaFAR-F,,413,0.08085
1,S3 PaFAR-F,S3,PaFAR-F,,414,0.104881
1,S3 PaFAR-F,S3,PaFAR-F,,415,0.098725
1,S3 PaFAR-F,S3,PaFAR-F,,416,0.107463
1,S3 PaFAR-F,S3,PaFAR-F,,417,0.089329
1,S3 PaFAR-F,S3,PaFAR-F,,418,0.088153
1,S3 PaFAR-F,S3,PaFAR-F,,419,0.099803
1,S3 PaFAR-F,S3,PaFAR-F,,420,0.114309
1,S3 PaFAR-F,S3,PaFAR-F,,421,0.087769
1,S3 PaFAR-F,S3,PaFAR-F,,422,0.115416
1,S3 PaFAR-F,S3,PaFAR-F,,423,0.071709
1,S3 PaFAR-F,S3,PaFAR-F,,424,0.102488
1,S3 PaFAR-F,S3,PaFAR-F,,425,0.102581
1,S3 PaFAR-F,S3,PaFAR-F,,426,0.109325
1,S3 PaFAR-F,S3,PaFAR-F,,427,0.111476
1,S3 PaFAR-F,S3,PaFAR-F,,428,0.108533
1,S3 PaFAR-F,S3,PaFAR-F,,429,0.092405
1,S3 PaFAR-F,S3,PaFAR-F,,430,0.098869
1,S3 PaFAR-F,S3,PaFAR-F,,431,0.119457
1,S3 PaFAR-F,S3,PaFAR-F,,432,0.081389
1,S3 PaFAR-F,S3,PaFAR-F,,433,0.086512
1,S3 PaFAR-F,S3,PaFAR-F,,434,0.097035
1,S3 PaFAR-F,S3,PaFAR-F,,435,0.114471
1,S3 PaFAR-F,S3,PaFAR-F,,436,0.114259
1,S3 PaFAR-F,S3,PaFAR-F,,437,0.094806
1,S3 PaFAR-F,S3,PaFAR-F,,438,0.096308
1,S3 PaFAR-F,S3,PaFAR-F,,439,0.098007
1,S3 PaFAR-F,S3,PaFAR-F,,440,0.106068
1,S3 PaFAR-F,S3,PaFAR-F,,441,0.116737
1,S3 PaFAR-F,S3,PaFAR-F,,442,0.094123
1,S3 PaFAR-F,S3,PaFAR-F,,443,0.0892
1,S3 PaFAR-F,S3,PaFAR-F,,444,0.09936
1,S3 PaFAR-F,S3,PaFAR-F,,445,0.097715
1,S3 PaFAR-F,S3,PaFAR-F,,446,0.080701
1,S3 PaFAR-F,S3,PaFAR-F,,447,0.105854
1,S3 PaFAR-F,S3,PaFAR-F,,448,0.107017
1,S3 PaFAR-F,S3,PaFAR-F,,449,0.093958
1,S3 PaFAR-F,S3,PaFAR-F,,450,0.115481
1,S3 PaFAR-F,S3,PaFAR-F,,451,0.109129
1,S3 PaFAR-F,S3,PaFAR-F,,452,0.114791
1,S3 PaFAR-F,S3,PaFAR-F,,453,0.080068
1,S3 PaFAR-F,S3,PaFAR-F,,454,0.107668
1,S3 PaFAR-F,S3,PaFAR-F,,455,0.094554
1,S3 PaFAR-F,S3,PaFAR-F,,456,0.085971
1,S3 PaFAR-F,S3,PaFAR-F,,457,0.100404
1,S3 PaFAR-F,S3,PaFAR-F,,458,0.10282
1,S3 PaFAR-F,S3,PaFAR-F,,459,0.089144
1,S3 PaFAR-F,S3,PaFAR-F,,460,0.08618
1,S3 PaFAR-F,S3,PaFAR-F,,461,0.093067
1,S3 PaFAR-F,S3,PaFAR-F,,462,0.106012
1,S3 PaFAR-F,S3,PaFAR-F,,463,0.087149
1,S3 PaFAR-F,S3,PaFAR-F,,464,0.108995
1,S3 PaFAR-F,S3,PaFAR-F,,465,0.087908
1,S3 PaFAR-F,S3,PaFAR-F,,466,0.082285
1,S3 PaFAR-F,S3,PaFAR-F,,467,0.092459
1,S3 PaFAR-F,S3,PaFAR-F,,468,0.088688
1,S3 PaFAR-F,S3,PaFAR-F,,469,0.098056
1,S3 PaFAR-F,S3,PaFAR-F,,470,0.133977
1,S3 PaFAR-F,S3,PaFAR-F,,471,0.097252
1,S3 PaFAR-F,S3,PaFAR-F,,472,0.066158
1,S3 PaFAR-F,S3,PaFAR-F,,473,0.085308
1,S3 PaFAR-F,S3,PaFAR-F,,474,0.119634
1,S3 PaFAR-F,S3,PaFAR-F,,475,0.091556
1,S3 PaFAR-F,S3,PaFAR-F,,476,0.097144
1,S3 PaFAR-F,S3,PaFAR-F,,477,0.101188
1,S3 PaFAR-F,S3,PaFAR-F,,478,0.117067
1,S3 PaFAR-F,S3,PaFAR-F,,479,0.108489
1,S3 PaFAR-F,S3,PaFAR-F,,480,0.11953
1,S3 PaFAR-F,S3,PaFAR-F,,481,0.098837
1,S3 PaFAR-F,S3,PaFAR-F,,482,0.091104
1,S3 PaFAR-F,S3,PaFAR-F,,483,0.068566
1,S3 PaFAR-F,S3,PaFAR-F,,484,0.10922
1,S3 PaFAR-F,S3,PaFAR-F,,485,0.102173
1,S3 PaFAR-F,S3,PaFAR-F,,486,0.090652
1,S3 PaFAR-F,S3,PaFAR-F,,487,0.120776
1,S3 PaFAR-F,S3,PaFAR-F,,488,0.108752
1,S3 PaFAR-F,S3,PaFAR-F,,489,0.112445
1,S3 PaFAR-F,S3,PaFAR-F,,490,0.151659
1,S3 PaFAR-F,S3,PaFAR-F,,491,0.096088
1,S3 PaFAR-F,S3,PaFAR-F,,492,0.102953
1,S3 PaFAR-F,S3,PaFAR-F,,493,0.082949
1,S3 PaFAR-F,S3,PaFAR-F,,494,0.089784
1,S3 PaFAR-F,S3,PaFAR-F,,495,0.088406
1,S3 PaFAR-F,S3,PaFAR-F,,496,0.103485
1,S3 PaFAR-F,S3,PaFAR-F,,497,0.085061
1,S3 PaFAR-F,S3,PaFAR-F,,498,0.123043
1,S3 PaFAR-F,S3,PaFAR-F,,499,0.087227
1,S3 PaFAR-HC,S3,PaFAR-HC,,0,0.085698
1,S3 PaFAR-HC,S3,PaFAR-HC,,1,0.067266
1,S3 PaFAR-HC,S3,PaFAR-HC,,2,0.056836
1,S3 PaFAR-HC,S3,PaFAR-HC,,3,0.101627
1,S3 PaFAR-HC,S3,PaFAR-HC,,4,0.093824
1,S3 PaFAR-HC,S3,PaFAR-HC,,5,0.093421
1,S3 PaFAR-HC,S3,PaFAR-HC,,6,0.093124
1,S3 PaFAR-HC,S3,PaFAR-HC,,7,0.067281
1,S3 PaFAR-HC,S3,PaFAR-HC,,8,0.074646
1,S3 PaFAR-HC,S3,PaFAR-HC,,9,0.055478
1,S3 PaFAR-HC,S3,PaFAR-HC,,10,0.089475
1,S3 PaFAR-HC,S3,PaFAR-HC,,11,0.060312
1,S3 PaFAR-HC,S3,PaFAR-HC,,12,0.065207
1,S3 PaFAR-HC,S3,PaFAR-HC,,13,0.06823
1,S3 PaFAR-HC,S3,PaFAR-HC,,14,0.081194
1,S3 PaFAR-HC,S3,PaFAR-HC,,15,0.081121
1,S3 PaFAR-HC,S3,PaFAR-HC,,16,0.076762
1,S3 PaFAR-HC,S3,PaFAR-HC,,17,0.096177
1,S3 PaFAR-HC,S3,PaFAR-HC,,18,0.062677
1,S3 PaFAR-HC,S3,PaFAR-HC,,19,0.067424
1,S3 PaFAR-HC,S3,PaFAR-HC,,20,0.06575
1,S3 PaFAR-HC,S3,PaFAR-HC,,21,0.104153
1,S3 PaFAR-HC,S3,PaFAR-HC,,22,0.073824
1,S3 PaFAR-HC,S3,PaFAR-HC,,23,0.08125
1,S3 PaFAR-HC,S3,PaFAR-HC,,24,0.069407
1,S3 PaFAR-HC,S3,PaFAR-HC,,25,0.073388
1,S3 PaFAR-HC,S3,PaFAR-HC,,26,0.096019
1,S3 PaFAR-HC,S3,PaFAR-HC,,27,0.08655
1,S3 PaFAR-HC,S3,PaFAR-HC,,28,0.081591
1,S3 PaFAR-HC,S3,PaFAR-HC,,29,0.079226
1,S3 PaFAR-HC,S3,PaFAR-HC,,30,0.077887
1,S3 PaFAR-HC,S3,PaFAR-HC,,31,0.093824
1,S3 PaFAR-HC,S3,PaFAR-HC,,32,0.065191
1,S3 PaFAR-HC,S3,PaFAR-HC,,33,0.073929
1,S3 PaFAR-HC,S3,PaFAR-HC,,34,0.128232
1,S3 PaFAR-HC,S3,PaFAR-HC,,35,0.085185
1,S3 PaFAR-HC,S3,PaFAR-HC,,36,0.093256
1,S3 PaFAR-HC,S3,PaFAR-HC,,37,0.070781
1,S3 PaFAR-HC,S3,PaFAR-HC,,38,0.09549
1,S3 PaFAR-HC,S3,PaFAR-HC,,39,0.060485
1,S3 PaFAR-HC,S3,PaFAR-HC,,40,0.073609
1,S3 PaFAR-HC,S3,PaFAR-HC,,41,0.076276
1,S3 PaFAR-HC,S3,PaFAR-HC,,42,0.056781
1,S3 PaFAR-HC,S3,PaFAR-HC,,43,0.098755
1,S3 PaFAR-HC,S3,PaFAR-HC,,44,0.060487
1,S3 PaFAR-HC,S3,PaFAR-HC,,45,0.070389
1,S3 PaFAR-HC,S3,PaFAR-HC,,46,0.064996
1,S3 PaFAR-HC,S3,PaFAR-HC,,47,0.049262
1,S3 PaFAR-HC,S3,PaFAR-HC,,48,0.070278
1,S3 PaFAR-HC,S3,PaFAR-HC,,49,0.08806
1,S3 PaFAR-HC,S3,PaFAR-HC,,50,0.075775
1,S3 PaFAR-HC,S3,PaFAR-HC,,51,0.084687
1,S3 PaFAR-HC,S3,PaFAR-HC,,52,0.070621
1,S3 PaFAR-HC,S3,PaFAR-HC,,53,0.065445
1,S3 PaFAR-HC,S3,PaFAR-HC,,54,0.092154
1,S3 PaFAR-HC,S3,PaFAR-HC,,55,0.070123
1,S3 PaFAR-HC,S3,PaFAR-HC,,56,0.092259
1,S3 PaFAR-HC,S3,PaFAR-HC,,57,0.067092
1,S3 PaFAR-HC,S3,PaFAR-HC,,58,0.103672
1,S3 PaFAR-HC,S3,PaFAR-HC,,59,0.087974
1,S3 PaFAR-HC,S3,PaFAR-HC,,60,0.075267
1,S3 PaFAR-HC,S3,PaFAR-HC,,61,0.077745
1,S3 PaFAR-HC,S3,PaFAR-HC,,62,0.062097
1,S3 PaFAR-HC,S3,PaFAR-HC,,63,0.070397
1,S3 PaFAR-HC,S3,PaFAR-HC,,64,0.05343
1,S3 PaFAR-HC,S3,PaFAR-HC,,65,0.061452
1,S3 PaFAR-HC,S3,PaFAR-HC,,66,0.094573
1,S3 PaFAR-HC,S3,PaFAR-HC,,67,0.099734
1,S3 PaFAR-HC,S3,PaFAR-HC,,68,0.089983
1,S3 PaFAR-HC,S3,PaFAR-HC,,69,0.060331
1,S3 PaFAR-HC,S3,PaFAR-HC,,70,0.076415
1,S3 PaFAR-HC,S3,PaFAR-HC,,71,0.088132
1,S3 PaFAR-HC,S3,PaFAR-HC,,72,0.079673
1,S3 PaFAR-HC,S3,PaFAR-HC,,73,0.077255
1,S3 PaFAR-HC,S3,PaFAR-HC,,74,0.079173
1,S3 PaFAR-HC,S3,PaFAR-HC,,75,0.083128
1,S3 PaFAR-HC,S3,PaFAR-HC,,76,0.077255
1,S3 PaFAR-HC,S3,PaFAR-HC,,77,0.102323
1,S3 PaFAR-HC,S3,PaFAR-HC,,78,0.095714
1,S3 PaFAR-HC,S3,PaFAR-HC,,79,0.056057
1,S3 PaFAR-HC,S3,PaFAR-HC,,80,0.06777
1,S3 PaFAR-HC,S3,PaFAR-HC,,81,0.055908
1,S3 PaFAR-HC,S3,PaFAR-HC,,82,0.088822
1,S3 PaFAR-HC,S3,PaFAR-HC,,83,0.092315
1,S3 PaFAR-HC,S3,PaFAR-HC,,84,0.074741
1,S3 PaFAR-HC,S3,PaFAR-HC,,85,0.076854
1,S3 PaFAR-HC,S3,PaFAR-HC,,86,0.086519
1,S3 PaFAR-HC,S3,PaFAR-HC,,87,0.075436
1,S3 PaFAR-HC,S3,PaFAR-HC,,88,0.067857
1,S3 PaFAR-HC,S3,PaFAR-HC,,89,0.099989
1,S3 PaFAR-HC,S3,PaFAR-HC,,90,0.078033
1,S3 PaFAR-HC,S3,PaFAR-HC,,91,0.0762
1,S3 PaFAR-HC,S3,PaFAR-HC,,92,0.087188
1,S3 PaFAR-HC,S3,PaFAR-HC,,93,0.081474
1,S3 PaFAR-HC,S3,PaFAR-HC,,94,0.075675
1,S3 PaFAR-HC,S3,PaFAR-HC,,95,0.064153
1,S3 PaFAR-HC,S3,PaFAR-HC,,96,0.077083
1,S3 PaFAR-HC,S3,PaFAR-HC,,97,0.06157
1,S3 PaFAR-HC,S3,PaFAR-HC,,98,0.071118
1,S3 PaFAR-HC,S3,PaFAR-HC,,99,0.069984
1,S3 PaFAR-HC,S3,PaFAR-HC,,100,0.049759
1,S3 PaFAR-HC,S3,PaFAR-HC,,101,0.060592
1,S3 PaFAR-HC,S3,PaFAR-HC,,102,0.063417
1,S3 PaFAR-HC,S3,PaFAR-HC,,103,0.075105
1,S3 PaFAR-HC,S3,PaFAR-HC,,104,0.068997
1,S3 PaFAR-HC,S3,PaFAR-HC,,105,0.088816
1,S3 PaFAR-HC,S3,PaFAR-HC,,106,0.068183
1,S3 PaFAR-HC,S3,PaFAR-HC,,107,0.08335
1,S3 PaFAR-HC,S3,PaFAR-HC,,108,0.074885
1,S3 PaFAR-HC,S3,PaFAR-HC,,109,0.089121
1,S3 PaFAR-HC,S3,PaFAR-HC,,110,0.094396
1,S3 PaFAR-HC,S3,PaFAR-HC,,111,0.052648
1,S3 PaFAR-HC,S3,PaFAR-HC,,112,0.093301
1,S3 PaFAR-HC,S3,PaFAR-HC,,113,0.075216
1,S3 PaFAR-HC,S3,PaFAR-HC,,114,0.094141
1,S3 PaFAR-HC,S3,PaFAR-HC,,115,0.069844
1,S3 PaFAR-HC,S3,PaFAR-HC,,116,0.076594
1,S3 PaFAR-HC,S3,PaFAR-HC,,117,0.096075
1,S3 PaFAR-HC,S3,PaFAR-HC,,118,0.068793
1,S3 PaFAR-HC,S3,PaFAR-HC,,119,0.082636
1,S3 PaFAR-HC,S3,PaFAR-HC,,120,0.076003
1,S3 PaFAR-HC,S3,PaFAR-HC,,121,0.076172
1,S3 PaFAR-HC,S3,PaFAR-HC,,122,0.076271
1,S3 PaFAR-HC,S3,PaFAR-HC,,123,0.089732
1,S3 PaFAR-HC,S3,PaFAR-HC,,124,0.0788
1,S3 PaFAR-HC,S3,PaFAR-HC,,125,0.092177
1,S3 PaFAR-HC,S3,PaFAR-HC,,126,0.067517
1,S3 PaFAR-HC,S3,PaFAR-HC,,127,0.090992
1,S3 PaFAR-HC,S3,PaFAR-HC,,128,0.093654
1,S3 PaFAR-HC,S3,PaFAR-HC,,129,0.071373
1,S3 PaFAR-HC,S3,PaFAR-HC,,130,0.093564
1,S3 PaFAR-HC,S3,PaFAR-HC,,131,0.07063
1,S3 PaFAR-HC,S3,PaFAR-HC,,132,0.070501
1,S3 PaFAR-HC,S3,PaFAR-HC,,133,0.092276
1,S3 PaFAR-HC,S3,PaFAR-HC,,134,0.058788
1,S3 PaFAR-HC,S3,PaFAR-HC,,135,0.08229
1,S3 PaFAR-HC,S3,PaFAR-HC,,136,0.093477
1,S3 PaFAR-HC,S3,PaFAR-HC,,137,0.08206
1,S3 PaFAR-HC,S3,PaFAR-HC,,138,0.069895
1,S3 PaFAR-HC,S3,PaFAR-HC,,139,0.073432
1,S3 PaFAR-HC,S3,PaFAR-HC,,140,0.057866
1,S3 PaFAR-HC,S3,PaFAR-HC,,141,0.065363
1,S3 PaFAR-HC,S3,PaFAR-HC,,142,0.074058
1,S3 PaFAR-HC,S3,PaFAR-HC,,143,0.076052
1,S3 PaFAR-HC,S3,PaFAR-HC,,144,0.067622
1,S3 PaFAR-HC,S3,PaFAR-HC,,145,0.077255
1,S3 PaFAR-HC,S3,PaFAR-HC,,146,0.081593
1,S3 PaFAR-HC,S3,PaFAR-HC,,147,0.073784
1,S3 PaFAR-HC,S3,PaFAR-HC,,148,0.075125
1,S3 PaFAR-HC,S3,PaFAR-HC,,149,0.0828
1,S3 PaFAR-HC,S3,PaFAR-HC,,150,0.070357
1,S3 PaFAR-HC,S3,PaFAR-HC,,151,0.068196
1,S3 PaFAR-HC,S3,PaFAR-HC,,152,0.087614
1,S3 PaFAR-HC,S3,PaFAR-HC,,153,0.07917
1,S3 PaFAR-HC,S3,PaFAR-HC,,154,0.081591
1,S3 PaFAR-HC,S3,PaFAR-HC,,155,0.092606
1,S3 PaFAR-HC,S3,PaFAR-HC,,156,0.064593
1,S3 PaFAR-HC,S3,PaFAR-HC,,157,0.082112
1,S3 PaFAR-HC,S3,PaFAR-HC,,158,0.092599
1,S3 PaFAR-HC,S3,PaFAR-HC,,159,0.073002
1,S3 PaFAR-HC,S3,PaFAR-HC,,160,0.073615
1,S3 PaFAR-HC,S3,PaFAR-HC,,161,0.083758
1,S3 PaFAR-HC,S3,PaFAR-HC,,162,0.066564
1,S3 PaFAR-HC,S3,PaFAR-HC,,163,0.078485
1,S3 PaFAR-HC,S3,PaFAR-HC,,164,0.088952
1,S3 PaFAR-HC,S3,PaFAR-HC,,165,0.077038
1,S3 PaFAR-HC,S3,PaFAR-HC,,166,0.067801
1,S3 PaFAR-HC,S3,PaFAR-HC,,167,0.061886
1,S3 PaFAR-HC,S3,PaFAR-HC,,168,0.08983
1,S3 PaFAR-HC,S3,PaFAR-HC,,169,0.080111
1,S3 PaFAR-HC,S3,PaFAR-HC,,170,0.072863
1,S3 PaFAR-HC,S3,PaFAR-HC,,171,0.076877
1,S3 PaFAR-HC,S3,PaFAR-HC,,172,0.087916
1,S3 PaFAR-HC,S3,PaFAR-HC,,173,0.057538
1,S3 PaFAR-HC,S3,PaFAR-HC,,174,0.083254
1,S3 PaFAR-HC,S3,PaFAR-HC,,175,0.093559
1,S3 PaFAR-HC,S3,PaFAR-HC,,176,0.088147
1,S3 PaFAR-HC,S3,PaFAR-HC,,177,0.075462
1,S3 PaFAR-HC,S3,PaFAR-HC,,178,0.08594
1,S3 PaFAR-HC,S3,PaFAR-HC,,179,0.061296
1,S3 PaFAR-HC,S3,PaFAR-HC,,180,0.082962
1,S3 PaFAR-HC,S3,PaFAR-HC,,181,0.093563
1,S3 PaFAR-HC,S3,PaFAR-HC,,182,0.066974
1,S3 PaFAR-HC,S3,PaFAR-HC,,183,0.088038
1,S3 PaFAR-HC,S3,PaFAR-HC,,184,0.089298
1,S3 PaFAR-HC,S3,PaFAR-HC,,185,0.076173
1,S3 PaFAR-HC,S3,PaFAR-HC,,186,0.066245
1,S3 PaFAR-HC,S3,PaFAR-HC,,187,0.078795
1,S3 PaFAR-HC,S3,PaFAR-HC,,188,0.077509
1,S3 PaFAR-HC,S3,PaFAR-HC,,189,0.088207
1,S3 PaFAR-HC,S3,PaFAR-HC,,190,0.089485
1,S3 PaFAR-HC,S3,PaFAR-HC,,191,0.086269
1,S3 PaFAR-HC,S3,PaFAR-HC,,192,0.088163
1,S3 PaFAR-HC,S3,PaFAR-HC,,193,0.067563
1,S3 PaFAR-HC,S3,PaFAR-HC,,194,0.080137
1,S3 PaFAR-HC,S3,PaFAR-HC,,195,0.067984
1,S3 PaFAR-HC,S3,PaFAR-HC,,196,0.084583
1,S3 PaFAR-HC,S3,PaFAR-HC,,197,0.0755
1,S3 PaFAR-HC,S3,PaFAR-HC,,198,0.073259
1,S3 PaFAR-HC,S3,PaFAR-HC,,199,0.072462
1,S3 PaFAR-HC,S3,PaFAR-HC,,200,0.093309
1,S3 PaFAR-HC,S3,PaFAR-HC,,201,0.080542
1,S3 PaFAR-HC,S3,PaFAR-HC,,202,0.08219
1,S3 PaFAR-HC,S3,PaFAR-HC,,203,0.079567
1,S3 PaFAR-HC,S3,PaFAR-HC,,204,0.097011
1,S3 PaFAR-HC,S3,PaFAR-HC,,205,0.079215
1,S3 PaFAR-HC,S3,PaFAR-HC,,206,0.067227
1,S3 PaFAR-HC,S3,PaFAR-HC,,207,0.067488
1,S3 PaFAR-HC,S3,PaFAR-HC,,208,0.096348
1,S3 PaFAR-HC,S3,PaFAR-HC,,209,0.082266
1,S3 PaFAR-HC,S3,PaFAR-HC,,210,0.073353
1,S3 PaFAR-HC,S3,PaFAR-HC,,211,0.082969
1,S3 PaFAR-HC,S3,PaFAR-HC,,212,0.070094
1,S3 PaFAR-HC,S3,PaFAR-HC,,213,0.080799
1,S3 PaFAR-HC,S3,PaFAR-HC,,214,0.065794
1,S3 PaFAR-HC,S3,PaFAR-HC,,215,0.071726
1,S3 PaFAR-HC,S3,PaFAR-HC,,216,0.080668
1,S3 PaFAR-HC,S3,PaFAR-HC,,217,0.077493
1,S3 PaFAR-HC,S3,PaFAR-HC,,218,0.063414
1,S3 PaFAR-HC,S3,PaFAR-HC,,219,0.073148
1,S3 PaFAR-HC,S3,PaFAR-HC,,220,0.077774
1,S3 PaFAR-HC,S3,PaFAR-HC,,221,0.077886
1,S3 PaFAR-HC,S3,PaFAR-HC,,222,0.066768
1,S3 PaFAR-HC,S3,PaFAR-HC,,223,0.080673
1,S3 PaFAR-HC,S3,PaFAR-HC,,224,0.067607
1,S3 PaFAR-HC,S3,PaFAR-HC,,225,0.106663
1,S3 PaFAR-HC,S3,PaFAR-HC,,226,0.063226
1,S3 PaFAR-HC,S3,PaFAR-HC,,227,0.060397
1,S3 PaFAR-HC,S3,PaFAR-HC,,228,0.09438
1,S3 PaFAR-HC,S3,PaFAR-HC,,229,0.087624
1,S3 PaFAR-HC,S3,PaFAR-HC,,230,0.091605
1,S3 PaFAR-HC,S3,PaFAR-HC,,231,0.109386
1,S3 PaFAR-HC,S3,PaFAR-HC,,232,0.04892
1,S3 PaFAR-HC,S3,PaFAR-HC,,233,0.10398
1,S3 PaFAR-HC,S3,PaFAR-HC,,234,0.07745
1,S3 PaFAR-HC,S3,PaFAR-HC,,235,0.068536
1,S3 PaFAR-HC,S3,PaFAR-HC,,236,0.071884
1,S3 PaFAR-HC,S3,PaFAR-HC,,237,0.065139
1,S3 PaFAR-HC,S3,PaFAR-HC,,238,0.082685
1,S3 PaFAR-HC,S3,PaFAR-HC,,239,0.092898
1,S3 PaFAR-HC,S3,PaFAR-HC,,240,0.076466
1,S3 PaFAR-HC,S3,PaFAR-HC,,241,0.069039
1,S3 PaFAR-HC,S3,PaFAR-HC,,242,0.059643
1,S3 PaFAR-HC,S3,PaFAR-HC,,243,0.062016
1,S3 PaFAR-HC,S3,PaFAR-HC,,244,0.055845
1,S3 PaFAR-HC,S3,PaFAR-HC,,245,0.079654
1,S3 PaFAR-HC,S3,PaFAR-HC,,246,0.086394
1,S3 PaFAR-HC,S3,PaFAR-HC,,247,0.063827
1,S3 PaFAR-HC,S3,PaFAR-HC,,248,0.08929
1,S3 PaFAR-HC,S3,PaFAR-HC,,249,0.068435
1,S3 PaFAR-HC,S3,PaFAR-HC,,250,0.078871
1,S3 PaFAR-HC,S3,PaFAR-HC,,251,0.079264
1,S3 PaFAR-HC,S3,PaFAR-HC,,252,0.089943
1,S3 PaFAR-HC,S3,PaFAR-HC,,253,0.097155
1,S3 PaFAR-HC,S3,PaFAR-HC,,254,0.088375
1,S3 PaFAR-HC,S3,PaFAR-HC,,255,0.106465
1,S3 PaFAR-HC,S3,PaFAR-HC,,256,0.0801
1,S3 PaFAR-HC,S3,PaFAR-HC,,257,0.088619
1,S3 PaFAR-HC,S3,PaFAR-HC,,258,0.087559
1,S3 PaFAR-HC,S3,PaFAR-HC,,259,0.073618
1,S3 PaFAR-HC,S3,PaFAR-HC,,260,0.087868
1,S3 PaFAR-HC,S3,PaFAR-HC,,261,0.081534
1,S3 PaFAR-HC,S3,PaFAR-HC,,262,0.065558
1,S3 PaFAR-HC,S3,PaFAR-HC,,263,0.082636
1,S3 PaFAR-HC,S3,PaFAR-HC,,264,0.070502
1,S3 PaFAR-HC,S3,PaFAR-HC,,265,0.068709
1,S3 PaFAR-HC,S3,PaFAR-HC,,266,0.079414
1,S3 PaFAR-HC,S3,PaFAR-HC,,267,0.084221
1,S3 PaFAR-HC,S3,PaFAR-HC,,268,0.098585
1,S3 PaFAR-HC,S3,PaFAR-HC,,269,0.077195
1,S3 PaFAR-HC,S3,PaFAR-HC,,270,0.114517
1,S3 PaFAR-HC,S3,PaFAR-HC,,271,0.07492
1,S3 PaFAR-HC,S3,PaFAR-HC,,272,0.072316
1,S3 PaFAR-HC,S3,PaFAR-HC,,273,0.06624
1,S3 PaFAR-HC,S3,PaFAR-HC,,274,0.094399
1,S3 PaFAR-HC,S3,PaFAR-HC,,275,0.088345
1,S3 PaFAR-HC,S3,PaFAR-HC,,276,0.05815
1,S3 PaFAR-HC,S3,PaFAR-HC,,277,0.058927
1,S3 PaFAR-HC,S3,PaFAR-HC,,278,0.07788
1,S3 PaFAR-HC,S3,PaFAR-HC,,279,0.069624
1,S3 PaFAR-HC,S3,PaFAR-HC,,280,0.078488
1,S3 PaFAR-HC,S3,PaFAR-HC,,281,0.066872
1,S3 PaFAR-HC,S3,PaFAR-HC,,282,0.063799
1,S3 PaFAR-HC,S3,PaFAR-HC,,283,0.072168
1,S3 PaFAR-HC,S3,PaFAR-HC,,284,0.060758
1,S3 PaFAR-HC,S3,PaFAR-HC,,285,0.090144
1,S3 PaFAR-HC,S3,PaFAR-HC,,286,0.073265
1,S3 PaFAR-HC,S3,PaFAR-HC,,287,0.06272
1,S3 PaFAR-HC,S3,PaFAR-HC,,288,0.058501
1,S3 PaFAR-HC,S3,PaFAR-HC,,289,0.097916
1,S3 PaFAR-HC,S3,PaFAR-HC,,290,0.087828
1,S3 PaFAR-HC,S3,PaFAR-HC,,291,0.07144
1,S3 PaFAR-HC,S3,PaFAR-HC,,292,0.082011
1,S3 PaFAR-HC,S3,PaFAR-HC,,293,0.073897
1,S3 PaFAR-HC,S3,PaFAR-HC,,294,0.074426
1,S3 PaFAR-HC,S3,PaFAR-HC,,295,0.101168
1,S3 PaFAR-HC,S3,PaFAR-HC,,296,0.09006
1,S3 PaFAR-HC,S3,PaFAR-HC,,297,0.069554
1,S3 PaFAR-HC,S3,PaFAR-HC,,298,0.060437
1,S3 PaFAR-HC,S3,PaFAR-HC,,299,0.077106
1,S3 PaFAR-HC,S3,PaFAR-HC,,300,0.077517
1,S3 PaFAR-HC,S3,PaFAR-HC,,301,0.080794
1,S3 PaFAR-HC,S3,PaFAR-HC,,302,0.077549
1,S3 PaFAR-HC,S3,PaFAR-HC,,303,0.108263
1,S3 PaFAR-HC,S3,PaFAR-HC,,304,0.091438
1,S3 PaFAR-HC,S3,PaFAR-HC,,305,0.06942
1,S3 PaFAR-HC,S3,PaFAR-HC,,306,0.065401
1,S3 PaFAR-HC,S3,PaFAR-HC,,307,0.07798
1,S3 PaFAR-HC,S3,PaFAR-HC,,308,0.073752
1,S3 PaFAR-HC,S3,PaFAR-HC,,309,0.122342
1,S3 PaFAR-HC,S3,PaFAR-HC,,310,0.069798
1,S3 PaFAR-HC,S3,PaFAR-HC,,311,0.079013
1,S3 PaFAR-HC,S3,PaFAR-HC,,312,0.081854
1,S3 PaFAR-HC,S3,PaFAR-HC,,313,0.067965
1,S3 PaFAR-HC,S3,PaFAR-HC,,314,0.094617
1,S3 PaFAR-HC,S3,PaFAR-HC,,315,0.082907
1,S3 PaFAR-HC,S3,PaFAR-HC,,316,0.087788
1,S3 PaFAR-HC,S3,PaFAR-HC,,317,0.092849
1,S3 PaFAR-HC,S3,PaFAR-HC,,318,0.067606
1,S3 PaFAR-HC,S3,PaFAR-HC,,319,0.085009
1,S3 PaFAR-HC,S3,PaFAR-HC,,320,0.074138
1,S3 PaFAR-HC,S3,PaFAR-HC,,321,0.052767
1,S3 PaFAR-HC,S3,PaFAR-HC,,322,0.095265
1,S3 PaFAR-HC,S3,PaFAR-HC,,323,0.07719
1,S3 PaFAR-HC,S3,PaFAR-HC,,324,0.093173
1,S3 PaFAR-HC,S3,PaFAR-HC,,325,0.078917
1,S3 PaFAR-HC,S3,PaFAR-HC,,326,0.076868
1,S3 PaFAR-HC,S3,PaFAR-HC,,327,0.102079
1,S3 PaFAR-HC,S3,PaFAR-HC,,328,0.078162
1,S3 PaFAR-HC,S3,PaFAR-HC,,329,0.063797
1,S3 PaFAR-HC,S3,PaFAR-HC,,330,0.070049
1,S3 PaFAR-HC,S3,PaFAR-HC,,331,0.122061
1,S3 PaFAR-HC,S3,PaFAR-HC,,332,0.068125
1,S3 PaFAR-HC,S3,PaFAR-HC,,333,0.07313
1,S3 PaFAR-HC,S3,PaFAR-HC,,334,0.086279
1,S3 PaFAR-HC,S3,PaFAR-HC,,335,0.07534
1,S3 PaFAR-HC,S3,PaFAR-HC,,336,0.074687
1,S3 PaFAR-HC,S3,PaFAR-HC,,337,0.074554
1,S3 PaFAR-HC,S3,PaFAR-HC,,338,0.080673
1,S3 PaFAR-HC,S3,PaFAR-HC,,339,0.073058
1,S3 PaFAR-HC,S3,PaFAR-HC,,340,0.073734
1,S3 PaFAR-HC,S3,PaFAR-HC,,341,0.056597
1,S3 PaFAR-HC,S3,PaFAR-HC,,342,0.08684
1,S3 PaFAR-HC,S3,PaFAR-HC,,343,0.06529
1,S3 PaFAR-HC,S3,PaFAR-HC,,344,0.097953
1,S3 PaFAR-HC,S3,PaFAR-HC,,345,0.093235
1,S3 PaFAR-HC,S3,PaFAR-HC,,346,0.070657
1,S3 PaFAR-HC,S3,PaFAR-HC,,347,0.069135
1,S3 PaFAR-HC,S3,PaFAR-HC,,348,0.112777
1,S3 PaFAR-HC,S3,PaFAR-HC,,349,0.080447
1,S3 PaFAR-HC,S3,PaFAR-HC,,350,0.082229
1,S3 PaFAR-HC,S3,PaFAR-HC,,351,0.088792
1,S3 PaFAR-HC,S3,PaFAR-HC,,352,0.078937
1,S3 PaFAR-HC,S3,PaFAR-HC,,353,0.070137
1,S3 PaFAR-HC,S3,PaFAR-HC,,354,0.076707
1,S3 PaFAR-HC,S3,PaFAR-HC,,355,0.086772
1,S3 PaFAR-HC,S3,PaFAR-HC,,356,0.069475
1,S3 PaFAR-HC,S3,PaFAR-HC,,357,0.070817
1,S3 PaFAR-HC,S3,PaFAR-HC,,358,0.095769
1,S3 PaFAR-HC,S3,PaFAR-HC,,359,0.071533
1,S3 PaFAR-HC,S3,PaFAR-HC,,360,0.064847
1,S3 PaFAR-HC,S3,PaFAR-HC,,361,0.070866
1,S3 PaFAR-HC,S3,PaFAR-HC,,362,0.083591
1,S3 PaFAR-HC,S3,PaFAR-HC,,363,0.103342
1,S3 PaFAR-HC,S3,PaFAR-HC,,364,0.082499
1,S3 PaFAR-HC,S3,PaFAR-HC,,365,0.092585
1,S3 PaFAR-HC,S3,PaFAR-HC,,366,0.054425
1,S3 PaFAR-HC,S3,PaFAR-HC,,367,0.084528
1,S3 PaFAR-HC,S3,PaFAR-HC,,368,0.06514
1,S3 PaFAR-HC,S3,PaFAR-HC,,369,0.076477
1,S3 PaFAR-HC,S3,PaFAR-HC,,370,0.084273
1,S3 PaFAR-HC,S3,PaFAR-HC,,371,0.066489
1,S3 PaFAR-HC,S3,PaFAR-HC,,372,0.075797
1,S3 PaFAR-HC,S3,PaFAR-HC,,373,0.085941
1,S3 PaFAR-HC,S3,PaFAR-HC,,374,0.085013
1,S3 PaFAR-HC,S3,PaFAR-HC,,375,0.062716
1,S3 PaFAR-HC,S3,PaFAR-HC,,376,0.06696
1,S3 PaFAR-HC,S3,PaFAR-HC,,377,0.065308
1,S3 PaFAR-HC,S3,PaFAR-HC,,378,0.069992
1,S3 PaFAR-HC,S3,PaFAR-HC,,379,0.053476
1,S3 PaFAR-HC,S3,PaFAR-HC,,380,0.089709
1,S3 PaFAR-HC,S3,PaFAR-HC,,381,0.063489
1,S3 PaFAR-HC,S3,PaFAR-HC,,382,0.062512
1,S3 PaFAR-HC,S3,PaFAR-HC,,383,0.057335
1,S3 PaFAR-HC,S3,PaFAR-HC,,384,0.091879
1,S3 PaFAR-HC,S3,PaFAR-HC,,385,0.093248
1,S3 PaFAR-HC,S3,PaFAR-HC,,386,0.082909
1,S3 PaFAR-HC,S3,PaFAR-HC,,387,0.079844
1,S3 PaFAR-HC,S3,PaFAR-HC,,388,0.082435
1,S3 PaFAR-HC,S3,PaFAR-HC,,389,0.104711
1,S3 PaFAR-HC,S3,PaFAR-HC,,390,0.088301
1,S3 PaFAR-HC,S3,PaFAR-HC,,391,0.074104
1,S3 PaFAR-HC,S3,PaFAR-HC,,392,0.072574
1,S3 PaFAR-HC,S3,PaFAR-HC,,393,0.063766
1,S3 PaFAR-HC,S3,PaFAR-HC,,394,0.07366
1,S3 PaFAR-HC,S3,PaFAR-HC,,395,0.083695
1,S3 PaFAR-HC,S3,PaFAR-HC,,396,0.085882
1,S3 PaFAR-HC,S3,PaFAR-HC,,397,0.070423
1,S3 PaFAR-HC,S3,PaFAR-HC,,398,0.084495
1,S3 PaFAR-HC,S3,PaFAR-HC,,399,0.080591
1,S3 PaFAR-HC,S3,PaFAR-HC,,400,0.087661
1,S3 PaFAR-HC,S3,PaFAR-HC,,401,0.077533
1,S3 PaFAR-HC,S3,PaFAR-HC,,402,0.058243
1,S3 PaFAR-HC,S3,PaFAR-HC,,403,0.075935
1,S3 PaFAR-HC,S3,PaFAR-HC,,404,0.075913
1,S3 PaFAR-HC,S3,PaFAR-HC,,405,0.07176
1,S3 PaFAR-HC,S3,PaFAR-HC,,406,0.090758
1,S3 PaFAR-HC,S3,PaFAR-HC,,407,0.072965
1,S3 PaFAR-HC,S3,PaFAR-HC,,408,0.084224
1,S3 PaFAR-HC,S3,PaFAR-HC,,409,0.1147
1,S3 PaFAR-HC,S3,PaFAR-HC,,410,0.065766
1,S3 PaFAR-HC,S3,PaFAR-HC,,411,0.077678
1,S3 PaFAR-HC,S3,PaFAR-HC,,412,0.075875
1,S3 PaFAR-HC,S3,PaFAR-HC,,413,0.063635
1,S3 PaFAR-HC,S3,PaFAR-HC,,414,0.069554
1,S3 PaFAR-HC,S3,PaFAR-HC,,415,0.078602
1,S3 PaFAR-HC,S3,PaFAR-HC,,416,0.085215
1,S3 PaFAR-HC,S3,PaFAR-HC,,417,0.07319
1,S3 PaFAR-HC,S3,PaFAR-HC,,418,0.063895
1,S3 PaFAR-HC,S3,PaFAR-HC,,419,0.079418
1,S3 PaFAR-HC,S3,PaFAR-HC,,420,0.092641
1,S3 PaFAR-HC,S3,PaFAR-HC,,421,0.064945
1,S3 PaFAR-HC,S3,PaFAR-HC,,422,0.091865
1,S3 PaFAR-HC,S3,PaFAR-HC,,423,0.062995
1,S3 PaFAR-HC,S3,PaFAR-HC,,424,0.062398
1,S3 PaFAR-HC,S3,PaFAR-HC,,425,0.074103
1,S3 PaFAR-HC,S3,PaFAR-HC,,426,0.088265
1,S3 PaFAR-HC,S3,PaFAR-HC,,427,0.081194
1,S3 PaFAR-HC,S3,PaFAR-HC,,428,0.083428
1,S3 PaFAR-HC,S3,PaFAR-HC,,429,0.070768
1,S3 PaFAR-HC,S3,PaFAR-HC,,430,0.079822
1,S3 PaFAR-HC,S3,PaFAR-HC,,431,0.107984
1,S3 PaFAR-HC,S3,PaFAR-HC,,432,0.059497
1,S3 PaFAR-HC,S3,PaFAR-HC,,433,0.063547
1,S3 PaFAR-HC,S3,PaFAR-HC,,434,0.075028
1,S3 PaFAR-HC,S3,PaFAR-HC,,435,0.100037
1,S3 PaFAR-HC,S3,PaFAR-HC,,436,0.094397
1,S3 PaFAR-HC,S3,PaFAR-HC,,437,0.064667
1,S3 PaFAR-HC,S3,PaFAR-HC,,438,0.085683
1,S3 PaFAR-HC,S3,PaFAR-HC,,439,0.073259
1,S3 PaFAR-HC,S3,PaFAR-HC,,440,0.068587
1,S3 PaFAR-HC,S3,PaFAR-HC,,441,0.092067
1,S3 PaFAR-HC,S3,PaFAR-HC,,442,0.075047
1,S3 PaFAR-HC,S3,PaFAR-HC,,443,0.077998
1,S3 PaFAR-HC,S3,PaFAR-HC,,444,0.084943
1,S3 PaFAR-HC,S3,PaFAR-HC,,445,0.072473
1,S3 PaFAR-HC,S3,PaFAR-HC,,446,0.063011
1,S3 PaFAR-HC,S3,PaFAR-HC,,447,0.075556
1,S3 PaFAR-HC,S3,PaFAR-HC,,448,0.088268
1,S3 PaFAR-HC,S3,PaFAR-HC,,449,0.072038
1,S3 PaFAR-HC,S3,PaFAR-HC,,450,0.088916
1,S3 PaFAR-HC,S3,PaFAR-HC,,451,0.093987
1,S3 PaFAR-HC,S3,PaFAR-HC,,452,0.090756
1,S3 PaFAR-HC,S3,PaFAR-HC,,453,0.062228
1,S3 PaFAR-HC,S3,PaFAR-HC,,454,0.084403
1,S3 PaFAR-HC,S3,PaFAR-HC,,455,0.07537
1,S3 PaFAR-HC,S3,PaFAR-HC,,456,0.067005
1,S3 PaFAR-HC,S3,PaFAR-HC,,457,0.080178
1,S3 PaFAR-HC,S3,PaFAR-HC,,458,0.068744
1,S3 PaFAR-HC,S3,PaFAR-HC,,459,0.074633
1,S3 PaFAR-HC,S3,PaFAR-HC,,460,0.066297
1,S3 PaFAR-HC,S3,PaFAR-HC,,461,0.070123
1,S3 PaFAR-HC,S3,PaFAR-HC,,462,0.07945
1,S3 PaFAR-HC,S3,PaFAR-HC,,463,0.060099
1,S3 PaFAR-HC,S3,PaFAR-HC,,464,0.071044
1,S3 PaFAR-HC,S3,PaFAR-HC,,465,0.068578
1,S3 PaFAR-HC,S3,PaFAR-HC,,466,0.058343
1,S3 PaFAR-HC,S3,PaFAR-HC,,467,0.068309
1,S3 PaFAR-HC,S3,PaFAR-HC,,468,0.071558
1,S3 PaFAR-HC,S3,PaFAR-HC,,469,0.069504
1,S3 PaFAR-HC,S3,PaFAR-HC,,470,0.119349
1,S3 PaFAR-HC,S3,PaFAR-HC,,471,0.08003
1,S3 PaFAR-HC,S3,PaFAR-HC,,472,0.054509
1,S3 PaFAR-HC,S3,PaFAR-HC,,473,0.070612
1,S3 PaFAR-HC,S3,PaFAR-HC,,474,0.089634
1,S3 PaFAR-HC,S3,PaFAR-HC,,475,0.063799
1,S3 PaFAR-HC,S3,PaFAR-HC,,476,0.071613
1,S3 PaFAR-HC,S3,PaFAR-HC,,477,0.07278
1,S3 PaFAR-HC,S3,PaFAR-HC,,478,0.088594
1,S3 PaFAR-HC,S3,PaFAR-HC,,479,0.076267
1,S3 PaFAR-HC,S3,PaFAR-HC,,480,0.090769
1,S3 PaFAR-HC,S3,PaFAR-HC,,481,0.077393
1,S3 PaFAR-HC,S3,PaFAR-HC,,482,0.077234
1,S3 PaFAR-HC,S3,PaFAR-HC,,483,0.05236
1,S3 PaFAR-HC,S3,PaFAR-HC,,484,0.089442
1,S3 PaFAR-HC,S3,PaFAR-HC,,485,0.0811
1,S3 PaFAR-HC,S3,PaFAR-HC,,486,0.075777
1,S3 PaFAR-HC,S3,PaFAR-HC,,487,0.089402
1,S3 PaFAR-HC,S3,PaFAR-HC,,488,0.087056
1,S3 PaFAR-HC,S3,PaFAR-HC,,489,0.085966
1,S3 PaFAR-HC,S3,PaFAR-HC,,490,0.107739
1,S3 PaFAR-HC,S3,PaFAR-HC,,491,0.073713
1,S3 PaFAR-HC,S3,PaFAR-HC,,492,0.085492
1,S3 PaFAR-HC,S3,PaFAR-HC,,493,0.067514
1,S3 PaFAR-HC,S3,PaFAR-HC,,494,0.073136
1,S3 PaFAR-HC,S3,PaFAR-HC,,495,0.070438
1,S3 PaFAR-HC,S3,PaFAR-HC,,496,0.080428
1,S3 PaFAR-HC,S3,PaFAR-HC,,497,0.065393
1,S3 PaFAR-HC,S3,PaFAR-HC,,498,0.103281
1,S3 PaFAR-HC,S3,PaFAR-HC,,499,0.072593
2,Direct transfer,S4,Direct source transfer,0.0,0,0.310104
2,Direct transfer,S4,Direct source transfer,0.0,1,0.270616
2,Direct transfer,S4,Direct source transfer,0.0,2,0.320418
2,Direct transfer,S4,Direct source transfer,0.0,3,0.239158
2,Direct transfer,S4,Direct source transfer,0.0,4,0.279725
2,Direct transfer,S4,Direct source transfer,0.0,5,0.29151
2,Direct transfer,S4,Direct source transfer,0.0,6,0.270951
2,Direct transfer,S4,Direct source transfer,0.0,7,0.29739
2,Direct transfer,S4,Direct source transfer,0.0,8,0.30008
2,Direct transfer,S4,Direct source transfer,0.0,9,0.289878
2,Direct transfer,S4,Direct source transfer,0.0,10,0.275288
2,Direct transfer,S4,Direct source transfer,0.0,11,0.252308
2,Direct transfer,S4,Direct source transfer,0.0,12,0.266315
2,Direct transfer,S4,Direct source transfer,0.0,13,0.340285
2,Direct transfer,S4,Direct source transfer,0.0,14,0.297665
2,Direct transfer,S4,Direct source transfer,0.0,15,0.275193
2,Direct transfer,S4,Direct source transfer,0.0,16,0.260426
2,Direct transfer,S4,Direct source transfer,0.0,17,0.326779
2,Direct transfer,S4,Direct source transfer,0.0,18,0.306253
2,Direct transfer,S4,Direct source transfer,0.0,19,0.292894
2,Direct transfer,S4,Direct source transfer,0.0,20,0.278458
2,Direct transfer,S4,Direct source transfer,0.0,21,0.237096
2,Direct transfer,S4,Direct source transfer,0.0,22,0.35861
2,Direct transfer,S4,Direct source transfer,0.0,23,0.248226
2,Direct transfer,S4,Direct source transfer,0.0,24,0.248778
2,Direct transfer,S4,Direct source transfer,0.0,25,0.278458
2,Direct transfer,S4,Direct source transfer,0.0,26,0.298927
2,Direct transfer,S4,Direct source transfer,0.0,27,0.292469
2,Direct transfer,S4,Direct source transfer,0.0,28,0.263974
2,Direct transfer,S4,Direct source transfer,0.0,29,0.274395
2,Direct transfer,S4,Direct source transfer,0.0,30,0.263272
2,Direct transfer,S4,Direct source transfer,0.0,31,0.288734
2,Direct transfer,S4,Direct source transfer,0.0,32,0.284113
2,Direct transfer,S4,Direct source transfer,0.0,33,0.272281
2,Direct transfer,S4,Direct source transfer,0.0,34,0.308381
2,Direct transfer,S4,Direct source transfer,0.0,35,0.282934
2,Direct transfer,S4,Direct source transfer,0.0,36,0.308222
2,Direct transfer,S4,Direct source transfer,0.0,37,0.253985
2,Direct transfer,S4,Direct source transfer,0.0,38,0.290119
2,Direct transfer,S4,Direct source transfer,0.0,39,0.267454
2,Direct transfer,S4,Direct source transfer,0.0,40,0.276971
2,Direct transfer,S4,Direct source transfer,0.0,41,0.290162
2,Direct transfer,S4,Direct source transfer,0.0,42,0.300617
2,Direct transfer,S4,Direct source transfer,0.0,43,0.318568
2,Direct transfer,S4,Direct source transfer,0.0,44,0.308759
2,Direct transfer,S4,Direct source transfer,0.0,45,0.315598
2,Direct transfer,S4,Direct source transfer,0.0,46,0.298218
2,Direct transfer,S4,Direct source transfer,0.0,47,0.243988
2,Direct transfer,S4,Direct source transfer,0.0,48,0.259777
2,Direct transfer,S4,Direct source transfer,0.0,49,0.304249
2,Direct transfer,S4,Direct source transfer,0.0,50,0.318196
2,Direct transfer,S4,Direct source transfer,0.0,51,0.274608
2,Direct transfer,S4,Direct source transfer,0.0,52,0.316121
2,Direct transfer,S4,Direct source transfer,0.0,53,0.255468
2,Direct transfer,S4,Direct source transfer,0.0,54,0.273982
2,Direct transfer,S4,Direct source transfer,0.0,55,0.313324
2,Direct transfer,S4,Direct source transfer,0.0,56,0.3198
2,Direct transfer,S4,Direct source transfer,0.0,57,0.300005
2,Direct transfer,S4,Direct source transfer,0.0,58,0.27573
2,Direct transfer,S4,Direct source transfer,0.0,59,0.315912
2,Direct transfer,S4,Direct source transfer,0.0,60,0.288001
2,Direct transfer,S4,Direct source transfer,0.0,61,0.244544
2,Direct transfer,S4,Direct source transfer,0.0,62,0.265445
2,Direct transfer,S4,Direct source transfer,0.0,63,0.310869
2,Direct transfer,S4,Direct source transfer,0.0,64,0.266538
2,Direct transfer,S4,Direct source transfer,0.0,65,0.256827
2,Direct transfer,S4,Direct source transfer,0.0,66,0.282254
2,Direct transfer,S4,Direct source transfer,0.0,67,0.27712
2,Direct transfer,S4,Direct source transfer,0.0,68,0.252428
2,Direct transfer,S4,Direct source transfer,0.0,69,0.275944
2,Direct transfer,S4,Direct source transfer,0.0,70,0.300213
2,Direct transfer,S4,Direct source transfer,0.0,71,0.267477
2,Direct transfer,S4,Direct source transfer,0.0,72,0.266344
2,Direct transfer,S4,Direct source transfer,0.0,73,0.244804
2,Direct transfer,S4,Direct source transfer,0.0,74,0.263783
2,Direct transfer,S4,Direct source transfer,0.0,75,0.299513
2,Direct transfer,S4,Direct source transfer,0.0,76,0.289844
2,Direct transfer,S4,Direct source transfer,0.0,77,0.309302
2,Direct transfer,S4,Direct source transfer,0.0,78,0.286517
2,Direct transfer,S4,Direct source transfer,0.0,79,0.276869
2,Direct transfer,S4,Direct source transfer,0.0,80,0.281814
2,Direct transfer,S4,Direct source transfer,0.0,81,0.302152
2,Direct transfer,S4,Direct source transfer,0.0,82,0.290263
2,Direct transfer,S4,Direct source transfer,0.0,83,0.278453
2,Direct transfer,S4,Direct source transfer,0.0,84,0.264366
2,Direct transfer,S4,Direct source transfer,0.0,85,0.285868
2,Direct transfer,S4,Direct source transfer,0.0,86,0.24722
2,Direct transfer,S4,Direct source transfer,0.0,87,0.272093
2,Direct transfer,S4,Direct source transfer,0.0,88,0.298192
2,Direct transfer,S4,Direct source transfer,0.0,89,0.271794
2,Direct transfer,S4,Direct source transfer,0.0,90,0.336016
2,Direct transfer,S4,Direct source transfer,0.0,91,0.2655
2,Direct transfer,S4,Direct source transfer,0.0,92,0.260958
2,Direct transfer,S4,Direct source transfer,0.0,93,0.337439
2,Direct transfer,S4,Direct source transfer,0.0,94,0.265749
2,Direct transfer,S4,Direct source transfer,0.0,95,0.28179
2,Direct transfer,S4,Direct source transfer,0.0,96,0.254906
2,Direct transfer,S4,Direct source transfer,0.0,97,0.266876
2,Direct transfer,S4,Direct source transfer,0.0,98,0.291401
2,Direct transfer,S4,Direct source transfer,0.0,99,0.263306
2,Direct transfer,S4,Direct source transfer,0.0,100,0.29323
2,Direct transfer,S4,Direct source transfer,0.0,101,0.260321
2,Direct transfer,S4,Direct source transfer,0.0,102,0.265845
2,Direct transfer,S4,Direct source transfer,0.0,103,0.278441
2,Direct transfer,S4,Direct source transfer,0.0,104,0.269428
2,Direct transfer,S4,Direct source transfer,0.0,105,0.283458
2,Direct transfer,S4,Direct source transfer,0.0,106,0.270809
2,Direct transfer,S4,Direct source transfer,0.0,107,0.344456
2,Direct transfer,S4,Direct source transfer,0.0,108,0.282509
2,Direct transfer,S4,Direct source transfer,0.0,109,0.262345
2,Direct transfer,S4,Direct source transfer,0.0,110,0.249484
2,Direct transfer,S4,Direct source transfer,0.0,111,0.263414
2,Direct transfer,S4,Direct source transfer,0.0,112,0.266065
2,Direct transfer,S4,Direct source transfer,0.0,113,0.265342
2,Direct transfer,S4,Direct source transfer,0.0,114,0.314346
2,Direct transfer,S4,Direct source transfer,0.0,115,0.325526
2,Direct transfer,S4,Direct source transfer,0.0,116,0.273344
2,Direct transfer,S4,Direct source transfer,0.0,117,0.259432
2,Direct transfer,S4,Direct source transfer,0.0,118,0.294802
2,Direct transfer,S4,Direct source transfer,0.0,119,0.312403
2,Direct transfer,S4,Direct source transfer,0.0,120,0.311231
2,Direct transfer,S4,Direct source transfer,0.0,121,0.300576
2,Direct transfer,S4,Direct source transfer,0.0,122,0.261393
2,Direct transfer,S4,Direct source transfer,0.0,123,0.245614
2,Direct transfer,S4,Direct source transfer,0.0,124,0.253178
2,Direct transfer,S4,Direct source transfer,0.0,125,0.269541
2,Direct transfer,S4,Direct source transfer,0.0,126,0.322903
2,Direct transfer,S4,Direct source transfer,0.0,127,0.277769
2,Direct transfer,S4,Direct source transfer,0.0,128,0.328374
2,Direct transfer,S4,Direct source transfer,0.0,129,0.31245
2,Direct transfer,S4,Direct source transfer,0.0,130,0.296355
2,Direct transfer,S4,Direct source transfer,0.0,131,0.28026
2,Direct transfer,S4,Direct source transfer,0.0,132,0.300481
2,Direct transfer,S4,Direct source transfer,0.0,133,0.298253
2,Direct transfer,S4,Direct source transfer,0.0,134,0.349464
2,Direct transfer,S4,Direct source transfer,0.0,135,0.332562
2,Direct transfer,S4,Direct source transfer,0.0,136,0.207924
2,Direct transfer,S4,Direct source transfer,0.0,137,0.287208
2,Direct transfer,S4,Direct source transfer,0.0,138,0.250849
2,Direct transfer,S4,Direct source transfer,0.0,139,0.287382
2,Direct transfer,S4,Direct source transfer,0.0,140,0.259493
2,Direct transfer,S4,Direct source transfer,0.0,141,0.272616
2,Direct transfer,S4,Direct source transfer,0.0,142,0.332213
2,Direct transfer,S4,Direct source transfer,0.0,143,0.277419
2,Direct transfer,S4,Direct source transfer,0.0,144,0.254544
2,Direct transfer,S4,Direct source transfer,0.0,145,0.290318
2,Direct transfer,S4,Direct source transfer,0.0,146,0.30856
2,Direct transfer,S4,Direct source transfer,0.0,147,0.293354
2,Direct transfer,S4,Direct source transfer,0.0,148,0.266056
2,Direct transfer,S4,Direct source transfer,0.0,149,0.300635
2,Direct transfer,S4,Direct source transfer,0.0,150,0.263415
2,Direct transfer,S4,Direct source transfer,0.0,151,0.259503
2,Direct transfer,S4,Direct source transfer,0.0,152,0.329738
2,Direct transfer,S4,Direct source transfer,0.0,153,0.298865
2,Direct transfer,S4,Direct source transfer,0.0,154,0.308558
2,Direct transfer,S4,Direct source transfer,0.0,155,0.267054
2,Direct transfer,S4,Direct source transfer,0.0,156,0.286503
2,Direct transfer,S4,Direct source transfer,0.0,157,0.269961
2,Direct transfer,S4,Direct source transfer,0.0,158,0.212336
2,Direct transfer,S4,Direct source transfer,0.0,159,0.254299
2,Direct transfer,S4,Direct source transfer,0.0,160,0.267253
2,Direct transfer,S4,Direct source transfer,0.0,161,0.291486
2,Direct transfer,S4,Direct source transfer,0.0,162,0.291008
2,Direct transfer,S4,Direct source transfer,0.0,163,0.262216
2,Direct transfer,S4,Direct source transfer,0.0,164,0.327996
2,Direct transfer,S4,Direct source transfer,0.0,165,0.272067
2,Direct transfer,S4,Direct source transfer,0.0,166,0.332234
2,Direct transfer,S4,Direct source transfer,0.0,167,0.252195
2,Direct transfer,S4,Direct source transfer,0.0,168,0.285515
2,Direct transfer,S4,Direct source transfer,0.0,169,0.275429
2,Direct transfer,S4,Direct source transfer,0.0,170,0.28039
2,Direct transfer,S4,Direct source transfer,0.0,171,0.297445
2,Direct transfer,S4,Direct source transfer,0.0,172,0.255499
2,Direct transfer,S4,Direct source transfer,0.0,173,0.338135
2,Direct transfer,S4,Direct source transfer,0.0,174,0.271094
2,Direct transfer,S4,Direct source transfer,0.0,175,0.330736
2,Direct transfer,S4,Direct source transfer,0.0,176,0.311518
2,Direct transfer,S4,Direct source transfer,0.0,177,0.362749
2,Direct transfer,S4,Direct source transfer,0.0,178,0.317666
2,Direct transfer,S4,Direct source transfer,0.0,179,0.26505
2,Direct transfer,S4,Direct source transfer,0.0,180,0.26717
2,Direct transfer,S4,Direct source transfer,0.0,181,0.249917
2,Direct transfer,S4,Direct source transfer,0.0,182,0.251163
2,Direct transfer,S4,Direct source transfer,0.0,183,0.270338
2,Direct transfer,S4,Direct source transfer,0.0,184,0.244124
2,Direct transfer,S4,Direct source transfer,0.0,185,0.277424
2,Direct transfer,S4,Direct source transfer,0.0,186,0.296381
2,Direct transfer,S4,Direct source transfer,0.0,187,0.311727
2,Direct transfer,S4,Direct source transfer,0.0,188,0.283075
2,Direct transfer,S4,Direct source transfer,0.0,189,0.278444
2,Direct transfer,S4,Direct source transfer,0.0,190,0.272575
2,Direct transfer,S4,Direct source transfer,0.0,191,0.292843
2,Direct transfer,S4,Direct source transfer,0.0,192,0.225772
2,Direct transfer,S4,Direct source transfer,0.0,193,0.300975
2,Direct transfer,S4,Direct source transfer,0.0,194,0.293706
2,Direct transfer,S4,Direct source transfer,0.0,195,0.243389
2,Direct transfer,S4,Direct source transfer,0.0,196,0.287655
2,Direct transfer,S4,Direct source transfer,0.0,197,0.240285
2,Direct transfer,S4,Direct source transfer,0.0,198,0.246899
2,Direct transfer,S4,Direct source transfer,0.0,199,0.317188
2,Direct transfer,S4,Direct source transfer,0.0,200,0.30645
2,Direct transfer,S4,Direct source transfer,0.0,201,0.275842
2,Direct transfer,S4,Direct source transfer,0.0,202,0.287721
2,Direct transfer,S4,Direct source transfer,0.0,203,0.261694
2,Direct transfer,S4,Direct source transfer,0.0,204,0.298019
2,Direct transfer,S4,Direct source transfer,0.0,205,0.297039
2,Direct transfer,S4,Direct source transfer,0.0,206,0.290375
2,Direct transfer,S4,Direct source transfer,0.0,207,0.316104
2,Direct transfer,S4,Direct source transfer,0.0,208,0.287026
2,Direct transfer,S4,Direct source transfer,0.0,209,0.242587
2,Direct transfer,S4,Direct source transfer,0.0,210,0.273044
2,Direct transfer,S4,Direct source transfer,0.0,211,0.313351
2,Direct transfer,S4,Direct source transfer,0.0,212,0.298239
2,Direct transfer,S4,Direct source transfer,0.0,213,0.293135
2,Direct transfer,S4,Direct source transfer,0.0,214,0.217929
2,Direct transfer,S4,Direct source transfer,0.0,215,0.247901
2,Direct transfer,S4,Direct source transfer,0.0,216,0.26391
2,Direct transfer,S4,Direct source transfer,0.0,217,0.326486
2,Direct transfer,S4,Direct source transfer,0.0,218,0.277417
2,Direct transfer,S4,Direct source transfer,0.0,219,0.245419
2,Direct transfer,S4,Direct source transfer,0.0,220,0.273445
2,Direct transfer,S4,Direct source transfer,0.0,221,0.248368
2,Direct transfer,S4,Direct source transfer,0.0,222,0.244549
2,Direct transfer,S4,Direct source transfer,0.0,223,0.228073
2,Direct transfer,S4,Direct source transfer,0.0,224,0.274472
2,Direct transfer,S4,Direct source transfer,0.0,225,0.283357
2,Direct transfer,S4,Direct source transfer,0.0,226,0.307313
2,Direct transfer,S4,Direct source transfer,0.0,227,0.275106
2,Direct transfer,S4,Direct source transfer,0.0,228,0.317089
2,Direct transfer,S4,Direct source transfer,0.0,229,0.297807
2,Direct transfer,S4,Direct source transfer,0.0,230,0.266671
2,Direct transfer,S4,Direct source transfer,0.0,231,0.286907
2,Direct transfer,S4,Direct source transfer,0.0,232,0.223425
2,Direct transfer,S4,Direct source transfer,0.0,233,0.26794
2,Direct transfer,S4,Direct source transfer,0.0,234,0.274158
2,Direct transfer,S4,Direct source transfer,0.0,235,0.304987
2,Direct transfer,S4,Direct source transfer,0.0,236,0.290112
2,Direct transfer,S4,Direct source transfer,0.0,237,0.260169
2,Direct transfer,S4,Direct source transfer,0.0,238,0.28145
2,Direct transfer,S4,Direct source transfer,0.0,239,0.289384
2,Direct transfer,S4,Direct source transfer,0.0,240,0.236951
2,Direct transfer,S4,Direct source transfer,0.0,241,0.258485
2,Direct transfer,S4,Direct source transfer,0.0,242,0.333365
2,Direct transfer,S4,Direct source transfer,0.0,243,0.280489
2,Direct transfer,S4,Direct source transfer,0.0,244,0.304546
2,Direct transfer,S4,Direct source transfer,0.0,245,0.306623
2,Direct transfer,S4,Direct source transfer,0.0,246,0.258123
2,Direct transfer,S4,Direct source transfer,0.0,247,0.283506
2,Direct transfer,S4,Direct source transfer,0.0,248,0.263557
2,Direct transfer,S4,Direct source transfer,0.0,249,0.320189
2,Direct transfer,S4,Direct source transfer,0.0,250,0.29767
2,Direct transfer,S4,Direct source transfer,0.0,251,0.283992
2,Direct transfer,S4,Direct source transfer,0.0,252,0.300764
2,Direct transfer,S4,Direct source transfer,0.0,253,0.265529
2,Direct transfer,S4,Direct source transfer,0.0,254,0.275355
2,Direct transfer,S4,Direct source transfer,0.0,255,0.322876
2,Direct transfer,S4,Direct source transfer,0.0,256,0.250851
2,Direct transfer,S4,Direct source transfer,0.0,257,0.294869
2,Direct transfer,S4,Direct source transfer,0.0,258,0.275362
2,Direct transfer,S4,Direct source transfer,0.0,259,0.33222
2,Direct transfer,S4,Direct source transfer,0.0,260,0.271795
2,Direct transfer,S4,Direct source transfer,0.0,261,0.30397
2,Direct transfer,S4,Direct source transfer,0.0,262,0.235446
2,Direct transfer,S4,Direct source transfer,0.0,263,0.249697
2,Direct transfer,S4,Direct source transfer,0.0,264,0.279345
2,Direct transfer,S4,Direct source transfer,0.0,265,0.295071
2,Direct transfer,S4,Direct source transfer,0.0,266,0.272313
2,Direct transfer,S4,Direct source transfer,0.0,267,0.296686
2,Direct transfer,S4,Direct source transfer,0.0,268,0.267787
2,Direct transfer,S4,Direct source transfer,0.0,269,0.282965
2,Direct transfer,S4,Direct source transfer,0.0,270,0.209205
2,Direct transfer,S4,Direct source transfer,0.0,271,0.254461
2,Direct transfer,S4,Direct source transfer,0.0,272,0.258057
2,Direct transfer,S4,Direct source transfer,0.0,273,0.279471
2,Direct transfer,S4,Direct source transfer,0.0,274,0.287318
2,Direct transfer,S4,Direct source transfer,0.0,275,0.269895
2,Direct transfer,S4,Direct source transfer,0.0,276,0.269193
2,Direct transfer,S4,Direct source transfer,0.0,277,0.287665
2,Direct transfer,S4,Direct source transfer,0.0,278,0.263598
2,Direct transfer,S4,Direct source transfer,0.0,279,0.263131
2,Direct transfer,S4,Direct source transfer,0.0,280,0.244804
2,Direct transfer,S4,Direct source transfer,0.0,281,0.258182
2,Direct transfer,S4,Direct source transfer,0.0,282,0.265762
2,Direct transfer,S4,Direct source transfer,0.0,283,0.28301
2,Direct transfer,S4,Direct source transfer,0.0,284,0.295078
2,Direct transfer,S4,Direct source transfer,0.0,285,0.257349
2,Direct transfer,S4,Direct source transfer,0.0,286,0.298882
2,Direct transfer,S4,Direct source transfer,0.0,287,0.258609
2,Direct transfer,S4,Direct source transfer,0.0,288,0.275034
2,Direct transfer,S4,Direct source transfer,0.0,289,0.304619
2,Direct transfer,S4,Direct source transfer,0.0,290,0.262598
2,Direct transfer,S4,Direct source transfer,0.0,291,0.316407
2,Direct transfer,S4,Direct source transfer,0.0,292,0.213961
2,Direct transfer,S4,Direct source transfer,0.0,293,0.291904
2,Direct transfer,S4,Direct source transfer,0.0,294,0.274752
2,Direct transfer,S4,Direct source transfer,0.0,295,0.29025
2,Direct transfer,S4,Direct source transfer,0.0,296,0.246971
2,Direct transfer,S4,Direct source transfer,0.0,297,0.24546
2,Direct transfer,S4,Direct source transfer,0.0,298,0.268366
2,Direct transfer,S4,Direct source transfer,0.0,299,0.280711
2,Direct transfer,S4,Direct source transfer,0.0,300,0.261147
2,Direct transfer,S4,Direct source transfer,0.0,301,0.296052
2,Direct transfer,S4,Direct source transfer,0.0,302,0.296113
2,Direct transfer,S4,Direct source transfer,0.0,303,0.33172
2,Direct transfer,S4,Direct source transfer,0.0,304,0.32531
2,Direct transfer,S4,Direct source transfer,0.0,305,0.304208
2,Direct transfer,S4,Direct source transfer,0.0,306,0.277334
2,Direct transfer,S4,Direct source transfer,0.0,307,0.280617
2,Direct transfer,S4,Direct source transfer,0.0,308,0.320267
2,Direct transfer,S4,Direct source transfer,0.0,309,0.312289
2,Direct transfer,S4,Direct source transfer,0.0,310,0.284803
2,Direct transfer,S4,Direct source transfer,0.0,311,0.252632
2,Direct transfer,S4,Direct source transfer,0.0,312,0.275721
2,Direct transfer,S4,Direct source transfer,0.0,313,0.247099
2,Direct transfer,S4,Direct source transfer,0.0,314,0.258579
2,Direct transfer,S4,Direct source transfer,0.0,315,0.315465
2,Direct transfer,S4,Direct source transfer,0.0,316,0.284018
2,Direct transfer,S4,Direct source transfer,0.0,317,0.317115
2,Direct transfer,S4,Direct source transfer,0.0,318,0.238716
2,Direct transfer,S4,Direct source transfer,0.0,319,0.200361
2,Direct transfer,S4,Direct source transfer,0.0,320,0.289252
2,Direct transfer,S4,Direct source transfer,0.0,321,0.263328
2,Direct transfer,S4,Direct source transfer,0.0,322,0.337284
2,Direct transfer,S4,Direct source transfer,0.0,323,0.268577
2,Direct transfer,S4,Direct source transfer,0.0,324,0.29659
2,Direct transfer,S4,Direct source transfer,0.0,325,0.272231
2,Direct transfer,S4,Direct source transfer,0.0,326,0.313045
2,Direct transfer,S4,Direct source transfer,0.0,327,0.263345
2,Direct transfer,S4,Direct source transfer,0.0,328,0.263056
2,Direct transfer,S4,Direct source transfer,0.0,329,0.273613
2,Direct transfer,S4,Direct source transfer,0.0,330,0.296763
2,Direct transfer,S4,Direct source transfer,0.0,331,0.280411
2,Direct transfer,S4,Direct source transfer,0.0,332,0.325333
2,Direct transfer,S4,Direct source transfer,0.0,333,0.283799
2,Direct transfer,S4,Direct source transfer,0.0,334,0.253204
2,Direct transfer,S4,Direct source transfer,0.0,335,0.283959
2,Direct transfer,S4,Direct source transfer,0.0,336,0.262675
2,Direct transfer,S4,Direct source transfer,0.0,337,0.297448
2,Direct transfer,S4,Direct source transfer,0.0,338,0.21543
2,Direct transfer,S4,Direct source transfer,0.0,339,0.26961
2,Direct transfer,S4,Direct source transfer,0.0,340,0.266983
2,Direct transfer,S4,Direct source transfer,0.0,341,0.288616
2,Direct transfer,S4,Direct source transfer,0.0,342,0.286102
2,Direct transfer,S4,Direct source transfer,0.0,343,0.285353
2,Direct transfer,S4,Direct source transfer,0.0,344,0.271729
2,Direct transfer,S4,Direct source transfer,0.0,345,0.278473
2,Direct transfer,S4,Direct source transfer,0.0,346,0.295233
2,Direct transfer,S4,Direct source transfer,0.0,347,0.273221
2,Direct transfer,S4,Direct source transfer,0.0,348,0.285266
2,Direct transfer,S4,Direct source transfer,0.0,349,0.257202
2,Direct transfer,S4,Direct source transfer,0.0,350,0.266632
2,Direct transfer,S4,Direct source transfer,0.0,351,0.280559
2,Direct transfer,S4,Direct source transfer,0.0,352,0.274492
2,Direct transfer,S4,Direct source transfer,0.0,353,0.295681
2,Direct transfer,S4,Direct source transfer,0.0,354,0.291347
2,Direct transfer,S4,Direct source transfer,0.0,355,0.329877
2,Direct transfer,S4,Direct source transfer,0.0,356,0.248345
2,Direct transfer,S4,Direct source transfer,0.0,357,0.338122
2,Direct transfer,S4,Direct source transfer,0.0,358,0.269233
2,Direct transfer,S4,Direct source transfer,0.0,359,0.307174
2,Direct transfer,S4,Direct source transfer,0.0,360,0.224596
2,Direct transfer,S4,Direct source transfer,0.0,361,0.310868
2,Direct transfer,S4,Direct source transfer,0.0,362,0.307988
2,Direct transfer,S4,Direct source transfer,0.0,363,0.214363
2,Direct transfer,S4,Direct source transfer,0.0,364,0.298231
2,Direct transfer,S4,Direct source transfer,0.0,365,0.296301
2,Direct transfer,S4,Direct source transfer,0.0,366,0.306423
2,Direct transfer,S4,Direct source transfer,0.0,367,0.311921
2,Direct transfer,S4,Direct source transfer,0.0,368,0.300277
2,Direct transfer,S4,Direct source transfer,0.0,369,0.278483
2,Direct transfer,S4,Direct source transfer,0.0,370,0.306068
2,Direct transfer,S4,Direct source transfer,0.0,371,0.292933
2,Direct transfer,S4,Direct source transfer,0.0,372,0.313914
2,Direct transfer,S4,Direct source transfer,0.0,373,0.262805
2,Direct transfer,S4,Direct source transfer,0.0,374,0.282898
2,Direct transfer,S4,Direct source transfer,0.0,375,0.260905
2,Direct transfer,S4,Direct source transfer,0.0,376,0.270684
2,Direct transfer,S4,Direct source transfer,0.0,377,0.292275
2,Direct transfer,S4,Direct source transfer,0.0,378,0.313936
2,Direct transfer,S4,Direct source transfer,0.0,379,0.274523
2,Direct transfer,S4,Direct source transfer,0.0,380,0.323329
2,Direct transfer,S4,Direct source transfer,0.0,381,0.283656
2,Direct transfer,S4,Direct source transfer,0.0,382,0.333195
2,Direct transfer,S4,Direct source transfer,0.0,383,0.32464
2,Direct transfer,S4,Direct source transfer,0.0,384,0.300241
2,Direct transfer,S4,Direct source transfer,0.0,385,0.251633
2,Direct transfer,S4,Direct source transfer,0.0,386,0.320663
2,Direct transfer,S4,Direct source transfer,0.0,387,0.28973
2,Direct transfer,S4,Direct source transfer,0.0,388,0.256804
2,Direct transfer,S4,Direct source transfer,0.0,389,0.298919
2,Direct transfer,S4,Direct source transfer,0.0,390,0.278455
2,Direct transfer,S4,Direct source transfer,0.0,391,0.298883
2,Direct transfer,S4,Direct source transfer,0.0,392,0.279161
2,Direct transfer,S4,Direct source transfer,0.0,393,0.291347
2,Direct transfer,S4,Direct source transfer,0.0,394,0.249146
2,Direct transfer,S4,Direct source transfer,0.0,395,0.286298
2,Direct transfer,S4,Direct source transfer,0.0,396,0.311624
2,Direct transfer,S4,Direct source transfer,0.0,397,0.269218
2,Direct transfer,S4,Direct source transfer,0.0,398,0.301598
2,Direct transfer,S4,Direct source transfer,0.0,399,0.28979
2,Direct transfer,S4,Direct source transfer,0.0,400,0.294106
2,Direct transfer,S4,Direct source transfer,0.0,401,0.286529
2,Direct transfer,S4,Direct source transfer,0.0,402,0.27214
2,Direct transfer,S4,Direct source transfer,0.0,403,0.276933
2,Direct transfer,S4,Direct source transfer,0.0,404,0.269526
2,Direct transfer,S4,Direct source transfer,0.0,405,0.300303
2,Direct transfer,S4,Direct source transfer,0.0,406,0.290256
2,Direct transfer,S4,Direct source transfer,0.0,407,0.252424
2,Direct transfer,S4,Direct source transfer,0.0,408,0.295857
2,Direct transfer,S4,Direct source transfer,0.0,409,0.286348
2,Direct transfer,S4,Direct source transfer,0.0,410,0.319744
2,Direct transfer,S4,Direct source transfer,0.0,411,0.276739
2,Direct transfer,S4,Direct source transfer,0.0,412,0.284377
2,Direct transfer,S4,Direct source transfer,0.0,413,0.280625
2,Direct transfer,S4,Direct source transfer,0.0,414,0.271443
2,Direct transfer,S4,Direct source transfer,0.0,415,0.325217
2,Direct transfer,S4,Direct source transfer,0.0,416,0.301804
2,Direct transfer,S4,Direct source transfer,0.0,417,0.30993
2,Direct transfer,S4,Direct source transfer,0.0,418,0.236016
2,Direct transfer,S4,Direct source transfer,0.0,419,0.277881
2,Direct transfer,S4,Direct source transfer,0.0,420,0.273305
2,Direct transfer,S4,Direct source transfer,0.0,421,0.280389
2,Direct transfer,S4,Direct source transfer,0.0,422,0.2902
2,Direct transfer,S4,Direct source transfer,0.0,423,0.286257
2,Direct transfer,S4,Direct source transfer,0.0,424,0.229941
2,Direct transfer,S4,Direct source transfer,0.0,425,0.317948
2,Direct transfer,S4,Direct source transfer,0.0,426,0.256594
2,Direct transfer,S4,Direct source transfer,0.0,427,0.279901
2,Direct transfer,S4,Direct source transfer,0.0,428,0.293108
2,Direct transfer,S4,Direct source transfer,0.0,429,0.320627
2,Direct transfer,S4,Direct source transfer,0.0,430,0.23044
2,Direct transfer,S4,Direct source transfer,0.0,431,0.229207
2,Direct transfer,S4,Direct source transfer,0.0,432,0.260819
2,Direct transfer,S4,Direct source transfer,0.0,433,0.306305
2,Direct transfer,S4,Direct source transfer,0.0,434,0.255497
2,Direct transfer,S4,Direct source transfer,0.0,435,0.292335
2,Direct transfer,S4,Direct source transfer,0.0,436,0.285404
2,Direct transfer,S4,Direct source transfer,0.0,437,0.294157
2,Direct transfer,S4,Direct source transfer,0.0,438,0.242971
2,Direct transfer,S4,Direct source transfer,0.0,439,0.254974
2,Direct transfer,S4,Direct source transfer,0.0,440,0.270743
2,Direct transfer,S4,Direct source transfer,0.0,441,0.249166
2,Direct transfer,S4,Direct source transfer,0.0,442,0.286935
2,Direct transfer,S4,Direct source transfer,0.0,443,0.245328
2,Direct transfer,S4,Direct source transfer,0.0,444,0.287117
2,Direct transfer,S4,Direct source transfer,0.0,445,0.237667
2,Direct transfer,S4,Direct source transfer,0.0,446,0.262562
2,Direct transfer,S4,Direct source transfer,0.0,447,0.234174
2,Direct transfer,S4,Direct source transfer,0.0,448,0.304003
2,Direct transfer,S4,Direct source transfer,0.0,449,0.254467
2,Direct transfer,S4,Direct source transfer,0.0,450,0.292225
2,Direct transfer,S4,Direct source transfer,0.0,451,0.245906
2,Direct transfer,S4,Direct source transfer,0.0,452,0.269012
2,Direct transfer,S4,Direct source transfer,0.0,453,0.317351
2,Direct transfer,S4,Direct source transfer,0.0,454,0.274606
2,Direct transfer,S4,Direct source transfer,0.0,455,0.275337
2,Direct transfer,S4,Direct source transfer,0.0,456,0.265454
2,Direct transfer,S4,Direct source transfer,0.0,457,0.259176
2,Direct transfer,S4,Direct source transfer,0.0,458,0.313286
2,Direct transfer,S4,Direct source transfer,0.0,459,0.295467
2,Direct transfer,S4,Direct source transfer,0.0,460,0.298674
2,Direct transfer,S4,Direct source transfer,0.0,461,0.314639
2,Direct transfer,S4,Direct source transfer,0.0,462,0.280869
2,Direct transfer,S4,Direct source transfer,0.0,463,0.266196
2,Direct transfer,S4,Direct source transfer,0.0,464,0.265131
2,Direct transfer,S4,Direct source transfer,0.0,465,0.292877
2,Direct transfer,S4,Direct source transfer,0.0,466,0.275922
2,Direct transfer,S4,Direct source transfer,0.0,467,0.281638
2,Direct transfer,S4,Direct source transfer,0.0,468,0.293209
2,Direct transfer,S4,Direct source transfer,0.0,469,0.300624
2,Direct transfer,S4,Direct source transfer,0.0,470,0.288848
2,Direct transfer,S4,Direct source transfer,0.0,471,0.282071
2,Direct transfer,S4,Direct source transfer,0.0,472,0.255754
2,Direct transfer,S4,Direct source transfer,0.0,473,0.280236
2,Direct transfer,S4,Direct source transfer,0.0,474,0.278227
2,Direct transfer,S4,Direct source transfer,0.0,475,0.260637
2,Direct transfer,S4,Direct source transfer,0.0,476,0.282681
2,Direct transfer,S4,Direct source transfer,0.0,477,0.27473
2,Direct transfer,S4,Direct source transfer,0.0,478,0.277758
2,Direct transfer,S4,Direct source transfer,0.0,479,0.311374
2,Direct transfer,S4,Direct source transfer,0.0,480,0.301966
2,Direct transfer,S4,Direct source transfer,0.0,481,0.271972
2,Direct transfer,S4,Direct source transfer,0.0,482,0.272825
2,Direct transfer,S4,Direct source transfer,0.0,483,0.264591
2,Direct transfer,S4,Direct source transfer,0.0,484,0.275313
2,Direct transfer,S4,Direct source transfer,0.0,485,0.279997
2,Direct transfer,S4,Direct source transfer,0.0,486,0.281142
2,Direct transfer,S4,Direct source transfer,0.0,487,0.276972
2,Direct transfer,S4,Direct source transfer,0.0,488,0.316757
2,Direct transfer,S4,Direct source transfer,0.0,489,0.301813
2,Direct transfer,S4,Direct source transfer,0.0,490,0.288108
2,Direct transfer,S4,Direct source transfer,0.0,491,0.236001
2,Direct transfer,S4,Direct source transfer,0.0,492,0.292935
2,Direct transfer,S4,Direct source transfer,0.0,493,0.314545
2,Direct transfer,S4,Direct source transfer,0.0,494,0.281736
2,Direct transfer,S4,Direct source transfer,0.0,495,0.252703
2,Direct transfer,S4,Direct source transfer,0.0,496,0.25866
2,Direct transfer,S4,Direct source transfer,0.0,497,0.254327
2,Direct transfer,S4,Direct source transfer,0.0,498,0.27833
2,Direct transfer,S4,Direct source transfer,0.0,499,0.273445
2,Local PaFAR-F,S4,Local PaFAR-F,500.0,0,0.110461
2,Local PaFAR-F,S4,Local PaFAR-F,500.0,1,0.101646
2,Local PaFAR-F,S4,Local PaFAR-F,500.0,2,0.073645
2,Local PaFAR-F,S4,Local PaFAR-F,500.0,3,0.07726
2,Local PaFAR-F,S4,Local PaFAR-F,500.0,4,0.082823
2,Local PaFAR-F,S4,Local PaFAR-F,500.0,5,0.100201
2,Local PaFAR-F,S4,Local PaFAR-F,500.0,6,0.107036
2,Local PaFAR-F,S4,Local PaFAR-F,500.0,7,0.111233
2,Local PaFAR-F,S4,Local PaFAR-F,500.0,8,0.103739
2,Local PaFAR-F,S4,Local PaFAR-F,500.0,9,0.102325
2,Local PaFAR-F,S4,Local PaFAR-F,500.0,10,0.105955
2,Local PaFAR-F,S4,Local PaFAR-F,500.0,11,0.101913
2,Local PaFAR-F,S4,Local PaFAR-F,500.0,12,0.08762
2,Local PaFAR-F,S4,Local PaFAR-F,500.0,13,0.085341
2,Local PaFAR-F,S4,Local PaFAR-F,500.0,14,0.093695
2,Local PaFAR-F,S4,Local PaFAR-F,500.0,15,0.083051
2,Local PaFAR-F,S4,Local PaFAR-F,500.0,16,0.103155
2,Local PaFAR-F,S4,Local PaFAR-F,500.0,17,0.114688
2,Local PaFAR-F,S4,Local PaFAR-F,500.0,18,0.070032
2,Local PaFAR-F,S4,Local PaFAR-F,500.0,19,0.077651
2,Local PaFAR-F,S4,Local PaFAR-F,500.0,20,0.10034
2,Local PaFAR-F,S4,Local PaFAR-F,500.0,21,0.085862
2,Local PaFAR-F,S4,Local PaFAR-F,500.0,22,0.125968
2,Local PaFAR-F,S4,Local PaFAR-F,500.0,23,0.089065
2,Local PaFAR-F,S4,Local PaFAR-F,500.0,24,0.09564
2,Local PaFAR-F,S4,Local PaFAR-F,500.0,25,0.093299
2,Local PaFAR-F,S4,Local PaFAR-F,500.0,26,0.101953
2,Local PaFAR-F,S4,Local PaFAR-F,500.0,27,0.105858
2,Local PaFAR-F,S4,Local PaFAR-F,500.0,28,0.122251
2,Local PaFAR-F,S4,Local PaFAR-F,500.0,29,0.086717
2,Local PaFAR-F,S4,Local PaFAR-F,500.0,30,0.111358
2,Local PaFAR-F,S4,Local PaFAR-F,500.0,31,0.078226
2,Local PaFAR-F,S4,Local PaFAR-F,500.0,32,0.101585
2,Local PaFAR-F,S4,Local PaFAR-F,500.0,33,0.085377
2,Local PaFAR-F,S4,Local PaFAR-F,500.0,34,0.106086
2,Local PaFAR-F,S4,Local PaFAR-F,500.0,35,0.100322
2,Local PaFAR-F,S4,Local PaFAR-F,500.0,36,0.106648
2,Local PaFAR-F,S4,Local PaFAR-F,500.0,37,0.102132
2,Local PaFAR-F,S4,Local PaFAR-F,500.0,38,0.098642
2,Local PaFAR-F,S4,Local PaFAR-F,500.0,39,0.087947
2,Local PaFAR-F,S4,Local PaFAR-F,500.0,40,0.060358
2,Local PaFAR-F,S4,Local PaFAR-F,500.0,41,0.10501
2,Local PaFAR-F,S4,Local PaFAR-F,500.0,42,0.103976
2,Local PaFAR-F,S4,Local PaFAR-F,500.0,43,0.103714
2,Local PaFAR-F,S4,Local PaFAR-F,500.0,44,0.090334
2,Local PaFAR-F,S4,Local PaFAR-F,500.0,45,0.095444
2,Local PaFAR-F,S4,Local PaFAR-F,500.0,46,0.076437
2,Local PaFAR-F,S4,Local PaFAR-F,500.0,47,0.10336
2,Local PaFAR-F,S4,Local PaFAR-F,500.0,48,0.077395
2,Local PaFAR-F,S4,Local PaFAR-F,500.0,49,0.105523
2,Local PaFAR-F,S4,Local PaFAR-F,500.0,50,0.110318
2,Local PaFAR-F,S4,Local PaFAR-F,500.0,51,0.091294
2,Local PaFAR-F,S4,Local PaFAR-F,500.0,52,0.110604
2,Local PaFAR-F,S4,Local PaFAR-F,500.0,53,0.105176
2,Local PaFAR-F,S4,Local PaFAR-F,500.0,54,0.095409
2,Local PaFAR-F,S4,Local PaFAR-F,500.0,55,0.093902
2,Local PaFAR-F,S4,Local PaFAR-F,500.0,56,0.101669
2,Local PaFAR-F,S4,Local PaFAR-F,500.0,57,0.098435
2,Local PaFAR-F,S4,Local PaFAR-F,500.0,58,0.101982
2,Local PaFAR-F,S4,Local PaFAR-F,500.0,59,0.108849
2,Local PaFAR-F,S4,Local PaFAR-F,500.0,60,0.093124
2,Local PaFAR-F,S4,Local PaFAR-F,500.0,61,0.099137
2,Local PaFAR-F,S4,Local PaFAR-F,500.0,62,0.107042
2,Local PaFAR-F,S4,Local PaFAR-F,500.0,63,0.088365
2,Local PaFAR-F,S4,Local PaFAR-F,500.0,64,0.12299
2,Local PaFAR-F,S4,Local PaFAR-F,500.0,65,0.109634
2,Local PaFAR-F,S4,Local PaFAR-F,500.0,66,0.083296
2,Local PaFAR-F,S4,Local PaFAR-F,500.0,67,0.117213
2,Local PaFAR-F,S4,Local PaFAR-F,500.0,68,0.08139
2,Local PaFAR-F,S4,Local PaFAR-F,500.0,69,0.109824
2,Local PaFAR-F,S4,Local PaFAR-F,500.0,70,0.103197
2,Local PaFAR-F,S4,Local PaFAR-F,500.0,71,0.106259
2,Local PaFAR-F,S4,Local PaFAR-F,500.0,72,0.121282
2,Local PaFAR-F,S4,Local PaFAR-F,500.0,73,0.086216
2,Local PaFAR-F,S4,Local PaFAR-F,500.0,74,0.09051
2,Local PaFAR-F,S4,Local PaFAR-F,500.0,75,0.082764
2,Local PaFAR-F,S4,Local PaFAR-F,500.0,76,0.105014
2,Local PaFAR-F,S4,Local PaFAR-F,500.0,77,0.103648
2,Local PaFAR-F,S4,Local PaFAR-F,500.0,78,0.113742
2,Local PaFAR-F,S4,Local PaFAR-F,500.0,79,0.108858
2,Local PaFAR-F,S4,Local PaFAR-F,500.0,80,0.082044
2,Local PaFAR-F,S4,Local PaFAR-F,500.0,81,0.103848
2,Local PaFAR-F,S4,Local PaFAR-F,500.0,82,0.094592
2,Local PaFAR-F,S4,Local PaFAR-F,500.0,83,0.088444
2,Local PaFAR-F,S4,Local PaFAR-F,500.0,84,0.094707
2,Local PaFAR-F,S4,Local PaFAR-F,500.0,85,0.097017
2,Local PaFAR-F,S4,Local PaFAR-F,500.0,86,0.124463
2,Local PaFAR-F,S4,Local PaFAR-F,500.0,87,0.102101
2,Local PaFAR-F,S4,Local PaFAR-F,500.0,88,0.10925
2,Local PaFAR-F,S4,Local PaFAR-F,500.0,89,0.108808
2,Local PaFAR-F,S4,Local PaFAR-F,500.0,90,0.094764
2,Local PaFAR-F,S4,Local PaFAR-F,500.0,91,0.088022
2,Local PaFAR-F,S4,Local PaFAR-F,500.0,92,0.122142
2,Local PaFAR-F,S4,Local PaFAR-F,500.0,93,0.109042
2,Local PaFAR-F,S4,Local PaFAR-F,500.0,94,0.099911
2,Local PaFAR-F,S4,Local PaFAR-F,500.0,95,0.129272
2,Local PaFAR-F,S4,Local PaFAR-F,500.0,96,0.086711
2,Local PaFAR-F,S4,Local PaFAR-F,500.0,97,0.099171
2,Local PaFAR-F,S4,Local PaFAR-F,500.0,98,0.095437
2,Local PaFAR-F,S4,Local PaFAR-F,500.0,99,0.10357
2,Local PaFAR-F,S4,Local PaFAR-F,500.0,100,0.11775
2,Local PaFAR-F,S4,Local PaFAR-F,500.0,101,0.10815
2,Local PaFAR-F,S4,Local PaFAR-F,500.0,102,0.092297
2,Local PaFAR-F,S4,Local PaFAR-F,500.0,103,0.093831
2,Local PaFAR-F,S4,Local PaFAR-F,500.0,104,0.095421
2,Local PaFAR-F,S4,Local PaFAR-F,500.0,105,0.124267
2,Local PaFAR-F,S4,Local PaFAR-F,500.0,106,0.098643
2,Local PaFAR-F,S4,Local PaFAR-F,500.0,107,0.130717
2,Local PaFAR-F,S4,Local PaFAR-F,500.0,108,0.088207
2,Local PaFAR-F,S4,Local PaFAR-F,500.0,109,0.107363
2,Local PaFAR-F,S4,Local PaFAR-F,500.0,110,0.128064
2,Local PaFAR-F,S4,Local PaFAR-F,500.0,111,0.096405
2,Local PaFAR-F,S4,Local PaFAR-F,500.0,112,0.09582
2,Local PaFAR-F,S4,Local PaFAR-F,500.0,113,0.079259
2,Local PaFAR-F,S4,Local PaFAR-F,500.0,114,0.105935
2,Local PaFAR-F,S4,Local PaFAR-F,500.0,115,0.103258
2,Local PaFAR-F,S4,Local PaFAR-F,500.0,116,0.092307
2,Local PaFAR-F,S4,Local PaFAR-F,500.0,117,0.093319
2,Local PaFAR-F,S4,Local PaFAR-F,500.0,118,0.12408
2,Local PaFAR-F,S4,Local PaFAR-F,500.0,119,0.105513
2,Local PaFAR-F,S4,Local PaFAR-F,500.0,120,0.107115
2,Local PaFAR-F,S4,Local PaFAR-F,500.0,121,0.099367
2,Local PaFAR-F,S4,Local PaFAR-F,500.0,122,0.107645
2,Local PaFAR-F,S4,Local PaFAR-F,500.0,123,0.110464
2,Local PaFAR-F,S4,Local PaFAR-F,500.0,124,0.095478
2,Local PaFAR-F,S4,Local PaFAR-F,500.0,125,0.089445
2,Local PaFAR-F,S4,Local PaFAR-F,500.0,126,0.088909
2,Local PaFAR-F,S4,Local PaFAR-F,500.0,127,0.092037
2,Local PaFAR-F,S4,Local PaFAR-F,500.0,128,0.129311
2,Local PaFAR-F,S4,Local PaFAR-F,500.0,129,0.093896
2,Local PaFAR-F,S4,Local PaFAR-F,500.0,130,0.109512
2,Local PaFAR-F,S4,Local PaFAR-F,500.0,131,0.085447
2,Local PaFAR-F,S4,Local PaFAR-F,500.0,132,0.116742
2,Local PaFAR-F,S4,Local PaFAR-F,500.0,133,0.087794
2,Local PaFAR-F,S4,Local PaFAR-F,500.0,134,0.088655
2,Local PaFAR-F,S4,Local PaFAR-F,500.0,135,0.110381
2,Local PaFAR-F,S4,Local PaFAR-F,500.0,136,0.092196
2,Local PaFAR-F,S4,Local PaFAR-F,500.0,137,0.097651
2,Local PaFAR-F,S4,Local PaFAR-F,500.0,138,0.112374
2,Local PaFAR-F,S4,Local PaFAR-F,500.0,139,0.10249
2,Local PaFAR-F,S4,Local PaFAR-F,500.0,140,0.110202
2,Local PaFAR-F,S4,Local PaFAR-F,500.0,141,0.091006
2,Local PaFAR-F,S4,Local PaFAR-F,500.0,142,0.1114
2,Local PaFAR-F,S4,Local PaFAR-F,500.0,143,0.082421
2,Local PaFAR-F,S4,Local PaFAR-F,500.0,144,0.102743
2,Local PaFAR-F,S4,Local PaFAR-F,500.0,145,0.101403
2,Local PaFAR-F,S4,Local PaFAR-F,500.0,146,0.123237
2,Local PaFAR-F,S4,Local PaFAR-F,500.0,147,0.102051
2,Local PaFAR-F,S4,Local PaFAR-F,500.0,148,0.100917
2,Local PaFAR-F,S4,Local PaFAR-F,500.0,149,0.096776
2,Local PaFAR-F,S4,Local PaFAR-F,500.0,150,0.107178
2,Local PaFAR-F,S4,Local PaFAR-F,500.0,151,0.092551
2,Local PaFAR-F,S4,Local PaFAR-F,500.0,152,0.085713
2,Local PaFAR-F,S4,Local PaFAR-F,500.0,153,0.102755
2,Local PaFAR-F,S4,Local PaFAR-F,500.0,154,0.092044
2,Local PaFAR-F,S4,Local PaFAR-F,500.0,155,0.091524
2,Local PaFAR-F,S4,Local PaFAR-F,500.0,156,0.105879
2,Local PaFAR-F,S4,Local PaFAR-F,500.0,157,0.093614
2,Local PaFAR-F,S4,Local PaFAR-F,500.0,158,0.107046
2,Local PaFAR-F,S4,Local PaFAR-F,500.0,159,0.10111
2,Local PaFAR-F,S4,Local PaFAR-F,500.0,160,0.108067
2,Local PaFAR-F,S4,Local PaFAR-F,500.0,161,0.092253
2,Local PaFAR-F,S4,Local PaFAR-F,500.0,162,0.083465
2,Local PaFAR-F,S4,Local PaFAR-F,500.0,163,0.067715
2,Local PaFAR-F,S4,Local PaFAR-F,500.0,164,0.099547
2,Local PaFAR-F,S4,Local PaFAR-F,500.0,165,0.08811
2,Local PaFAR-F,S4,Local PaFAR-F,500.0,166,0.077464
2,Local PaFAR-F,S4,Local PaFAR-F,500.0,167,0.10256
2,Local PaFAR-F,S4,Local PaFAR-F,500.0,168,0.106451
2,Local PaFAR-F,S4,Local PaFAR-F,500.0,169,0.098852
2,Local PaFAR-F,S4,Local PaFAR-F,500.0,170,0.106617
2,Local PaFAR-F,S4,Local PaFAR-F,500.0,171,0.087444
2,Local PaFAR-F,S4,Local PaFAR-F,500.0,172,0.072895
2,Local PaFAR-F,S4,Local PaFAR-F,500.0,173,0.104827
2,Local PaFAR-F,S4,Local PaFAR-F,500.0,174,0.100667
2,Local PaFAR-F,S4,Local PaFAR-F,500.0,175,0.100001
2,Local PaFAR-F,S4,Local PaFAR-F,500.0,176,0.09101
2,Local PaFAR-F,S4,Local PaFAR-F,500.0,177,0.111709
2,Local PaFAR-F,S4,Local PaFAR-F,500.0,178,0.10783
2,Local PaFAR-F,S4,Local PaFAR-F,500.0,179,0.115848
2,Local PaFAR-F,S4,Local PaFAR-F,500.0,180,0.093551
2,Local PaFAR-F,S4,Local PaFAR-F,500.0,181,0.093979
2,Local PaFAR-F,S4,Local PaFAR-F,500.0,182,0.097162
2,Local PaFAR-F,S4,Local PaFAR-F,500.0,183,0.090217
2,Local PaFAR-F,S4,Local PaFAR-F,500.0,184,0.110178
2,Local PaFAR-F,S4,Local PaFAR-F,500.0,185,0.10176
2,Local PaFAR-F,S4,Local PaFAR-F,500.0,186,0.115638
2,Local PaFAR-F,S4,Local PaFAR-F,500.0,187,0.108693
2,Local PaFAR-F,S4,Local PaFAR-F,500.0,188,0.108542
2,Local PaFAR-F,S4,Local PaFAR-F,500.0,189,0.093626
2,Local PaFAR-F,S4,Local PaFAR-F,500.0,190,0.082982
2,Local PaFAR-F,S4,Local PaFAR-F,500.0,191,0.08999
2,Local PaFAR-F,S4,Local PaFAR-F,500.0,192,0.116732
2,Local PaFAR-F,S4,Local PaFAR-F,500.0,193,0.115381
2,Local PaFAR-F,S4,Local PaFAR-F,500.0,194,0.114054
2,Local PaFAR-F,S4,Local PaFAR-F,500.0,195,0.083116
2,Local PaFAR-F,S4,Local PaFAR-F,500.0,196,0.089736
2,Local PaFAR-F,S4,Local PaFAR-F,500.0,197,0.11986
2,Local PaFAR-F,S4,Local PaFAR-F,500.0,198,0.100384
2,Local PaFAR-F,S4,Local PaFAR-F,500.0,199,0.098999
2,Local PaFAR-F,S4,Local PaFAR-F,500.0,200,0.107511
2,Local PaFAR-F,S4,Local PaFAR-F,500.0,201,0.112362
2,Local PaFAR-F,S4,Local PaFAR-F,500.0,202,0.107453
2,Local PaFAR-F,S4,Local PaFAR-F,500.0,203,0.11702
2,Local PaFAR-F,S4,Local PaFAR-F,500.0,204,0.098023
2,Local PaFAR-F,S4,Local PaFAR-F,500.0,205,0.107568
2,Local PaFAR-F,S4,Local PaFAR-F,500.0,206,0.108687
2,Local PaFAR-F,S4,Local PaFAR-F,500.0,207,0.082463
2,Local PaFAR-F,S4,Local PaFAR-F,500.0,208,0.120956
2,Local PaFAR-F,S4,Local PaFAR-F,500.0,209,0.089582
2,Local PaFAR-F,S4,Local PaFAR-F,500.0,210,0.088443
2,Local PaFAR-F,S4,Local PaFAR-F,500.0,211,0.097975
2,Local PaFAR-F,S4,Local PaFAR-F,500.0,212,0.091173
2,Local PaFAR-F,S4,Local PaFAR-F,500.0,213,0.082189
2,Local PaFAR-F,S4,Local PaFAR-F,500.0,214,0.11243
2,Local PaFAR-F,S4,Local PaFAR-F,500.0,215,0.078574
2,Local PaFAR-F,S4,Local PaFAR-F,500.0,216,0.091117
2,Local PaFAR-F,S4,Local PaFAR-F,500.0,217,0.080488
2,Local PaFAR-F,S4,Local PaFAR-F,500.0,218,0.108238
2,Local PaFAR-F,S4,Local PaFAR-F,500.0,219,0.111287
2,Local PaFAR-F,S4,Local PaFAR-F,500.0,220,0.104982
2,Local PaFAR-F,S4,Local PaFAR-F,500.0,221,0.080237
2,Local PaFAR-F,S4,Local PaFAR-F,500.0,222,0.114911
2,Local PaFAR-F,S4,Local PaFAR-F,500.0,223,0.096834
2,Local PaFAR-F,S4,Local PaFAR-F,500.0,224,0.090089
2,Local PaFAR-F,S4,Local PaFAR-F,500.0,225,0.101727
2,Local PaFAR-F,S4,Local PaFAR-F,500.0,226,0.094928
2,Local PaFAR-F,S4,Local PaFAR-F,500.0,227,0.098295
2,Local PaFAR-F,S4,Local PaFAR-F,500.0,228,0.091021
2,Local PaFAR-F,S4,Local PaFAR-F,500.0,229,0.109967
2,Local PaFAR-F,S4,Local PaFAR-F,500.0,230,0.099112
2,Local PaFAR-F,S4,Local PaFAR-F,500.0,231,0.110766
2,Local PaFAR-F,S4,Local PaFAR-F,500.0,232,0.117911
2,Local PaFAR-F,S4,Local PaFAR-F,500.0,233,0.098579
2,Local PaFAR-F,S4,Local PaFAR-F,500.0,234,0.139462
2,Local PaFAR-F,S4,Local PaFAR-F,500.0,235,0.105942
2,Local PaFAR-F,S4,Local PaFAR-F,500.0,236,0.113732
2,Local PaFAR-F,S4,Local PaFAR-F,500.0,237,0.117224
2,Local PaFAR-F,S4,Local PaFAR-F,500.0,238,0.111626
2,Local PaFAR-F,S4,Local PaFAR-F,500.0,239,0.110019
2,Local PaFAR-F,S4,Local PaFAR-F,500.0,240,0.102636
2,Local PaFAR-F,S4,Local PaFAR-F,500.0,241,0.096405
2,Local PaFAR-F,S4,Local PaFAR-F,500.0,242,0.075092
2,Local PaFAR-F,S4,Local PaFAR-F,500.0,243,0.113286
2,Local PaFAR-F,S4,Local PaFAR-F,500.0,244,0.087459
2,Local PaFAR-F,S4,Local PaFAR-F,500.0,245,0.113705
2,Local PaFAR-F,S4,Local PaFAR-F,500.0,246,0.131315
2,Local PaFAR-F,S4,Local PaFAR-F,500.0,247,0.099178
2,Local PaFAR-F,S4,Local PaFAR-F,500.0,248,0.097166
2,Local PaFAR-F,S4,Local PaFAR-F,500.0,249,0.092924
2,Local PaFAR-F,S4,Local PaFAR-F,500.0,250,0.116098
2,Local PaFAR-F,S4,Local PaFAR-F,500.0,251,0.078355
2,Local PaFAR-F,S4,Local PaFAR-F,500.0,252,0.100415
2,Local PaFAR-F,S4,Local PaFAR-F,500.0,253,0.103495
2,Local PaFAR-F,S4,Local PaFAR-F,500.0,254,0.090887
2,Local PaFAR-F,S4,Local PaFAR-F,500.0,255,0.081615
2,Local PaFAR-F,S4,Local PaFAR-F,500.0,256,0.119443
2,Local PaFAR-F,S4,Local PaFAR-F,500.0,257,0.09543
2,Local PaFAR-F,S4,Local PaFAR-F,500.0,258,0.113836
2,Local PaFAR-F,S4,Local PaFAR-F,500.0,259,0.092693
2,Local PaFAR-F,S4,Local PaFAR-F,500.0,260,0.110113
2,Local PaFAR-F,S4,Local PaFAR-F,500.0,261,0.096571
2,Local PaFAR-F,S4,Local PaFAR-F,500.0,262,0.097798
2,Local PaFAR-F,S4,Local PaFAR-F,500.0,263,0.061633
2,Local PaFAR-F,S4,Local PaFAR-F,500.0,264,0.094859
2,Local PaFAR-F,S4,Local PaFAR-F,500.0,265,0.126845
2,Local PaFAR-F,S4,Local PaFAR-F,500.0,266,0.096733
2,Local PaFAR-F,S4,Local PaFAR-F,500.0,267,0.131357
2,Local PaFAR-F,S4,Local PaFAR-F,500.0,268,0.097972
2,Local PaFAR-F,S4,Local PaFAR-F,500.0,269,0.104039
2,Local PaFAR-F,S4,Local PaFAR-F,500.0,270,0.099036
2,Local PaFAR-F,S4,Local PaFAR-F,500.0,271,0.10711
2,Local PaFAR-F,S4,Local PaFAR-F,500.0,272,0.096572
2,Local PaFAR-F,S4,Local PaFAR-F,500.0,273,0.0911
2,Local PaFAR-F,S4,Local PaFAR-F,500.0,274,0.08882
2,Local PaFAR-F,S4,Local PaFAR-F,500.0,275,0.1146
2,Local PaFAR-F,S4,Local PaFAR-F,500.0,276,0.065283
2,Local PaFAR-F,S4,Local PaFAR-F,500.0,277,0.091378
2,Local PaFAR-F,S4,Local PaFAR-F,500.0,278,0.089755
2,Local PaFAR-F,S4,Local PaFAR-F,500.0,279,0.094769
2,Local PaFAR-F,S4,Local PaFAR-F,500.0,280,0.088062
2,Local PaFAR-F,S4,Local PaFAR-F,500.0,281,0.130272
2,Local PaFAR-F,S4,Local PaFAR-F,500.0,282,0.086801
2,Local PaFAR-F,S4,Local PaFAR-F,500.0,283,0.09275
2,Local PaFAR-F,S4,Local PaFAR-F,500.0,284,0.112523
2,Local PaFAR-F,S4,Local PaFAR-F,500.0,285,0.10573
2,Local PaFAR-F,S4,Local PaFAR-F,500.0,286,0.079261
2,Local PaFAR-F,S4,Local PaFAR-F,500.0,287,0.082766
2,Local PaFAR-F,S4,Local PaFAR-F,500.0,288,0.105407
2,Local PaFAR-F,S4,Local PaFAR-F,500.0,289,0.106133
2,Local PaFAR-F,S4,Local PaFAR-F,500.0,290,0.105393
2,Local PaFAR-F,S4,Local PaFAR-F,500.0,291,0.119436
2,Local PaFAR-F,S4,Local PaFAR-F,500.0,292,0.133201
2,Local PaFAR-F,S4,Local PaFAR-F,500.0,293,0.106106
2,Local PaFAR-F,S4,Local PaFAR-F,500.0,294,0.116049
2,Local PaFAR-F,S4,Local PaFAR-F,500.0,295,0.098124
2,Local PaFAR-F,S4,Local PaFAR-F,500.0,296,0.109086
2,Local PaFAR-F,S4,Local PaFAR-F,500.0,297,0.091101
2,Local PaFAR-F,S4,Local PaFAR-F,500.0,298,0.096422
2,Local PaFAR-F,S4,Local PaFAR-F,500.0,299,0.116162
2,Local PaFAR-F,S4,Local PaFAR-F,500.0,300,0.096052
2,Local PaFAR-F,S4,Local PaFAR-F,500.0,301,0.11707
2,Local PaFAR-F,S4,Local PaFAR-F,500.0,302,0.126812
2,Local PaFAR-F,S4,Local PaFAR-F,500.0,303,0.093559
2,Local PaFAR-F,S4,Local PaFAR-F,500.0,304,0.10374
2,Local PaFAR-F,S4,Local PaFAR-F,500.0,305,0.11489
2,Local PaFAR-F,S4,Local PaFAR-F,500.0,306,0.097358
2,Local PaFAR-F,S4,Local PaFAR-F,500.0,307,0.110958
2,Local PaFAR-F,S4,Local PaFAR-F,500.0,308,0.083089
2,Local PaFAR-F,S4,Local PaFAR-F,500.0,309,0.111175
2,Local PaFAR-F,S4,Local PaFAR-F,500.0,310,0.096131
2,Local PaFAR-F,S4,Local PaFAR-F,500.0,311,0.100545
2,Local PaFAR-F,S4,Local PaFAR-F,500.0,312,0.10372
2,Local PaFAR-F,S4,Local PaFAR-F,500.0,313,0.113636
2,Local PaFAR-F,S4,Local PaFAR-F,500.0,314,0.102072
2,Local PaFAR-F,S4,Local PaFAR-F,500.0,315,0.085797
2,Local PaFAR-F,S4,Local PaFAR-F,500.0,316,0.101734
2,Local PaFAR-F,S4,Local PaFAR-F,500.0,317,0.074476
2,Local PaFAR-F,S4,Local PaFAR-F,500.0,318,0.113739
2,Local PaFAR-F,S4,Local PaFAR-F,500.0,319,0.097695
2,Local PaFAR-F,S4,Local PaFAR-F,500.0,320,0.103983
2,Local PaFAR-F,S4,Local PaFAR-F,500.0,321,0.127845
2,Local PaFAR-F,S4,Local PaFAR-F,500.0,322,0.109397
2,Local PaFAR-F,S4,Local PaFAR-F,500.0,323,0.124298
2,Local PaFAR-F,S4,Local PaFAR-F,500.0,324,0.106762
2,Local PaFAR-F,S4,Local PaFAR-F,500.0,325,0.102033
2,Local PaFAR-F,S4,Local PaFAR-F,500.0,326,0.079746
2,Local PaFAR-F,S4,Local PaFAR-F,500.0,327,0.077398
2,Local PaFAR-F,S4,Local PaFAR-F,500.0,328,0.11837
2,Local PaFAR-F,S4,Local PaFAR-F,500.0,329,0.11638
2,Local PaFAR-F,S4,Local PaFAR-F,500.0,330,0.104719
2,Local PaFAR-F,S4,Local PaFAR-F,500.0,331,0.11119
2,Local PaFAR-F,S4,Local PaFAR-F,500.0,332,0.116095
2,Local PaFAR-F,S4,Local PaFAR-F,500.0,333,0.090679
2,Local PaFAR-F,S4,Local PaFAR-F,500.0,334,0.100432
2,Local PaFAR-F,S4,Local PaFAR-F,500.0,335,0.098749
2,Local PaFAR-F,S4,Local PaFAR-F,500.0,336,0.081456
2,Local PaFAR-F,S4,Local PaFAR-F,500.0,337,0.107604
2,Local PaFAR-F,S4,Local PaFAR-F,500.0,338,0.113232
2,Local PaFAR-F,S4,Local PaFAR-F,500.0,339,0.115817
2,Local PaFAR-F,S4,Local PaFAR-F,500.0,340,0.098837
2,Local PaFAR-F,S4,Local PaFAR-F,500.0,341,0.085247
2,Local PaFAR-F,S4,Local PaFAR-F,500.0,342,0.112891
2,Local PaFAR-F,S4,Local PaFAR-F,500.0,343,0.10251
2,Local PaFAR-F,S4,Local PaFAR-F,500.0,344,0.10904
2,Local PaFAR-F,S4,Local PaFAR-F,500.0,345,0.113946
2,Local PaFAR-F,S4,Local PaFAR-F,500.0,346,0.104151
2,Local PaFAR-F,S4,Local PaFAR-F,500.0,347,0.099497
2,Local PaFAR-F,S4,Local PaFAR-F,500.0,348,0.125238
2,Local PaFAR-F,S4,Local PaFAR-F,500.0,349,0.09209
2,Local PaFAR-F,S4,Local PaFAR-F,500.0,350,0.079966
2,Local PaFAR-F,S4,Local PaFAR-F,500.0,351,0.090479
2,Local PaFAR-F,S4,Local PaFAR-F,500.0,352,0.108213
2,Local PaFAR-F,S4,Local PaFAR-F,500.0,353,0.127713
2,Local PaFAR-F,S4,Local PaFAR-F,500.0,354,0.128695
2,Local PaFAR-F,S4,Local PaFAR-F,500.0,355,0.102534
2,Local PaFAR-F,S4,Local PaFAR-F,500.0,356,0.126146
2,Local PaFAR-F,S4,Local PaFAR-F,500.0,357,0.110848
2,Local PaFAR-F,S4,Local PaFAR-F,500.0,358,0.094448
2,Local PaFAR-F,S4,Local PaFAR-F,500.0,359,0.101851
2,Local PaFAR-F,S4,Local PaFAR-F,500.0,360,0.088908
2,Local PaFAR-F,S4,Local PaFAR-F,500.0,361,0.087216
2,Local PaFAR-F,S4,Local PaFAR-F,500.0,362,0.096696
2,Local PaFAR-F,S4,Local PaFAR-F,500.0,363,0.097951
2,Local PaFAR-F,S4,Local PaFAR-F,500.0,364,0.11672
2,Local PaFAR-F,S4,Local PaFAR-F,500.0,365,0.082564
2,Local PaFAR-F,S4,Local PaFAR-F,500.0,366,0.109781
2,Local PaFAR-F,S4,Local PaFAR-F,500.0,367,0.116553
2,Local PaFAR-F,S4,Local PaFAR-F,500.0,368,0.114362
2,Local PaFAR-F,S4,Local PaFAR-F,500.0,369,0.088711
2,Local PaFAR-F,S4,Local PaFAR-F,500.0,370,0.086684
2,Local PaFAR-F,S4,Local PaFAR-F,500.0,371,0.086622
2,Local PaFAR-F,S4,Local PaFAR-F,500.0,372,0.083124
2,Local PaFAR-F,S4,Local PaFAR-F,500.0,373,0.10783
2,Local PaFAR-F,S4,Local PaFAR-F,500.0,374,0.08178
2,Local PaFAR-F,S4,Local PaFAR-F,500.0,375,0.07497
2,Local PaFAR-F,S4,Local PaFAR-F,500.0,376,0.108033
2,Local PaFAR-F,S4,Local PaFAR-F,500.0,377,0.108704
2,Local PaFAR-F,S4,Local PaFAR-F,500.0,378,0.092758
2,Local PaFAR-F,S4,Local PaFAR-F,500.0,379,0.092669
2,Local PaFAR-F,S4,Local PaFAR-F,500.0,380,0.093761
2,Local PaFAR-F,S4,Local PaFAR-F,500.0,381,0.096187
2,Local PaFAR-F,S4,Local PaFAR-F,500.0,382,0.10839
2,Local PaFAR-F,S4,Local PaFAR-F,500.0,383,0.108601
2,Local PaFAR-F,S4,Local PaFAR-F,500.0,384,0.094936
2,Local PaFAR-F,S4,Local PaFAR-F,500.0,385,0.11059
2,Local PaFAR-F,S4,Local PaFAR-F,500.0,386,0.089496
2,Local PaFAR-F,S4,Local PaFAR-F,500.0,387,0.09213
2,Local PaFAR-F,S4,Local PaFAR-F,500.0,388,0.088545
2,Local PaFAR-F,S4,Local PaFAR-F,500.0,389,0.0856
2,Local PaFAR-F,S4,Local PaFAR-F,500.0,390,0.11732
2,Local PaFAR-F,S4,Local PaFAR-F,500.0,391,0.111604
2,Local PaFAR-F,S4,Local PaFAR-F,500.0,392,0.079331
2,Local PaFAR-F,S4,Local PaFAR-F,500.0,393,0.087218
2,Local PaFAR-F,S4,Local PaFAR-F,500.0,394,0.119469
2,Local PaFAR-F,S4,Local PaFAR-F,500.0,395,0.104842
2,Local PaFAR-F,S4,Local PaFAR-F,500.0,396,0.108644
2,Local PaFAR-F,S4,Local PaFAR-F,500.0,397,0.108621
2,Local PaFAR-F,S4,Local PaFAR-F,500.0,398,0.074353
2,Local PaFAR-F,S4,Local PaFAR-F,500.0,399,0.11669
2,Local PaFAR-F,S4,Local PaFAR-F,500.0,400,0.107782
2,Local PaFAR-F,S4,Local PaFAR-F,500.0,401,0.112238
2,Local PaFAR-F,S4,Local PaFAR-F,500.0,402,0.120752
2,Local PaFAR-F,S4,Local PaFAR-F,500.0,403,0.08492
2,Local PaFAR-F,S4,Local PaFAR-F,500.0,404,0.106319
2,Local PaFAR-F,S4,Local PaFAR-F,500.0,405,0.123552
2,Local PaFAR-F,S4,Local PaFAR-F,500.0,406,0.126681
2,Local PaFAR-F,S4,Local PaFAR-F,500.0,407,0.121346
2,Local PaFAR-F,S4,Local PaFAR-F,500.0,408,0.124763
2,Local PaFAR-F,S4,Local PaFAR-F,500.0,409,0.118017
2,Local PaFAR-F,S4,Local PaFAR-F,500.0,410,0.119352
2,Local PaFAR-F,S4,Local PaFAR-F,500.0,411,0.091524
2,Local PaFAR-F,S4,Local PaFAR-F,500.0,412,0.085866
2,Local PaFAR-F,S4,Local PaFAR-F,500.0,413,0.111616
2,Local PaFAR-F,S4,Local PaFAR-F,500.0,414,0.08994
2,Local PaFAR-F,S4,Local PaFAR-F,500.0,415,0.107277
2,Local PaFAR-F,S4,Local PaFAR-F,500.0,416,0.097407
2,Local PaFAR-F,S4,Local PaFAR-F,500.0,417,0.091382
2,Local PaFAR-F,S4,Local PaFAR-F,500.0,418,0.089064
2,Local PaFAR-F,S4,Local PaFAR-F,500.0,419,0.076834
2,Local PaFAR-F,S4,Local PaFAR-F,500.0,420,0.095915
2,Local PaFAR-F,S4,Local PaFAR-F,500.0,421,0.102803
2,Local PaFAR-F,S4,Local PaFAR-F,500.0,422,0.096406
2,Local PaFAR-F,S4,Local PaFAR-F,500.0,423,0.097637
2,Local PaFAR-F,S4,Local PaFAR-F,500.0,424,0.10501
2,Local PaFAR-F,S4,Local PaFAR-F,500.0,425,0.105128
2,Local PaFAR-F,S4,Local PaFAR-F,500.0,426,0.126054
2,Local PaFAR-F,S4,Local PaFAR-F,500.0,427,0.101458
2,Local PaFAR-F,S4,Local PaFAR-F,500.0,428,0.08949
2,Local PaFAR-F,S4,Local PaFAR-F,500.0,429,0.107301
2,Local PaFAR-F,S4,Local PaFAR-F,500.0,430,0.133747
2,Local PaFAR-F,S4,Local PaFAR-F,500.0,431,0.096044
2,Local PaFAR-F,S4,Local PaFAR-F,500.0,432,0.09513
2,Local PaFAR-F,S4,Local PaFAR-F,500.0,433,0.112663
2,Local PaFAR-F,S4,Local PaFAR-F,500.0,434,0.083063
2,Local PaFAR-F,S4,Local PaFAR-F,500.0,435,0.120032
2,Local PaFAR-F,S4,Local PaFAR-F,500.0,436,0.110752
2,Local PaFAR-F,S4,Local PaFAR-F,500.0,437,0.091553
2,Local PaFAR-F,S4,Local PaFAR-F,500.0,438,0.106938
2,Local PaFAR-F,S4,Local PaFAR-F,500.0,439,0.094062
2,Local PaFAR-F,S4,Local PaFAR-F,500.0,440,0.120836
2,Local PaFAR-F,S4,Local PaFAR-F,500.0,441,0.107391
2,Local PaFAR-F,S4,Local PaFAR-F,500.0,442,0.114224
2,Local PaFAR-F,S4,Local PaFAR-F,500.0,443,0.092073
2,Local PaFAR-F,S4,Local PaFAR-F,500.0,444,0.087925
2,Local PaFAR-F,S4,Local PaFAR-F,500.0,445,0.098276
2,Local PaFAR-F,S4,Local PaFAR-F,500.0,446,0.095688
2,Local PaFAR-F,S4,Local PaFAR-F,500.0,447,0.110344
2,Local PaFAR-F,S4,Local PaFAR-F,500.0,448,0.112441
2,Local PaFAR-F,S4,Local PaFAR-F,500.0,449,0.096072
2,Local PaFAR-F,S4,Local PaFAR-F,500.0,450,0.093519
2,Local PaFAR-F,S4,Local PaFAR-F,500.0,451,0.115406
2,Local PaFAR-F,S4,Local PaFAR-F,500.0,452,0.097622
2,Local PaFAR-F,S4,Local PaFAR-F,500.0,453,0.112613
2,Local PaFAR-F,S4,Local PaFAR-F,500.0,454,0.119799
2,Local PaFAR-F,S4,Local PaFAR-F,500.0,455,0.102561
2,Local PaFAR-F,S4,Local PaFAR-F,500.0,456,0.095352
2,Local PaFAR-F,S4,Local PaFAR-F,500.0,457,0.09084
2,Local PaFAR-F,S4,Local PaFAR-F,500.0,458,0.074989
2,Local PaFAR-F,S4,Local PaFAR-F,500.0,459,0.098766
2,Local PaFAR-F,S4,Local PaFAR-F,500.0,460,0.099501
2,Local PaFAR-F,S4,Local PaFAR-F,500.0,461,0.099896
2,Local PaFAR-F,S4,Local PaFAR-F,500.0,462,0.083013
2,Local PaFAR-F,S4,Local PaFAR-F,500.0,463,0.08476
2,Local PaFAR-F,S4,Local PaFAR-F,500.0,464,0.066913
2,Local PaFAR-F,S4,Local PaFAR-F,500.0,465,0.085301
2,Local PaFAR-F,S4,Local PaFAR-F,500.0,466,0.108975
2,Local PaFAR-F,S4,Local PaFAR-F,500.0,467,0.117869
2,Local PaFAR-F,S4,Local PaFAR-F,500.0,468,0.095654
2,Local PaFAR-F,S4,Local PaFAR-F,500.0,469,0.101688
2,Local PaFAR-F,S4,Local PaFAR-F,500.0,470,0.089516
2,Local PaFAR-F,S4,Local PaFAR-F,500.0,471,0.081453
2,Local PaFAR-F,S4,Local PaFAR-F,500.0,472,0.088282
2,Local PaFAR-F,S4,Local PaFAR-F,500.0,473,0.079289
2,Local PaFAR-F,S4,Local PaFAR-F,500.0,474,0.112534
2,Local PaFAR-F,S4,Local PaFAR-F,500.0,475,0.098155
2,Local PaFAR-F,S4,Local PaFAR-F,500.0,476,0.085311
2,Local PaFAR-F,S4,Local PaFAR-F,500.0,477,0.091291
2,Local PaFAR-F,S4,Local PaFAR-F,500.0,478,0.13063
2,Local PaFAR-F,S4,Local PaFAR-F,500.0,479,0.092346
2,Local PaFAR-F,S4,Local PaFAR-F,500.0,480,0.083749
2,Local PaFAR-F,S4,Local PaFAR-F,500.0,481,0.099675
2,Local PaFAR-F,S4,Local PaFAR-F,500.0,482,0.096037
2,Local PaFAR-F,S4,Local PaFAR-F,500.0,483,0.069398
2,Local PaFAR-F,S4,Local PaFAR-F,500.0,484,0.11724
2,Local PaFAR-F,S4,Local PaFAR-F,500.0,485,0.101881
2,Local PaFAR-F,S4,Local PaFAR-F,500.0,486,0.112426
2,Local PaFAR-F,S4,Local PaFAR-F,500.0,487,0.095971
2,Local PaFAR-F,S4,Local PaFAR-F,500.0,488,0.088916
2,Local PaFAR-F,S4,Local PaFAR-F,500.0,489,0.109251
2,Local PaFAR-F,S4,Local PaFAR-F,500.0,490,0.083045
2,Local PaFAR-F,S4,Local PaFAR-F,500.0,491,0.087515
2,Local PaFAR-F,S4,Local PaFAR-F,500.0,492,0.114873
2,Local PaFAR-F,S4,Local PaFAR-F,500.0,493,0.09389
2,Local PaFAR-F,S4,Local PaFAR-F,500.0,494,0.104339
2,Local PaFAR-F,S4,Local PaFAR-F,500.0,495,0.101828
2,Local PaFAR-F,S4,Local PaFAR-F,500.0,496,0.087328
2,Local PaFAR-F,S4,Local PaFAR-F,500.0,497,0.104522
2,Local PaFAR-F,S4,Local PaFAR-F,500.0,498,0.088814
2,Local PaFAR-F,S4,Local PaFAR-F,500.0,499,0.104758
2,Source PaFAR-HC,S4,PaFAR-HC,0.0,0,0.239917
2,Source PaFAR-HC,S4,PaFAR-HC,0.0,1,0.222599
2,Source PaFAR-HC,S4,PaFAR-HC,0.0,2,0.274484
2,Source PaFAR-HC,S4,PaFAR-HC,0.0,3,0.217024
2,Source PaFAR-HC,S4,PaFAR-HC,0.0,4,0.209018
2,Source PaFAR-HC,S4,PaFAR-HC,0.0,5,0.229636
2,Source PaFAR-HC,S4,PaFAR-HC,0.0,6,0.229848
2,Source PaFAR-HC,S4,PaFAR-HC,0.0,7,0.242996
2,Source PaFAR-HC,S4,PaFAR-HC,0.0,8,0.262695
2,Source PaFAR-HC,S4,PaFAR-HC,0.0,9,0.25269
2,Source PaFAR-HC,S4,PaFAR-HC,0.0,10,0.214797
2,Source PaFAR-HC,S4,PaFAR-HC,0.0,11,0.216108
2,Source PaFAR-HC,S4,PaFAR-HC,0.0,12,0.243392
2,Source PaFAR-HC,S4,PaFAR-HC,0.0,13,0.287654
2,Source PaFAR-HC,S4,PaFAR-HC,0.0,14,0.225423
2,Source PaFAR-HC,S4,PaFAR-HC,0.0,15,0.227098
2,Source PaFAR-HC,S4,PaFAR-HC,0.0,16,0.212008
2,Source PaFAR-HC,S4,PaFAR-HC,0.0,17,0.258334
2,Source PaFAR-HC,S4,PaFAR-HC,0.0,18,0.210511
2,Source PaFAR-HC,S4,PaFAR-HC,0.0,19,0.233783
2,Source PaFAR-HC,S4,PaFAR-HC,0.0,20,0.222134
2,Source PaFAR-HC,S4,PaFAR-HC,0.0,21,0.201401
2,Source PaFAR-HC,S4,PaFAR-HC,0.0,22,0.300612
2,Source PaFAR-HC,S4,PaFAR-HC,0.0,23,0.217093
2,Source PaFAR-HC,S4,PaFAR-HC,0.0,24,0.230278
2,Source PaFAR-HC,S4,PaFAR-HC,0.0,25,0.19116
2,Source PaFAR-HC,S4,PaFAR-HC,0.0,26,0.251799
2,Source PaFAR-HC,S4,PaFAR-HC,0.0,27,0.240689
2,Source PaFAR-HC,S4,PaFAR-HC,0.0,28,0.226203
2,Source PaFAR-HC,S4,PaFAR-HC,0.0,29,0.215736
2,Source PaFAR-HC,S4,PaFAR-HC,0.0,30,0.229087
2,Source PaFAR-HC,S4,PaFAR-HC,0.0,31,0.227448
2,Source PaFAR-HC,S4,PaFAR-HC,0.0,32,0.253977
2,Source PaFAR-HC,S4,PaFAR-HC,0.0,33,0.23541
2,Source PaFAR-HC,S4,PaFAR-HC,0.0,34,0.261935
2,Source PaFAR-HC,S4,PaFAR-HC,0.0,35,0.216956
2,Source PaFAR-HC,S4,PaFAR-HC,0.0,36,0.256041
2,Source PaFAR-HC,S4,PaFAR-HC,0.0,37,0.226096
2,Source PaFAR-HC,S4,PaFAR-HC,0.0,38,0.249932
2,Source PaFAR-HC,S4,PaFAR-HC,0.0,39,0.233176
2,Source PaFAR-HC,S4,PaFAR-HC,0.0,40,0.253253
2,Source PaFAR-HC,S4,PaFAR-HC,0.0,41,0.238287
2,Source PaFAR-HC,S4,PaFAR-HC,0.0,42,0.266412
2,Source PaFAR-HC,S4,PaFAR-HC,0.0,43,0.266788
2,Source PaFAR-HC,S4,PaFAR-HC,0.0,44,0.261057
2,Source PaFAR-HC,S4,PaFAR-HC,0.0,45,0.272166
2,Source PaFAR-HC,S4,PaFAR-HC,0.0,46,0.251196
2,Source PaFAR-HC,S4,PaFAR-HC,0.0,47,0.210007
2,Source PaFAR-HC,S4,PaFAR-HC,0.0,48,0.194152
2,Source PaFAR-HC,S4,PaFAR-HC,0.0,49,0.252095
2,Source PaFAR-HC,S4,PaFAR-HC,0.0,50,0.286762
2,Source PaFAR-HC,S4,PaFAR-HC,0.0,51,0.230308
2,Source PaFAR-HC,S4,PaFAR-HC,0.0,52,0.261711
2,Source PaFAR-HC,S4,PaFAR-HC,0.0,53,0.220232
2,Source PaFAR-HC,S4,PaFAR-HC,0.0,54,0.226189
2,Source PaFAR-HC,S4,PaFAR-HC,0.0,55,0.264465
2,Source PaFAR-HC,S4,PaFAR-HC,0.0,56,0.264262
2,Source PaFAR-HC,S4,PaFAR-HC,0.0,57,0.262377
2,Source PaFAR-HC,S4,PaFAR-HC,0.0,58,0.217378
2,Source PaFAR-HC,S4,PaFAR-HC,0.0,59,0.286699
2,Source PaFAR-HC,S4,PaFAR-HC,0.0,60,0.25862
2,Source PaFAR-HC,S4,PaFAR-HC,0.0,61,0.199427
2,Source PaFAR-HC,S4,PaFAR-HC,0.0,62,0.221075
2,Source PaFAR-HC,S4,PaFAR-HC,0.0,63,0.268174
2,Source PaFAR-HC,S4,PaFAR-HC,0.0,64,0.230973
2,Source PaFAR-HC,S4,PaFAR-HC,0.0,65,0.236852
2,Source PaFAR-HC,S4,PaFAR-HC,0.0,66,0.242122
2,Source PaFAR-HC,S4,PaFAR-HC,0.0,67,0.245595
2,Source PaFAR-HC,S4,PaFAR-HC,0.0,68,0.209458
2,Source PaFAR-HC,S4,PaFAR-HC,0.0,69,0.245389
2,Source PaFAR-HC,S4,PaFAR-HC,0.0,70,0.273305
2,Source PaFAR-HC,S4,PaFAR-HC,0.0,71,0.234647
2,Source PaFAR-HC,S4,PaFAR-HC,0.0,72,0.220597
2,Source PaFAR-HC,S4,PaFAR-HC,0.0,73,0.206568
2,Source PaFAR-HC,S4,PaFAR-HC,0.0,74,0.225925
2,Source PaFAR-HC,S4,PaFAR-HC,0.0,75,0.269047
2,Source PaFAR-HC,S4,PaFAR-HC,0.0,76,0.237116
2,Source PaFAR-HC,S4,PaFAR-HC,0.0,77,0.260418
2,Source PaFAR-HC,S4,PaFAR-HC,0.0,78,0.229335
2,Source PaFAR-HC,S4,PaFAR-HC,0.0,79,0.231697
2,Source PaFAR-HC,S4,PaFAR-HC,0.0,80,0.232256
2,Source PaFAR-HC,S4,PaFAR-HC,0.0,81,0.24154
2,Source PaFAR-HC,S4,PaFAR-HC,0.0,82,0.259184
2,Source PaFAR-HC,S4,PaFAR-HC,0.0,83,0.224743
2,Source PaFAR-HC,S4,PaFAR-HC,0.0,84,0.21264
2,Source PaFAR-HC,S4,PaFAR-HC,0.0,85,0.249882
2,Source PaFAR-HC,S4,PaFAR-HC,0.0,86,0.21136
2,Source PaFAR-HC,S4,PaFAR-HC,0.0,87,0.223107
2,Source PaFAR-HC,S4,PaFAR-HC,0.0,88,0.245775
2,Source PaFAR-HC,S4,PaFAR-HC,0.0,89,0.231103
2,Source PaFAR-HC,S4,PaFAR-HC,0.0,90,0.291857
2,Source PaFAR-HC,S4,PaFAR-HC,0.0,91,0.228218
2,Source PaFAR-HC,S4,PaFAR-HC,0.0,92,0.221557
2,Source PaFAR-HC,S4,PaFAR-HC,0.0,93,0.283763
2,Source PaFAR-HC,S4,PaFAR-HC,0.0,94,0.222261
2,Source PaFAR-HC,S4,PaFAR-HC,0.0,95,0.228736
2,Source PaFAR-HC,S4,PaFAR-HC,0.0,96,0.233407
2,Source PaFAR-HC,S4,PaFAR-HC,0.0,97,0.235321
2,Source PaFAR-HC,S4,PaFAR-HC,0.0,98,0.248319
2,Source PaFAR-HC,S4,PaFAR-HC,0.0,99,0.217383
2,Source PaFAR-HC,S4,PaFAR-HC,0.0,100,0.243981
2,Source PaFAR-HC,S4,PaFAR-HC,0.0,101,0.204589
2,Source PaFAR-HC,S4,PaFAR-HC,0.0,102,0.212999
2,Source PaFAR-HC,S4,PaFAR-HC,0.0,103,0.225659
2,Source PaFAR-HC,S4,PaFAR-HC,0.0,104,0.186668
2,Source PaFAR-HC,S4,PaFAR-HC,0.0,105,0.240853
2,Source PaFAR-HC,S4,PaFAR-HC,0.0,106,0.232683
2,Source PaFAR-HC,S4,PaFAR-HC,0.0,107,0.306497
2,Source PaFAR-HC,S4,PaFAR-HC,0.0,108,0.231555
2,Source PaFAR-HC,S4,PaFAR-HC,0.0,109,0.220856
2,Source PaFAR-HC,S4,PaFAR-HC,0.0,110,0.206447
2,Source PaFAR-HC,S4,PaFAR-HC,0.0,111,0.218176
2,Source PaFAR-HC,S4,PaFAR-HC,0.0,112,0.229081
2,Source PaFAR-HC,S4,PaFAR-HC,0.0,113,0.232242
2,Source PaFAR-HC,S4,PaFAR-HC,0.0,114,0.248708
2,Source PaFAR-HC,S4,PaFAR-HC,0.0,115,0.281254
2,Source PaFAR-HC,S4,PaFAR-HC,0.0,116,0.257785
2,Source PaFAR-HC,S4,PaFAR-HC,0.0,117,0.222283
2,Source PaFAR-HC,S4,PaFAR-HC,0.0,118,0.256286
2,Source PaFAR-HC,S4,PaFAR-HC,0.0,119,0.267275
2,Source PaFAR-HC,S4,PaFAR-HC,0.0,120,0.273613
2,Source PaFAR-HC,S4,PaFAR-HC,0.0,121,0.230095
2,Source PaFAR-HC,S4,PaFAR-HC,0.0,122,0.210145
2,Source PaFAR-HC,S4,PaFAR-HC,0.0,123,0.213095
2,Source PaFAR-HC,S4,PaFAR-HC,0.0,124,0.200861
2,Source PaFAR-HC,S4,PaFAR-HC,0.0,125,0.235324
2,Source PaFAR-HC,S4,PaFAR-HC,0.0,126,0.256052
2,Source PaFAR-HC,S4,PaFAR-HC,0.0,127,0.237255
2,Source PaFAR-HC,S4,PaFAR-HC,0.0,128,0.296758
2,Source PaFAR-HC,S4,PaFAR-HC,0.0,129,0.239417
2,Source PaFAR-HC,S4,PaFAR-HC,0.0,130,0.243785
2,Source PaFAR-HC,S4,PaFAR-HC,0.0,131,0.227755
2,Source PaFAR-HC,S4,PaFAR-HC,0.0,132,0.274846
2,Source PaFAR-HC,S4,PaFAR-HC,0.0,133,0.263427
2,Source PaFAR-HC,S4,PaFAR-HC,0.0,134,0.294321
2,Source PaFAR-HC,S4,PaFAR-HC,0.0,135,0.29387
2,Source PaFAR-HC,S4,PaFAR-HC,0.0,136,0.18338
2,Source PaFAR-HC,S4,PaFAR-HC,0.0,137,0.247182
2,Source PaFAR-HC,S4,PaFAR-HC,0.0,138,0.224971
2,Source PaFAR-HC,S4,PaFAR-HC,0.0,139,0.226883
2,Source PaFAR-HC,S4,PaFAR-HC,0.0,140,0.227087
2,Source PaFAR-HC,S4,PaFAR-HC,0.0,141,0.208029
2,Source PaFAR-HC,S4,PaFAR-HC,0.0,142,0.29565
2,Source PaFAR-HC,S4,PaFAR-HC,0.0,143,0.228999
2,Source PaFAR-HC,S4,PaFAR-HC,0.0,144,0.199535
2,Source PaFAR-HC,S4,PaFAR-HC,0.0,145,0.243262
2,Source PaFAR-HC,S4,PaFAR-HC,0.0,146,0.25706
2,Source PaFAR-HC,S4,PaFAR-HC,0.0,147,0.233289
2,Source PaFAR-HC,S4,PaFAR-HC,0.0,148,0.206036
2,Source PaFAR-HC,S4,PaFAR-HC,0.0,149,0.265341
2,Source PaFAR-HC,S4,PaFAR-HC,0.0,150,0.232039
2,Source PaFAR-HC,S4,PaFAR-HC,0.0,151,0.197308
2,Source PaFAR-HC,S4,PaFAR-HC,0.0,152,0.297457
2,Source PaFAR-HC,S4,PaFAR-HC,0.0,153,0.264333
2,Source PaFAR-HC,S4,PaFAR-HC,0.0,154,0.26512
2,Source PaFAR-HC,S4,PaFAR-HC,0.0,155,0.230572
2,Source PaFAR-HC,S4,PaFAR-HC,0.0,156,0.259899
2,Source PaFAR-HC,S4,PaFAR-HC,0.0,157,0.243917
2,Source PaFAR-HC,S4,PaFAR-HC,0.0,158,0.182387
2,Source PaFAR-HC,S4,PaFAR-HC,0.0,159,0.220388
2,Source PaFAR-HC,S4,PaFAR-HC,0.0,160,0.23678
2,Source PaFAR-HC,S4,PaFAR-HC,0.0,161,0.237039
2,Source PaFAR-HC,S4,PaFAR-HC,0.0,162,0.242007
2,Source PaFAR-HC,S4,PaFAR-HC,0.0,163,0.230525
2,Source PaFAR-HC,S4,PaFAR-HC,0.0,164,0.277518
2,Source PaFAR-HC,S4,PaFAR-HC,0.0,165,0.22996
2,Source PaFAR-HC,S4,PaFAR-HC,0.0,166,0.294636
2,Source PaFAR-HC,S4,PaFAR-HC,0.0,167,0.212181
2,Source PaFAR-HC,S4,PaFAR-HC,0.0,168,0.249254
2,Source PaFAR-HC,S4,PaFAR-HC,0.0,169,0.216738
2,Source PaFAR-HC,S4,PaFAR-HC,0.0,170,0.241089
2,Source PaFAR-HC,S4,PaFAR-HC,0.0,171,0.269886
2,Source PaFAR-HC,S4,PaFAR-HC,0.0,172,0.195821
2,Source PaFAR-HC,S4,PaFAR-HC,0.0,173,0.312423
2,Source PaFAR-HC,S4,PaFAR-HC,0.0,174,0.241387
2,Source PaFAR-HC,S4,PaFAR-HC,0.0,175,0.290833
2,Source PaFAR-HC,S4,PaFAR-HC,0.0,176,0.272327
2,Source PaFAR-HC,S4,PaFAR-HC,0.0,177,0.317141
2,Source PaFAR-HC,S4,PaFAR-HC,0.0,178,0.274353
2,Source PaFAR-HC,S4,PaFAR-HC,0.0,179,0.229824
2,Source PaFAR-HC,S4,PaFAR-HC,0.0,180,0.223238
2,Source PaFAR-HC,S4,PaFAR-HC,0.0,181,0.213629
2,Source PaFAR-HC,S4,PaFAR-HC,0.0,182,0.233703
2,Source PaFAR-HC,S4,PaFAR-HC,0.0,183,0.231153
2,Source PaFAR-HC,S4,PaFAR-HC,0.0,184,0.207332
2,Source PaFAR-HC,S4,PaFAR-HC,0.0,185,0.243927
2,Source PaFAR-HC,S4,PaFAR-HC,0.0,186,0.257368
2,Source PaFAR-HC,S4,PaFAR-HC,0.0,187,0.240871
2,Source PaFAR-HC,S4,PaFAR-HC,0.0,188,0.228219
2,Source PaFAR-HC,S4,PaFAR-HC,0.0,189,0.24318
2,Source PaFAR-HC,S4,PaFAR-HC,0.0,190,0.217892
2,Source PaFAR-HC,S4,PaFAR-HC,0.0,191,0.247269
2,Source PaFAR-HC,S4,PaFAR-HC,0.0,192,0.202453
2,Source PaFAR-HC,S4,PaFAR-HC,0.0,193,0.249532
2,Source PaFAR-HC,S4,PaFAR-HC,0.0,194,0.258905
2,Source PaFAR-HC,S4,PaFAR-HC,0.0,195,0.208254
2,Source PaFAR-HC,S4,PaFAR-HC,0.0,196,0.23281
2,Source PaFAR-HC,S4,PaFAR-HC,0.0,197,0.216002
2,Source PaFAR-HC,S4,PaFAR-HC,0.0,198,0.205477
2,Source PaFAR-HC,S4,PaFAR-HC,0.0,199,0.250348
2,Source PaFAR-HC,S4,PaFAR-HC,0.0,200,0.243303
2,Source PaFAR-HC,S4,PaFAR-HC,0.0,201,0.228705
2,Source PaFAR-HC,S4,PaFAR-HC,0.0,202,0.249883
2,Source PaFAR-HC,S4,PaFAR-HC,0.0,203,0.215263
2,Source PaFAR-HC,S4,PaFAR-HC,0.0,204,0.232611
2,Source PaFAR-HC,S4,PaFAR-HC,0.0,205,0.258692
2,Source PaFAR-HC,S4,PaFAR-HC,0.0,206,0.24571
2,Source PaFAR-HC,S4,PaFAR-HC,0.0,207,0.257568
2,Source PaFAR-HC,S4,PaFAR-HC,0.0,208,0.242252
2,Source PaFAR-HC,S4,PaFAR-HC,0.0,209,0.211278
2,Source PaFAR-HC,S4,PaFAR-HC,0.0,210,0.225023
2,Source PaFAR-HC,S4,PaFAR-HC,0.0,211,0.261452
2,Source PaFAR-HC,S4,PaFAR-HC,0.0,212,0.248228
2,Source PaFAR-HC,S4,PaFAR-HC,0.0,213,0.258329
2,Source PaFAR-HC,S4,PaFAR-HC,0.0,214,0.192467
2,Source PaFAR-HC,S4,PaFAR-HC,0.0,215,0.216212
2,Source PaFAR-HC,S4,PaFAR-HC,0.0,216,0.23007
2,Source PaFAR-HC,S4,PaFAR-HC,0.0,217,0.255235
2,Source PaFAR-HC,S4,PaFAR-HC,0.0,218,0.237568
2,Source PaFAR-HC,S4,PaFAR-HC,0.0,219,0.220345
2,Source PaFAR-HC,S4,PaFAR-HC,0.0,220,0.237546
2,Source PaFAR-HC,S4,PaFAR-HC,0.0,221,0.223206
2,Source PaFAR-HC,S4,PaFAR-HC,0.0,222,0.213516
2,Source PaFAR-HC,S4,PaFAR-HC,0.0,223,0.193818
2,Source PaFAR-HC,S4,PaFAR-HC,0.0,224,0.245565
2,Source PaFAR-HC,S4,PaFAR-HC,0.0,225,0.233047
2,Source PaFAR-HC,S4,PaFAR-HC,0.0,226,0.28003
2,Source PaFAR-HC,S4,PaFAR-HC,0.0,227,0.23445
2,Source PaFAR-HC,S4,PaFAR-HC,0.0,228,0.264779
2,Source PaFAR-HC,S4,PaFAR-HC,0.0,229,0.239459
2,Source PaFAR-HC,S4,PaFAR-HC,0.0,230,0.225424
2,Source PaFAR-HC,S4,PaFAR-HC,0.0,231,0.247439
2,Source PaFAR-HC,S4,PaFAR-HC,0.0,232,0.200541
2,Source PaFAR-HC,S4,PaFAR-HC,0.0,233,0.241946
2,Source PaFAR-HC,S4,PaFAR-HC,0.0,234,0.248899
2,Source PaFAR-HC,S4,PaFAR-HC,0.0,235,0.251257
2,Source PaFAR-HC,S4,PaFAR-HC,0.0,236,0.250597
2,Source PaFAR-HC,S4,PaFAR-HC,0.0,237,0.222036
2,Source PaFAR-HC,S4,PaFAR-HC,0.0,238,0.24741
2,Source PaFAR-HC,S4,PaFAR-HC,0.0,239,0.266339
2,Source PaFAR-HC,S4,PaFAR-HC,0.0,240,0.202348
2,Source PaFAR-HC,S4,PaFAR-HC,0.0,241,0.223193
2,Source PaFAR-HC,S4,PaFAR-HC,0.0,242,0.272714
2,Source PaFAR-HC,S4,PaFAR-HC,0.0,243,0.239711
2,Source PaFAR-HC,S4,PaFAR-HC,0.0,244,0.269032
2,Source PaFAR-HC,S4,PaFAR-HC,0.0,245,0.26373
2,Source PaFAR-HC,S4,PaFAR-HC,0.0,246,0.211791
2,Source PaFAR-HC,S4,PaFAR-HC,0.0,247,0.235502
2,Source PaFAR-HC,S4,PaFAR-HC,0.0,248,0.236769
2,Source PaFAR-HC,S4,PaFAR-HC,0.0,249,0.260816
2,Source PaFAR-HC,S4,PaFAR-HC,0.0,250,0.249461
2,Source PaFAR-HC,S4,PaFAR-HC,0.0,251,0.24256
2,Source PaFAR-HC,S4,PaFAR-HC,0.0,252,0.26527
2,Source PaFAR-HC,S4,PaFAR-HC,0.0,253,0.236888
2,Source PaFAR-HC,S4,PaFAR-HC,0.0,254,0.212367
2,Source PaFAR-HC,S4,PaFAR-HC,0.0,255,0.268878
2,Source PaFAR-HC,S4,PaFAR-HC,0.0,256,0.201249
2,Source PaFAR-HC,S4,PaFAR-HC,0.0,257,0.260013
2,Source PaFAR-HC,S4,PaFAR-HC,0.0,258,0.214203
2,Source PaFAR-HC,S4,PaFAR-HC,0.0,259,0.289196
2,Source PaFAR-HC,S4,PaFAR-HC,0.0,260,0.231405
2,Source PaFAR-HC,S4,PaFAR-HC,0.0,261,0.256433
2,Source PaFAR-HC,S4,PaFAR-HC,0.0,262,0.191455
2,Source PaFAR-HC,S4,PaFAR-HC,0.0,263,0.228974
2,Source PaFAR-HC,S4,PaFAR-HC,0.0,264,0.246101
2,Source PaFAR-HC,S4,PaFAR-HC,0.0,265,0.254114
2,Source PaFAR-HC,S4,PaFAR-HC,0.0,266,0.212894
2,Source PaFAR-HC,S4,PaFAR-HC,0.0,267,0.247791
2,Source PaFAR-HC,S4,PaFAR-HC,0.0,268,0.234862
2,Source PaFAR-HC,S4,PaFAR-HC,0.0,269,0.244153
2,Source PaFAR-HC,S4,PaFAR-HC,0.0,270,0.164231
2,Source PaFAR-HC,S4,PaFAR-HC,0.0,271,0.211314
2,Source PaFAR-HC,S4,PaFAR-HC,0.0,272,0.213394
2,Source PaFAR-HC,S4,PaFAR-HC,0.0,273,0.241684
2,Source PaFAR-HC,S4,PaFAR-HC,0.0,274,0.240909
2,Source PaFAR-HC,S4,PaFAR-HC,0.0,275,0.216963
2,Source PaFAR-HC,S4,PaFAR-HC,0.0,276,0.219992
2,Source PaFAR-HC,S4,PaFAR-HC,0.0,277,0.247983
2,Source PaFAR-HC,S4,PaFAR-HC,0.0,278,0.224716
2,Source PaFAR-HC,S4,PaFAR-HC,0.0,279,0.208032
2,Source PaFAR-HC,S4,PaFAR-HC,0.0,280,0.216124
2,Source PaFAR-HC,S4,PaFAR-HC,0.0,281,0.233809
2,Source PaFAR-HC,S4,PaFAR-HC,0.0,282,0.207151
2,Source PaFAR-HC,S4,PaFAR-HC,0.0,283,0.22977
2,Source PaFAR-HC,S4,PaFAR-HC,0.0,284,0.238543
2,Source PaFAR-HC,S4,PaFAR-HC,0.0,285,0.22433
2,Source PaFAR-HC,S4,PaFAR-HC,0.0,286,0.263739
2,Source PaFAR-HC,S4,PaFAR-HC,0.0,287,0.217765
2,Source PaFAR-HC,S4,PaFAR-HC,0.0,288,0.221521
2,Source PaFAR-HC,S4,PaFAR-HC,0.0,289,0.261713
2,Source PaFAR-HC,S4,PaFAR-HC,0.0,290,0.22816
2,Source PaFAR-HC,S4,PaFAR-HC,0.0,291,0.277671
2,Source PaFAR-HC,S4,PaFAR-HC,0.0,292,0.191595
2,Source PaFAR-HC,S4,PaFAR-HC,0.0,293,0.232324
2,Source PaFAR-HC,S4,PaFAR-HC,0.0,294,0.207112
2,Source PaFAR-HC,S4,PaFAR-HC,0.0,295,0.241847
2,Source PaFAR-HC,S4,PaFAR-HC,0.0,296,0.196511
2,Source PaFAR-HC,S4,PaFAR-HC,0.0,297,0.224466
2,Source PaFAR-HC,S4,PaFAR-HC,0.0,298,0.231937
2,Source PaFAR-HC,S4,PaFAR-HC,0.0,299,0.232403
2,Source PaFAR-HC,S4,PaFAR-HC,0.0,300,0.227891
2,Source PaFAR-HC,S4,PaFAR-HC,0.0,301,0.254177
2,Source PaFAR-HC,S4,PaFAR-HC,0.0,302,0.269065
2,Source PaFAR-HC,S4,PaFAR-HC,0.0,303,0.279609
2,Source PaFAR-HC,S4,PaFAR-HC,0.0,304,0.279151
2,Source PaFAR-HC,S4,PaFAR-HC,0.0,305,0.251688
2,Source PaFAR-HC,S4,PaFAR-HC,0.0,306,0.226919
2,Source PaFAR-HC,S4,PaFAR-HC,0.0,307,0.208577
2,Source PaFAR-HC,S4,PaFAR-HC,0.0,308,0.285083
2,Source PaFAR-HC,S4,PaFAR-HC,0.0,309,0.249603
2,Source PaFAR-HC,S4,PaFAR-HC,0.0,310,0.256419
2,Source PaFAR-HC,S4,PaFAR-HC,0.0,311,0.202848
2,Source PaFAR-HC,S4,PaFAR-HC,0.0,312,0.223263
2,Source PaFAR-HC,S4,PaFAR-HC,0.0,313,0.232684
2,Source PaFAR-HC,S4,PaFAR-HC,0.0,314,0.233473
2,Source PaFAR-HC,S4,PaFAR-HC,0.0,315,0.276768
2,Source PaFAR-HC,S4,PaFAR-HC,0.0,316,0.254283
2,Source PaFAR-HC,S4,PaFAR-HC,0.0,317,0.279786
2,Source PaFAR-HC,S4,PaFAR-HC,0.0,318,0.197231
2,Source PaFAR-HC,S4,PaFAR-HC,0.0,319,0.168747
2,Source PaFAR-HC,S4,PaFAR-HC,0.0,320,0.25762
2,Source PaFAR-HC,S4,PaFAR-HC,0.0,321,0.236036
2,Source PaFAR-HC,S4,PaFAR-HC,0.0,322,0.278682
2,Source PaFAR-HC,S4,PaFAR-HC,0.0,323,0.207319
2,Source PaFAR-HC,S4,PaFAR-HC,0.0,324,0.262959
2,Source PaFAR-HC,S4,PaFAR-HC,0.0,325,0.239461
2,Source PaFAR-HC,S4,PaFAR-HC,0.0,326,0.265938
2,Source PaFAR-HC,S4,PaFAR-HC,0.0,327,0.203506
2,Source PaFAR-HC,S4,PaFAR-HC,0.0,328,0.227085
2,Source PaFAR-HC,S4,PaFAR-HC,0.0,329,0.238913
2,Source PaFAR-HC,S4,PaFAR-HC,0.0,330,0.253992
2,Source PaFAR-HC,S4,PaFAR-HC,0.0,331,0.226145
2,Source PaFAR-HC,S4,PaFAR-HC,0.0,332,0.272713
2,Source PaFAR-HC,S4,PaFAR-HC,0.0,333,0.221424
2,Source PaFAR-HC,S4,PaFAR-HC,0.0,334,0.222327
2,Source PaFAR-HC,S4,PaFAR-HC,0.0,335,0.241135
2,Source PaFAR-HC,S4,PaFAR-HC,0.0,336,0.217267
2,Source PaFAR-HC,S4,PaFAR-HC,0.0,337,0.256874
2,Source PaFAR-HC,S4,PaFAR-HC,0.0,338,0.188434
2,Source PaFAR-HC,S4,PaFAR-HC,0.0,339,0.237996
2,Source PaFAR-HC,S4,PaFAR-HC,0.0,340,0.233503
2,Source PaFAR-HC,S4,PaFAR-HC,0.0,341,0.236843
2,Source PaFAR-HC,S4,PaFAR-HC,0.0,342,0.240755
2,Source PaFAR-HC,S4,PaFAR-HC,0.0,343,0.2442
2,Source PaFAR-HC,S4,PaFAR-HC,0.0,344,0.19508
2,Source PaFAR-HC,S4,PaFAR-HC,0.0,345,0.242885
2,Source PaFAR-HC,S4,PaFAR-HC,0.0,346,0.249161
2,Source PaFAR-HC,S4,PaFAR-HC,0.0,347,0.225804
2,Source PaFAR-HC,S4,PaFAR-HC,0.0,348,0.235601
2,Source PaFAR-HC,S4,PaFAR-HC,0.0,349,0.218584
2,Source PaFAR-HC,S4,PaFAR-HC,0.0,350,0.223856
2,Source PaFAR-HC,S4,PaFAR-HC,0.0,351,0.223528
2,Source PaFAR-HC,S4,PaFAR-HC,0.0,352,0.232832
2,Source PaFAR-HC,S4,PaFAR-HC,0.0,353,0.228931
2,Source PaFAR-HC,S4,PaFAR-HC,0.0,354,0.242215
2,Source PaFAR-HC,S4,PaFAR-HC,0.0,355,0.28297
2,Source PaFAR-HC,S4,PaFAR-HC,0.0,356,0.200631
2,Source PaFAR-HC,S4,PaFAR-HC,0.0,357,0.294276
2,Source PaFAR-HC,S4,PaFAR-HC,0.0,358,0.222859
2,Source PaFAR-HC,S4,PaFAR-HC,0.0,359,0.27844
2,Source PaFAR-HC,S4,PaFAR-HC,0.0,360,0.167594
2,Source PaFAR-HC,S4,PaFAR-HC,0.0,361,0.263066
2,Source PaFAR-HC,S4,PaFAR-HC,0.0,362,0.290643
2,Source PaFAR-HC,S4,PaFAR-HC,0.0,363,0.179212
2,Source PaFAR-HC,S4,PaFAR-HC,0.0,364,0.255084
2,Source PaFAR-HC,S4,PaFAR-HC,0.0,365,0.255885
2,Source PaFAR-HC,S4,PaFAR-HC,0.0,366,0.261898
2,Source PaFAR-HC,S4,PaFAR-HC,0.0,367,0.258475
2,Source PaFAR-HC,S4,PaFAR-HC,0.0,368,0.263494
2,Source PaFAR-HC,S4,PaFAR-HC,0.0,369,0.257445
2,Source PaFAR-HC,S4,PaFAR-HC,0.0,370,0.274068
2,Source PaFAR-HC,S4,PaFAR-HC,0.0,371,0.245052
2,Source PaFAR-HC,S4,PaFAR-HC,0.0,372,0.239283
2,Source PaFAR-HC,S4,PaFAR-HC,0.0,373,0.235228
2,Source PaFAR-HC,S4,PaFAR-HC,0.0,374,0.247664
2,Source PaFAR-HC,S4,PaFAR-HC,0.0,375,0.22073
2,Source PaFAR-HC,S4,PaFAR-HC,0.0,376,0.221326
2,Source PaFAR-HC,S4,PaFAR-HC,0.0,377,0.22667
2,Source PaFAR-HC,S4,PaFAR-HC,0.0,378,0.273256
2,Source PaFAR-HC,S4,PaFAR-HC,0.0,379,0.238783
2,Source PaFAR-HC,S4,PaFAR-HC,0.0,380,0.284007
2,Source PaFAR-HC,S4,PaFAR-HC,0.0,381,0.220504
2,Source PaFAR-HC,S4,PaFAR-HC,0.0,382,0.291681
2,Source PaFAR-HC,S4,PaFAR-HC,0.0,383,0.263521
2,Source PaFAR-HC,S4,PaFAR-HC,0.0,384,0.251101
2,Source PaFAR-HC,S4,PaFAR-HC,0.0,385,0.220223
2,Source PaFAR-HC,S4,PaFAR-HC,0.0,386,0.269767
2,Source PaFAR-HC,S4,PaFAR-HC,0.0,387,0.257671
2,Source PaFAR-HC,S4,PaFAR-HC,0.0,388,0.213667
2,Source PaFAR-HC,S4,PaFAR-HC,0.0,389,0.229415
2,Source PaFAR-HC,S4,PaFAR-HC,0.0,390,0.243444
2,Source PaFAR-HC,S4,PaFAR-HC,0.0,391,0.23206
2,Source PaFAR-HC,S4,PaFAR-HC,0.0,392,0.245601
2,Source PaFAR-HC,S4,PaFAR-HC,0.0,393,0.244187
2,Source PaFAR-HC,S4,PaFAR-HC,0.0,394,0.207241
2,Source PaFAR-HC,S4,PaFAR-HC,0.0,395,0.244022
2,Source PaFAR-HC,S4,PaFAR-HC,0.0,396,0.261783
2,Source PaFAR-HC,S4,PaFAR-HC,0.0,397,0.201692
2,Source PaFAR-HC,S4,PaFAR-HC,0.0,398,0.241399
2,Source PaFAR-HC,S4,PaFAR-HC,0.0,399,0.256927
2,Source PaFAR-HC,S4,PaFAR-HC,0.0,400,0.269742
2,Source PaFAR-HC,S4,PaFAR-HC,0.0,401,0.254108
2,Source PaFAR-HC,S4,PaFAR-HC,0.0,402,0.23678
2,Source PaFAR-HC,S4,PaFAR-HC,0.0,403,0.23824
2,Source PaFAR-HC,S4,PaFAR-HC,0.0,404,0.223136
2,Source PaFAR-HC,S4,PaFAR-HC,0.0,405,0.251153
2,Source PaFAR-HC,S4,PaFAR-HC,0.0,406,0.261569
2,Source PaFAR-HC,S4,PaFAR-HC,0.0,407,0.22131
2,Source PaFAR-HC,S4,PaFAR-HC,0.0,408,0.273226
2,Source PaFAR-HC,S4,PaFAR-HC,0.0,409,0.255704
2,Source PaFAR-HC,S4,PaFAR-HC,0.0,410,0.266925
2,Source PaFAR-HC,S4,PaFAR-HC,0.0,411,0.243249
2,Source PaFAR-HC,S4,PaFAR-HC,0.0,412,0.242842
2,Source PaFAR-HC,S4,PaFAR-HC,0.0,413,0.232034
2,Source PaFAR-HC,S4,PaFAR-HC,0.0,414,0.236575
2,Source PaFAR-HC,S4,PaFAR-HC,0.0,415,0.267808
2,Source PaFAR-HC,S4,PaFAR-HC,0.0,416,0.242664
2,Source PaFAR-HC,S4,PaFAR-HC,0.0,417,0.27734
2,Source PaFAR-HC,S4,PaFAR-HC,0.0,418,0.195739
2,Source PaFAR-HC,S4,PaFAR-HC,0.0,419,0.236101
2,Source PaFAR-HC,S4,PaFAR-HC,0.0,420,0.226984
2,Source PaFAR-HC,S4,PaFAR-HC,0.0,421,0.250535
2,Source PaFAR-HC,S4,PaFAR-HC,0.0,422,0.233075
2,Source PaFAR-HC,S4,PaFAR-HC,0.0,423,0.230802
2,Source PaFAR-HC,S4,PaFAR-HC,0.0,424,0.202662
2,Source PaFAR-HC,S4,PaFAR-HC,0.0,425,0.244197
2,Source PaFAR-HC,S4,PaFAR-HC,0.0,426,0.210563
2,Source PaFAR-HC,S4,PaFAR-HC,0.0,427,0.221075
2,Source PaFAR-HC,S4,PaFAR-HC,0.0,428,0.235382
2,Source PaFAR-HC,S4,PaFAR-HC,0.0,429,0.269835
2,Source PaFAR-HC,S4,PaFAR-HC,0.0,430,0.192948
2,Source PaFAR-HC,S4,PaFAR-HC,0.0,431,0.189341
2,Source PaFAR-HC,S4,PaFAR-HC,0.0,432,0.228636
2,Source PaFAR-HC,S4,PaFAR-HC,0.0,433,0.261589
2,Source PaFAR-HC,S4,PaFAR-HC,0.0,434,0.220696
2,Source PaFAR-HC,S4,PaFAR-HC,0.0,435,0.263518
2,Source PaFAR-HC,S4,PaFAR-HC,0.0,436,0.258954
2,Source PaFAR-HC,S4,PaFAR-HC,0.0,437,0.242442
2,Source PaFAR-HC,S4,PaFAR-HC,0.0,438,0.20384
2,Source PaFAR-HC,S4,PaFAR-HC,0.0,439,0.219123
2,Source PaFAR-HC,S4,PaFAR-HC,0.0,440,0.218595
2,Source PaFAR-HC,S4,PaFAR-HC,0.0,441,0.217599
2,Source PaFAR-HC,S4,PaFAR-HC,0.0,442,0.250168
2,Source PaFAR-HC,S4,PaFAR-HC,0.0,443,0.216517
2,Source PaFAR-HC,S4,PaFAR-HC,0.0,444,0.256904
2,Source PaFAR-HC,S4,PaFAR-HC,0.0,445,0.208307
2,Source PaFAR-HC,S4,PaFAR-HC,0.0,446,0.223639
2,Source PaFAR-HC,S4,PaFAR-HC,0.0,447,0.191793
2,Source PaFAR-HC,S4,PaFAR-HC,0.0,448,0.263641
2,Source PaFAR-HC,S4,PaFAR-HC,0.0,449,0.198494
2,Source PaFAR-HC,S4,PaFAR-HC,0.0,450,0.264556
2,Source PaFAR-HC,S4,PaFAR-HC,0.0,451,0.198297
2,Source PaFAR-HC,S4,PaFAR-HC,0.0,452,0.240548
2,Source PaFAR-HC,S4,PaFAR-HC,0.0,453,0.252716
2,Source PaFAR-HC,S4,PaFAR-HC,0.0,454,0.229021
2,Source PaFAR-HC,S4,PaFAR-HC,0.0,455,0.211399
2,Source PaFAR-HC,S4,PaFAR-HC,0.0,456,0.23559
2,Source PaFAR-HC,S4,PaFAR-HC,0.0,457,0.19911
2,Source PaFAR-HC,S4,PaFAR-HC,0.0,458,0.265766
2,Source PaFAR-HC,S4,PaFAR-HC,0.0,459,0.250009
2,Source PaFAR-HC,S4,PaFAR-HC,0.0,460,0.266725
2,Source PaFAR-HC,S4,PaFAR-HC,0.0,461,0.293561
2,Source PaFAR-HC,S4,PaFAR-HC,0.0,462,0.223457
2,Source PaFAR-HC,S4,PaFAR-HC,0.0,463,0.224146
2,Source PaFAR-HC,S4,PaFAR-HC,0.0,464,0.234076
2,Source PaFAR-HC,S4,PaFAR-HC,0.0,465,0.219852
2,Source PaFAR-HC,S4,PaFAR-HC,0.0,466,0.242313
2,Source PaFAR-HC,S4,PaFAR-HC,0.0,467,0.258848
2,Source PaFAR-HC,S4,PaFAR-HC,0.0,468,0.255756
2,Source PaFAR-HC,S4,PaFAR-HC,0.0,469,0.27347
2,Source PaFAR-HC,S4,PaFAR-HC,0.0,470,0.249787
2,Source PaFAR-HC,S4,PaFAR-HC,0.0,471,0.198942
2,Source PaFAR-HC,S4,PaFAR-HC,0.0,472,0.233494
2,Source PaFAR-HC,S4,PaFAR-HC,0.0,473,0.208495
2,Source PaFAR-HC,S4,PaFAR-HC,0.0,474,0.243903
2,Source PaFAR-HC,S4,PaFAR-HC,0.0,475,0.232613
2,Source PaFAR-HC,S4,PaFAR-HC,0.0,476,0.249358
2,Source PaFAR-HC,S4,PaFAR-HC,0.0,477,0.239816
2,Source PaFAR-HC,S4,PaFAR-HC,0.0,478,0.240828
2,Source PaFAR-HC,S4,PaFAR-HC,0.0,479,0.283908
2,Source PaFAR-HC,S4,PaFAR-HC,0.0,480,0.265877
2,Source PaFAR-HC,S4,PaFAR-HC,0.0,481,0.233691
2,Source PaFAR-HC,S4,PaFAR-HC,0.0,482,0.248576
2,Source PaFAR-HC,S4,PaFAR-HC,0.0,483,0.203475
2,Source PaFAR-HC,S4,PaFAR-HC,0.0,484,0.22361
2,Source PaFAR-HC,S4,PaFAR-HC,0.0,485,0.240025
2,Source PaFAR-HC,S4,PaFAR-HC,0.0,486,0.235432
2,Source PaFAR-HC,S4,PaFAR-HC,0.0,487,0.24799
2,Source PaFAR-HC,S4,PaFAR-HC,0.0,488,0.268183
2,Source PaFAR-HC,S4,PaFAR-HC,0.0,489,0.220533
2,Source PaFAR-HC,S4,PaFAR-HC,0.0,490,0.249156
2,Source PaFAR-HC,S4,PaFAR-HC,0.0,491,0.199127
2,Source PaFAR-HC,S4,PaFAR-HC,0.0,492,0.24562
2,Source PaFAR-HC,S4,PaFAR-HC,0.0,493,0.265217
2,Source PaFAR-HC,S4,PaFAR-HC,0.0,494,0.239566
2,Source PaFAR-HC,S4,PaFAR-HC,0.0,495,0.228053
2,Source PaFAR-HC,S4,PaFAR-HC,0.0,496,0.225354
2,Source PaFAR-HC,S4,PaFAR-HC,0.0,497,0.228331
2,Source PaFAR-HC,S4,PaFAR-HC,0.0,498,0.221402
2,Source PaFAR-HC,S4,PaFAR-HC,0.0,499,0.238467
2,Local PaFAR-HC,S4,Local PaFAR-HC,500.0,0,0.0841
2,Local PaFAR-HC,S4,Local PaFAR-HC,500.0,1,0.078561
2,Local PaFAR-HC,S4,Local PaFAR-HC,500.0,2,0.060224
2,Local PaFAR-HC,S4,Local PaFAR-HC,500.0,3,0.058692
2,Local PaFAR-HC,S4,Local PaFAR-HC,500.0,4,0.071455
2,Local PaFAR-HC,S4,Local PaFAR-HC,500.0,5,0.083311
2,Local PaFAR-HC,S4,Local PaFAR-HC,500.0,6,0.079297
2,Local PaFAR-HC,S4,Local PaFAR-HC,500.0,7,0.089515
2,Local PaFAR-HC,S4,Local PaFAR-HC,500.0,8,0.083017
2,Local PaFAR-HC,S4,Local PaFAR-HC,500.0,9,0.075976
2,Local PaFAR-HC,S4,Local PaFAR-HC,500.0,10,0.091368
2,Local PaFAR-HC,S4,Local PaFAR-HC,500.0,11,0.080536
2,Local PaFAR-HC,S4,Local PaFAR-HC,500.0,12,0.062508
2,Local PaFAR-HC,S4,Local PaFAR-HC,500.0,13,0.065297
2,Local PaFAR-HC,S4,Local PaFAR-HC,500.0,14,0.072635
2,Local PaFAR-HC,S4,Local PaFAR-HC,500.0,15,0.071296
2,Local PaFAR-HC,S4,Local PaFAR-HC,500.0,16,0.08041
2,Local PaFAR-HC,S4,Local PaFAR-HC,500.0,17,0.090969
2,Local PaFAR-HC,S4,Local PaFAR-HC,500.0,18,0.056312
2,Local PaFAR-HC,S4,Local PaFAR-HC,500.0,19,0.06335
2,Local PaFAR-HC,S4,Local PaFAR-HC,500.0,20,0.079004
2,Local PaFAR-HC,S4,Local PaFAR-HC,500.0,21,0.071072
2,Local PaFAR-HC,S4,Local PaFAR-HC,500.0,22,0.108603
2,Local PaFAR-HC,S4,Local PaFAR-HC,500.0,23,0.064802
2,Local PaFAR-HC,S4,Local PaFAR-HC,500.0,24,0.073075
2,Local PaFAR-HC,S4,Local PaFAR-HC,500.0,25,0.078726
2,Local PaFAR-HC,S4,Local PaFAR-HC,500.0,26,0.078831
2,Local PaFAR-HC,S4,Local PaFAR-HC,500.0,27,0.082748
2,Local PaFAR-HC,S4,Local PaFAR-HC,500.0,28,0.101133
2,Local PaFAR-HC,S4,Local PaFAR-HC,500.0,29,0.068451
2,Local PaFAR-HC,S4,Local PaFAR-HC,500.0,30,0.077936
2,Local PaFAR-HC,S4,Local PaFAR-HC,500.0,31,0.062606
2,Local PaFAR-HC,S4,Local PaFAR-HC,500.0,32,0.082112
2,Local PaFAR-HC,S4,Local PaFAR-HC,500.0,33,0.063818
2,Local PaFAR-HC,S4,Local PaFAR-HC,500.0,34,0.071401
2,Local PaFAR-HC,S4,Local PaFAR-HC,500.0,35,0.078615
2,Local PaFAR-HC,S4,Local PaFAR-HC,500.0,36,0.082313
2,Local PaFAR-HC,S4,Local PaFAR-HC,500.0,37,0.076763
2,Local PaFAR-HC,S4,Local PaFAR-HC,500.0,38,0.079206
2,Local PaFAR-HC,S4,Local PaFAR-HC,500.0,39,0.071511
2,Local PaFAR-HC,S4,Local PaFAR-HC,500.0,40,0.045605
2,Local PaFAR-HC,S4,Local PaFAR-HC,500.0,41,0.077752
2,Local PaFAR-HC,S4,Local PaFAR-HC,500.0,42,0.077954
2,Local PaFAR-HC,S4,Local PaFAR-HC,500.0,43,0.074094
2,Local PaFAR-HC,S4,Local PaFAR-HC,500.0,44,0.073817
2,Local PaFAR-HC,S4,Local PaFAR-HC,500.0,45,0.075884
2,Local PaFAR-HC,S4,Local PaFAR-HC,500.0,46,0.063693
2,Local PaFAR-HC,S4,Local PaFAR-HC,500.0,47,0.083049
2,Local PaFAR-HC,S4,Local PaFAR-HC,500.0,48,0.061646
2,Local PaFAR-HC,S4,Local PaFAR-HC,500.0,49,0.079872
2,Local PaFAR-HC,S4,Local PaFAR-HC,500.0,50,0.096901
2,Local PaFAR-HC,S4,Local PaFAR-HC,500.0,51,0.069075
2,Local PaFAR-HC,S4,Local PaFAR-HC,500.0,52,0.086492
2,Local PaFAR-HC,S4,Local PaFAR-HC,500.0,53,0.079547
2,Local PaFAR-HC,S4,Local PaFAR-HC,500.0,54,0.080405
2,Local PaFAR-HC,S4,Local PaFAR-HC,500.0,55,0.077181
2,Local PaFAR-HC,S4,Local PaFAR-HC,500.0,56,0.077532
2,Local PaFAR-HC,S4,Local PaFAR-HC,500.0,57,0.086416
2,Local PaFAR-HC,S4,Local PaFAR-HC,500.0,58,0.08743
2,Local PaFAR-HC,S4,Local PaFAR-HC,500.0,59,0.093191
2,Local PaFAR-HC,S4,Local PaFAR-HC,500.0,60,0.069635
2,Local PaFAR-HC,S4,Local PaFAR-HC,500.0,61,0.08146
2,Local PaFAR-HC,S4,Local PaFAR-HC,500.0,62,0.082711
2,Local PaFAR-HC,S4,Local PaFAR-HC,500.0,63,0.065339
2,Local PaFAR-HC,S4,Local PaFAR-HC,500.0,64,0.090971
2,Local PaFAR-HC,S4,Local PaFAR-HC,500.0,65,0.08399
2,Local PaFAR-HC,S4,Local PaFAR-HC,500.0,66,0.065558
2,Local PaFAR-HC,S4,Local PaFAR-HC,500.0,67,0.092345
2,Local PaFAR-HC,S4,Local PaFAR-HC,500.0,68,0.068962
2,Local PaFAR-HC,S4,Local PaFAR-HC,500.0,69,0.088691
2,Local PaFAR-HC,S4,Local PaFAR-HC,500.0,70,0.090004
2,Local PaFAR-HC,S4,Local PaFAR-HC,500.0,71,0.075875
2,Local PaFAR-HC,S4,Local PaFAR-HC,500.0,72,0.103996
2,Local PaFAR-HC,S4,Local PaFAR-HC,500.0,73,0.069995
2,Local PaFAR-HC,S4,Local PaFAR-HC,500.0,74,0.066373
2,Local PaFAR-HC,S4,Local PaFAR-HC,500.0,75,0.061952
2,Local PaFAR-HC,S4,Local PaFAR-HC,500.0,76,0.073759
2,Local PaFAR-HC,S4,Local PaFAR-HC,500.0,77,0.091
2,Local PaFAR-HC,S4,Local PaFAR-HC,500.0,78,0.089682
2,Local PaFAR-HC,S4,Local PaFAR-HC,500.0,79,0.093167
2,Local PaFAR-HC,S4,Local PaFAR-HC,500.0,80,0.070485
2,Local PaFAR-HC,S4,Local PaFAR-HC,500.0,81,0.084412
2,Local PaFAR-HC,S4,Local PaFAR-HC,500.0,82,0.079348
2,Local PaFAR-HC,S4,Local PaFAR-HC,500.0,83,0.069973
2,Local PaFAR-HC,S4,Local PaFAR-HC,500.0,84,0.078862
2,Local PaFAR-HC,S4,Local PaFAR-HC,500.0,85,0.07366
2,Local PaFAR-HC,S4,Local PaFAR-HC,500.0,86,0.076632
2,Local PaFAR-HC,S4,Local PaFAR-HC,500.0,87,0.087807
2,Local PaFAR-HC,S4,Local PaFAR-HC,500.0,88,0.06383
2,Local PaFAR-HC,S4,Local PaFAR-HC,500.0,89,0.081162
2,Local PaFAR-HC,S4,Local PaFAR-HC,500.0,90,0.063588
2,Local PaFAR-HC,S4,Local PaFAR-HC,500.0,91,0.063823
2,Local PaFAR-HC,S4,Local PaFAR-HC,500.0,92,0.087404
2,Local PaFAR-HC,S4,Local PaFAR-HC,500.0,93,0.089796
2,Local PaFAR-HC,S4,Local PaFAR-HC,500.0,94,0.07731
2,Local PaFAR-HC,S4,Local PaFAR-HC,500.0,95,0.101956
2,Local PaFAR-HC,S4,Local PaFAR-HC,500.0,96,0.068394
2,Local PaFAR-HC,S4,Local PaFAR-HC,500.0,97,0.073281
2,Local PaFAR-HC,S4,Local PaFAR-HC,500.0,98,0.079266
2,Local PaFAR-HC,S4,Local PaFAR-HC,500.0,99,0.078863
2,Local PaFAR-HC,S4,Local PaFAR-HC,500.0,100,0.086909
2,Local PaFAR-HC,S4,Local PaFAR-HC,500.0,101,0.088614
2,Local PaFAR-HC,S4,Local PaFAR-HC,500.0,102,0.066925
2,Local PaFAR-HC,S4,Local PaFAR-HC,500.0,103,0.085286
2,Local PaFAR-HC,S4,Local PaFAR-HC,500.0,104,0.063801
2,Local PaFAR-HC,S4,Local PaFAR-HC,500.0,105,0.091059
2,Local PaFAR-HC,S4,Local PaFAR-HC,500.0,106,0.079381
2,Local PaFAR-HC,S4,Local PaFAR-HC,500.0,107,0.110074
2,Local PaFAR-HC,S4,Local PaFAR-HC,500.0,108,0.069496
2,Local PaFAR-HC,S4,Local PaFAR-HC,500.0,109,0.087222
2,Local PaFAR-HC,S4,Local PaFAR-HC,500.0,110,0.099084
2,Local PaFAR-HC,S4,Local PaFAR-HC,500.0,111,0.078775
2,Local PaFAR-HC,S4,Local PaFAR-HC,500.0,112,0.080576
2,Local PaFAR-HC,S4,Local PaFAR-HC,500.0,113,0.069971
2,Local PaFAR-HC,S4,Local PaFAR-HC,500.0,114,0.078333
2,Local PaFAR-HC,S4,Local PaFAR-HC,500.0,115,0.088098
2,Local PaFAR-HC,S4,Local PaFAR-HC,500.0,116,0.069803
2,Local PaFAR-HC,S4,Local PaFAR-HC,500.0,117,0.064374
2,Local PaFAR-HC,S4,Local PaFAR-HC,500.0,118,0.088702
2,Local PaFAR-HC,S4,Local PaFAR-HC,500.0,119,0.086542
2,Local PaFAR-HC,S4,Local PaFAR-HC,500.0,120,0.080797
2,Local PaFAR-HC,S4,Local PaFAR-HC,500.0,121,0.077088
2,Local PaFAR-HC,S4,Local PaFAR-HC,500.0,122,0.088224
2,Local PaFAR-HC,S4,Local PaFAR-HC,500.0,123,0.087846
2,Local PaFAR-HC,S4,Local PaFAR-HC,500.0,124,0.085112
2,Local PaFAR-HC,S4,Local PaFAR-HC,500.0,125,0.078189
2,Local PaFAR-HC,S4,Local PaFAR-HC,500.0,126,0.074718
2,Local PaFAR-HC,S4,Local PaFAR-HC,500.0,127,0.072586
2,Local PaFAR-HC,S4,Local PaFAR-HC,500.0,128,0.101199
2,Local PaFAR-HC,S4,Local PaFAR-HC,500.0,129,0.062553
2,Local PaFAR-HC,S4,Local PaFAR-HC,500.0,130,0.095095
2,Local PaFAR-HC,S4,Local PaFAR-HC,500.0,131,0.071307
2,Local PaFAR-HC,S4,Local PaFAR-HC,500.0,132,0.085824
2,Local PaFAR-HC,S4,Local PaFAR-HC,500.0,133,0.075193
2,Local PaFAR-HC,S4,Local PaFAR-HC,500.0,134,0.068907
2,Local PaFAR-HC,S4,Local PaFAR-HC,500.0,135,0.081117
2,Local PaFAR-HC,S4,Local PaFAR-HC,500.0,136,0.07856
2,Local PaFAR-HC,S4,Local PaFAR-HC,500.0,137,0.07914
2,Local PaFAR-HC,S4,Local PaFAR-HC,500.0,138,0.089117
2,Local PaFAR-HC,S4,Local PaFAR-HC,500.0,139,0.086139
2,Local PaFAR-HC,S4,Local PaFAR-HC,500.0,140,0.080467
2,Local PaFAR-HC,S4,Local PaFAR-HC,500.0,141,0.069246
2,Local PaFAR-HC,S4,Local PaFAR-HC,500.0,142,0.079502
2,Local PaFAR-HC,S4,Local PaFAR-HC,500.0,143,0.070959
2,Local PaFAR-HC,S4,Local PaFAR-HC,500.0,144,0.087433
2,Local PaFAR-HC,S4,Local PaFAR-HC,500.0,145,0.072322
2,Local PaFAR-HC,S4,Local PaFAR-HC,500.0,146,0.081292
2,Local PaFAR-HC,S4,Local PaFAR-HC,500.0,147,0.076599
2,Local PaFAR-HC,S4,Local PaFAR-HC,500.0,148,0.079544
2,Local PaFAR-HC,S4,Local PaFAR-HC,500.0,149,0.084257
2,Local PaFAR-HC,S4,Local PaFAR-HC,500.0,150,0.087158
2,Local PaFAR-HC,S4,Local PaFAR-HC,500.0,151,0.071533
2,Local PaFAR-HC,S4,Local PaFAR-HC,500.0,152,0.070877
2,Local PaFAR-HC,S4,Local PaFAR-HC,500.0,153,0.082967
2,Local PaFAR-HC,S4,Local PaFAR-HC,500.0,154,0.066569
2,Local PaFAR-HC,S4,Local PaFAR-HC,500.0,155,0.078273
2,Local PaFAR-HC,S4,Local PaFAR-HC,500.0,156,0.083557
2,Local PaFAR-HC,S4,Local PaFAR-HC,500.0,157,0.068253
2,Local PaFAR-HC,S4,Local PaFAR-HC,500.0,158,0.077642
2,Local PaFAR-HC,S4,Local PaFAR-HC,500.0,159,0.077617
2,Local PaFAR-HC,S4,Local PaFAR-HC,500.0,160,0.082996
2,Local PaFAR-HC,S4,Local PaFAR-HC,500.0,161,0.080026
2,Local PaFAR-HC,S4,Local PaFAR-HC,500.0,162,0.063083
2,Local PaFAR-HC,S4,Local PaFAR-HC,500.0,163,0.051968
2,Local PaFAR-HC,S4,Local PaFAR-HC,500.0,164,0.082693
2,Local PaFAR-HC,S4,Local PaFAR-HC,500.0,165,0.065879
2,Local PaFAR-HC,S4,Local PaFAR-HC,500.0,166,0.058682
2,Local PaFAR-HC,S4,Local PaFAR-HC,500.0,167,0.07914
2,Local PaFAR-HC,S4,Local PaFAR-HC,500.0,168,0.080459
2,Local PaFAR-HC,S4,Local PaFAR-HC,500.0,169,0.084734
2,Local PaFAR-HC,S4,Local PaFAR-HC,500.0,170,0.079586
2,Local PaFAR-HC,S4,Local PaFAR-HC,500.0,171,0.069337
2,Local PaFAR-HC,S4,Local PaFAR-HC,500.0,172,0.059878
2,Local PaFAR-HC,S4,Local PaFAR-HC,500.0,173,0.074428
2,Local PaFAR-HC,S4,Local PaFAR-HC,500.0,174,0.075101
2,Local PaFAR-HC,S4,Local PaFAR-HC,500.0,175,0.07334
2,Local PaFAR-HC,S4,Local PaFAR-HC,500.0,176,0.070509
2,Local PaFAR-HC,S4,Local PaFAR-HC,500.0,177,0.08739
2,Local PaFAR-HC,S4,Local PaFAR-HC,500.0,178,0.082367
2,Local PaFAR-HC,S4,Local PaFAR-HC,500.0,179,0.094368
2,Local PaFAR-HC,S4,Local PaFAR-HC,500.0,180,0.068795
2,Local PaFAR-HC,S4,Local PaFAR-HC,500.0,181,0.070961
2,Local PaFAR-HC,S4,Local PaFAR-HC,500.0,182,0.06899
2,Local PaFAR-HC,S4,Local PaFAR-HC,500.0,183,0.075753
2,Local PaFAR-HC,S4,Local PaFAR-HC,500.0,184,0.087749
2,Local PaFAR-HC,S4,Local PaFAR-HC,500.0,185,0.069973
2,Local PaFAR-HC,S4,Local PaFAR-HC,500.0,186,0.08215
2,Local PaFAR-HC,S4,Local PaFAR-HC,500.0,187,0.073669
2,Local PaFAR-HC,S4,Local PaFAR-HC,500.0,188,0.075431
2,Local PaFAR-HC,S4,Local PaFAR-HC,500.0,189,0.067634
2,Local PaFAR-HC,S4,Local PaFAR-HC,500.0,190,0.066099
2,Local PaFAR-HC,S4,Local PaFAR-HC,500.0,191,0.069856
2,Local PaFAR-HC,S4,Local PaFAR-HC,500.0,192,0.093662
2,Local PaFAR-HC,S4,Local PaFAR-HC,500.0,193,0.094827
2,Local PaFAR-HC,S4,Local PaFAR-HC,500.0,194,0.097468
2,Local PaFAR-HC,S4,Local PaFAR-HC,500.0,195,0.060945
2,Local PaFAR-HC,S4,Local PaFAR-HC,500.0,196,0.070027
2,Local PaFAR-HC,S4,Local PaFAR-HC,500.0,197,0.07748
2,Local PaFAR-HC,S4,Local PaFAR-HC,500.0,198,0.076686
2,Local PaFAR-HC,S4,Local PaFAR-HC,500.0,199,0.081269
2,Local PaFAR-HC,S4,Local PaFAR-HC,500.0,200,0.08365
2,Local PaFAR-HC,S4,Local PaFAR-HC,500.0,201,0.083255
2,Local PaFAR-HC,S4,Local PaFAR-HC,500.0,202,0.081979
2,Local PaFAR-HC,S4,Local PaFAR-HC,500.0,203,0.080074
2,Local PaFAR-HC,S4,Local PaFAR-HC,500.0,204,0.075669
2,Local PaFAR-HC,S4,Local PaFAR-HC,500.0,205,0.082362
2,Local PaFAR-HC,S4,Local PaFAR-HC,500.0,206,0.087615
2,Local PaFAR-HC,S4,Local PaFAR-HC,500.0,207,0.065416
2,Local PaFAR-HC,S4,Local PaFAR-HC,500.0,208,0.100723
2,Local PaFAR-HC,S4,Local PaFAR-HC,500.0,209,0.064704
2,Local PaFAR-HC,S4,Local PaFAR-HC,500.0,210,0.072867
2,Local PaFAR-HC,S4,Local PaFAR-HC,500.0,211,0.070999
2,Local PaFAR-HC,S4,Local PaFAR-HC,500.0,212,0.076764
2,Local PaFAR-HC,S4,Local PaFAR-HC,500.0,213,0.066431
2,Local PaFAR-HC,S4,Local PaFAR-HC,500.0,214,0.080465
2,Local PaFAR-HC,S4,Local PaFAR-HC,500.0,215,0.056841
2,Local PaFAR-HC,S4,Local PaFAR-HC,500.0,216,0.073724
2,Local PaFAR-HC,S4,Local PaFAR-HC,500.0,217,0.067389
2,Local PaFAR-HC,S4,Local PaFAR-HC,500.0,218,0.09389
2,Local PaFAR-HC,S4,Local PaFAR-HC,500.0,219,0.092365
2,Local PaFAR-HC,S4,Local PaFAR-HC,500.0,220,0.085427
2,Local PaFAR-HC,S4,Local PaFAR-HC,500.0,221,0.056533
2,Local PaFAR-HC,S4,Local PaFAR-HC,500.0,222,0.091444
2,Local PaFAR-HC,S4,Local PaFAR-HC,500.0,223,0.077153
2,Local PaFAR-HC,S4,Local PaFAR-HC,500.0,224,0.064496
2,Local PaFAR-HC,S4,Local PaFAR-HC,500.0,225,0.087958
2,Local PaFAR-HC,S4,Local PaFAR-HC,500.0,226,0.072906
2,Local PaFAR-HC,S4,Local PaFAR-HC,500.0,227,0.076809
2,Local PaFAR-HC,S4,Local PaFAR-HC,500.0,228,0.075592
2,Local PaFAR-HC,S4,Local PaFAR-HC,500.0,229,0.078287
2,Local PaFAR-HC,S4,Local PaFAR-HC,500.0,230,0.082344
2,Local PaFAR-HC,S4,Local PaFAR-HC,500.0,231,0.089968
2,Local PaFAR-HC,S4,Local PaFAR-HC,500.0,232,0.094515
2,Local PaFAR-HC,S4,Local PaFAR-HC,500.0,233,0.085576
2,Local PaFAR-HC,S4,Local PaFAR-HC,500.0,234,0.107953
2,Local PaFAR-HC,S4,Local PaFAR-HC,500.0,235,0.094537
2,Local PaFAR-HC,S4,Local PaFAR-HC,500.0,236,0.08505
2,Local PaFAR-HC,S4,Local PaFAR-HC,500.0,237,0.09321
2,Local PaFAR-HC,S4,Local PaFAR-HC,500.0,238,0.082128
2,Local PaFAR-HC,S4,Local PaFAR-HC,500.0,239,0.088794
2,Local PaFAR-HC,S4,Local PaFAR-HC,500.0,240,0.076417
2,Local PaFAR-HC,S4,Local PaFAR-HC,500.0,241,0.078897
2,Local PaFAR-HC,S4,Local PaFAR-HC,500.0,242,0.056606
2,Local PaFAR-HC,S4,Local PaFAR-HC,500.0,243,0.086214
2,Local PaFAR-HC,S4,Local PaFAR-HC,500.0,244,0.069384
2,Local PaFAR-HC,S4,Local PaFAR-HC,500.0,245,0.095201
2,Local PaFAR-HC,S4,Local PaFAR-HC,500.0,246,0.111198
2,Local PaFAR-HC,S4,Local PaFAR-HC,500.0,247,0.077057
2,Local PaFAR-HC,S4,Local PaFAR-HC,500.0,248,0.075264
2,Local PaFAR-HC,S4,Local PaFAR-HC,500.0,249,0.078874
2,Local PaFAR-HC,S4,Local PaFAR-HC,500.0,250,0.100917
2,Local PaFAR-HC,S4,Local PaFAR-HC,500.0,251,0.05599
2,Local PaFAR-HC,S4,Local PaFAR-HC,500.0,252,0.086706
2,Local PaFAR-HC,S4,Local PaFAR-HC,500.0,253,0.082863
2,Local PaFAR-HC,S4,Local PaFAR-HC,500.0,254,0.06551
2,Local PaFAR-HC,S4,Local PaFAR-HC,500.0,255,0.066367
2,Local PaFAR-HC,S4,Local PaFAR-HC,500.0,256,0.101489
2,Local PaFAR-HC,S4,Local PaFAR-HC,500.0,257,0.06666
2,Local PaFAR-HC,S4,Local PaFAR-HC,500.0,258,0.083777
2,Local PaFAR-HC,S4,Local PaFAR-HC,500.0,259,0.079772
2,Local PaFAR-HC,S4,Local PaFAR-HC,500.0,260,0.083772
2,Local PaFAR-HC,S4,Local PaFAR-HC,500.0,261,0.07847
2,Local PaFAR-HC,S4,Local PaFAR-HC,500.0,262,0.069355
2,Local PaFAR-HC,S4,Local PaFAR-HC,500.0,263,0.043068
2,Local PaFAR-HC,S4,Local PaFAR-HC,500.0,264,0.07929
2,Local PaFAR-HC,S4,Local PaFAR-HC,500.0,265,0.089484
2,Local PaFAR-HC,S4,Local PaFAR-HC,500.0,266,0.077463
2,Local PaFAR-HC,S4,Local PaFAR-HC,500.0,267,0.086981
2,Local PaFAR-HC,S4,Local PaFAR-HC,500.0,268,0.072647
2,Local PaFAR-HC,S4,Local PaFAR-HC,500.0,269,0.088123
2,Local PaFAR-HC,S4,Local PaFAR-HC,500.0,270,0.076311
2,Local PaFAR-HC,S4,Local PaFAR-HC,500.0,271,0.067185
2,Local PaFAR-HC,S4,Local PaFAR-HC,500.0,272,0.076886
2,Local PaFAR-HC,S4,Local PaFAR-HC,500.0,273,0.076769
2,Local PaFAR-HC,S4,Local PaFAR-HC,500.0,274,0.069253
2,Local PaFAR-HC,S4,Local PaFAR-HC,500.0,275,0.07524
2,Local PaFAR-HC,S4,Local PaFAR-HC,500.0,276,0.053954
2,Local PaFAR-HC,S4,Local PaFAR-HC,500.0,277,0.07102
2,Local PaFAR-HC,S4,Local PaFAR-HC,500.0,278,0.074723
2,Local PaFAR-HC,S4,Local PaFAR-HC,500.0,279,0.077508
2,Local PaFAR-HC,S4,Local PaFAR-HC,500.0,280,0.071662
2,Local PaFAR-HC,S4,Local PaFAR-HC,500.0,281,0.107218
2,Local PaFAR-HC,S4,Local PaFAR-HC,500.0,282,0.069601
2,Local PaFAR-HC,S4,Local PaFAR-HC,500.0,283,0.069931
2,Local PaFAR-HC,S4,Local PaFAR-HC,500.0,284,0.093039
2,Local PaFAR-HC,S4,Local PaFAR-HC,500.0,285,0.082619
2,Local PaFAR-HC,S4,Local PaFAR-HC,500.0,286,0.068246
2,Local PaFAR-HC,S4,Local PaFAR-HC,500.0,287,0.070136
2,Local PaFAR-HC,S4,Local PaFAR-HC,500.0,288,0.083543
2,Local PaFAR-HC,S4,Local PaFAR-HC,500.0,289,0.082163
2,Local PaFAR-HC,S4,Local PaFAR-HC,500.0,290,0.08965
2,Local PaFAR-HC,S4,Local PaFAR-HC,500.0,291,0.086529
2,Local PaFAR-HC,S4,Local PaFAR-HC,500.0,292,0.09732
2,Local PaFAR-HC,S4,Local PaFAR-HC,500.0,293,0.083172
2,Local PaFAR-HC,S4,Local PaFAR-HC,500.0,294,0.095382
2,Local PaFAR-HC,S4,Local PaFAR-HC,500.0,295,0.084706
2,Local PaFAR-HC,S4,Local PaFAR-HC,500.0,296,0.079884
2,Local PaFAR-HC,S4,Local PaFAR-HC,500.0,297,0.068882
2,Local PaFAR-HC,S4,Local PaFAR-HC,500.0,298,0.07356
2,Local PaFAR-HC,S4,Local PaFAR-HC,500.0,299,0.087296
2,Local PaFAR-HC,S4,Local PaFAR-HC,500.0,300,0.079582
2,Local PaFAR-HC,S4,Local PaFAR-HC,500.0,301,0.089414
2,Local PaFAR-HC,S4,Local PaFAR-HC,500.0,302,0.114551
2,Local PaFAR-HC,S4,Local PaFAR-HC,500.0,303,0.072508
2,Local PaFAR-HC,S4,Local PaFAR-HC,500.0,304,0.08491
2,Local PaFAR-HC,S4,Local PaFAR-HC,500.0,305,0.087039
2,Local PaFAR-HC,S4,Local PaFAR-HC,500.0,306,0.077992
2,Local PaFAR-HC,S4,Local PaFAR-HC,500.0,307,0.092464
2,Local PaFAR-HC,S4,Local PaFAR-HC,500.0,308,0.067223
2,Local PaFAR-HC,S4,Local PaFAR-HC,500.0,309,0.06852
2,Local PaFAR-HC,S4,Local PaFAR-HC,500.0,310,0.075884
2,Local PaFAR-HC,S4,Local PaFAR-HC,500.0,311,0.084371
2,Local PaFAR-HC,S4,Local PaFAR-HC,500.0,312,0.078891
2,Local PaFAR-HC,S4,Local PaFAR-HC,500.0,313,0.088078
2,Local PaFAR-HC,S4,Local PaFAR-HC,500.0,314,0.081978
2,Local PaFAR-HC,S4,Local PaFAR-HC,500.0,315,0.066163
2,Local PaFAR-HC,S4,Local PaFAR-HC,500.0,316,0.074737
2,Local PaFAR-HC,S4,Local PaFAR-HC,500.0,317,0.058385
2,Local PaFAR-HC,S4,Local PaFAR-HC,500.0,318,0.092644
2,Local PaFAR-HC,S4,Local PaFAR-HC,500.0,319,0.072822
2,Local PaFAR-HC,S4,Local PaFAR-HC,500.0,320,0.077008
2,Local PaFAR-HC,S4,Local PaFAR-HC,500.0,321,0.097482
2,Local PaFAR-HC,S4,Local PaFAR-HC,500.0,322,0.088993
2,Local PaFAR-HC,S4,Local PaFAR-HC,500.0,323,0.095924
2,Local PaFAR-HC,S4,Local PaFAR-HC,500.0,324,0.092442
2,Local PaFAR-HC,S4,Local PaFAR-HC,500.0,325,0.07981
2,Local PaFAR-HC,S4,Local PaFAR-HC,500.0,326,0.059278
2,Local PaFAR-HC,S4,Local PaFAR-HC,500.0,327,0.064461
2,Local PaFAR-HC,S4,Local PaFAR-HC,500.0,328,0.097725
2,Local PaFAR-HC,S4,Local PaFAR-HC,500.0,329,0.083469
2,Local PaFAR-HC,S4,Local PaFAR-HC,500.0,330,0.087333
2,Local PaFAR-HC,S4,Local PaFAR-HC,500.0,331,0.086427
2,Local PaFAR-HC,S4,Local PaFAR-HC,500.0,332,0.098733
2,Local PaFAR-HC,S4,Local PaFAR-HC,500.0,333,0.073044
2,Local PaFAR-HC,S4,Local PaFAR-HC,500.0,334,0.083049
2,Local PaFAR-HC,S4,Local PaFAR-HC,500.0,335,0.084013
2,Local PaFAR-HC,S4,Local PaFAR-HC,500.0,336,0.068646
2,Local PaFAR-HC,S4,Local PaFAR-HC,500.0,337,0.082797
2,Local PaFAR-HC,S4,Local PaFAR-HC,500.0,338,0.099559
2,Local PaFAR-HC,S4,Local PaFAR-HC,500.0,339,0.081319
2,Local PaFAR-HC,S4,Local PaFAR-HC,500.0,340,0.080135
2,Local PaFAR-HC,S4,Local PaFAR-HC,500.0,341,0.059145
2,Local PaFAR-HC,S4,Local PaFAR-HC,500.0,342,0.093392
2,Local PaFAR-HC,S4,Local PaFAR-HC,500.0,343,0.082091
2,Local PaFAR-HC,S4,Local PaFAR-HC,500.0,344,0.089458
2,Local PaFAR-HC,S4,Local PaFAR-HC,500.0,345,0.086352
2,Local PaFAR-HC,S4,Local PaFAR-HC,500.0,346,0.076927
2,Local PaFAR-HC,S4,Local PaFAR-HC,500.0,347,0.075116
2,Local PaFAR-HC,S4,Local PaFAR-HC,500.0,348,0.105148
2,Local PaFAR-HC,S4,Local PaFAR-HC,500.0,349,0.068826
2,Local PaFAR-HC,S4,Local PaFAR-HC,500.0,350,0.060457
2,Local PaFAR-HC,S4,Local PaFAR-HC,500.0,351,0.067634
2,Local PaFAR-HC,S4,Local PaFAR-HC,500.0,352,0.07402
2,Local PaFAR-HC,S4,Local PaFAR-HC,500.0,353,0.100297
2,Local PaFAR-HC,S4,Local PaFAR-HC,500.0,354,0.109735
2,Local PaFAR-HC,S4,Local PaFAR-HC,500.0,355,0.085828
2,Local PaFAR-HC,S4,Local PaFAR-HC,500.0,356,0.099032
2,Local PaFAR-HC,S4,Local PaFAR-HC,500.0,357,0.088945
2,Local PaFAR-HC,S4,Local PaFAR-HC,500.0,358,0.061928
2,Local PaFAR-HC,S4,Local PaFAR-HC,500.0,359,0.070246
2,Local PaFAR-HC,S4,Local PaFAR-HC,500.0,360,0.069886
2,Local PaFAR-HC,S4,Local PaFAR-HC,500.0,361,0.073002
2,Local PaFAR-HC,S4,Local PaFAR-HC,500.0,362,0.073829
2,Local PaFAR-HC,S4,Local PaFAR-HC,500.0,363,0.086617
2,Local PaFAR-HC,S4,Local PaFAR-HC,500.0,364,0.089262
2,Local PaFAR-HC,S4,Local PaFAR-HC,500.0,365,0.068863
2,Local PaFAR-HC,S4,Local PaFAR-HC,500.0,366,0.085473
2,Local PaFAR-HC,S4,Local PaFAR-HC,500.0,367,0.096172
2,Local PaFAR-HC,S4,Local PaFAR-HC,500.0,368,0.102411
2,Local PaFAR-HC,S4,Local PaFAR-HC,500.0,369,0.068703
2,Local PaFAR-HC,S4,Local PaFAR-HC,500.0,370,0.075497
2,Local PaFAR-HC,S4,Local PaFAR-HC,500.0,371,0.071393
2,Local PaFAR-HC,S4,Local PaFAR-HC,500.0,372,0.065267
2,Local PaFAR-HC,S4,Local PaFAR-HC,500.0,373,0.075676
2,Local PaFAR-HC,S4,Local PaFAR-HC,500.0,374,0.066829
2,Local PaFAR-HC,S4,Local PaFAR-HC,500.0,375,0.065313
2,Local PaFAR-HC,S4,Local PaFAR-HC,500.0,376,0.086741
2,Local PaFAR-HC,S4,Local PaFAR-HC,500.0,377,0.079197
2,Local PaFAR-HC,S4,Local PaFAR-HC,500.0,378,0.081428
2,Local PaFAR-HC,S4,Local PaFAR-HC,500.0,379,0.074701
2,Local PaFAR-HC,S4,Local PaFAR-HC,500.0,380,0.079752
2,Local PaFAR-HC,S4,Local PaFAR-HC,500.0,381,0.077882
2,Local PaFAR-HC,S4,Local PaFAR-HC,500.0,382,0.083758
2,Local PaFAR-HC,S4,Local PaFAR-HC,500.0,383,0.084244
2,Local PaFAR-HC,S4,Local PaFAR-HC,500.0,384,0.072504
2,Local PaFAR-HC,S4,Local PaFAR-HC,500.0,385,0.087636
2,Local PaFAR-HC,S4,Local PaFAR-HC,500.0,386,0.071849
2,Local PaFAR-HC,S4,Local PaFAR-HC,500.0,387,0.075517
2,Local PaFAR-HC,S4,Local PaFAR-HC,500.0,388,0.072717
2,Local PaFAR-HC,S4,Local PaFAR-HC,500.0,389,0.059965
2,Local PaFAR-HC,S4,Local PaFAR-HC,500.0,390,0.092659
2,Local PaFAR-HC,S4,Local PaFAR-HC,500.0,391,0.088233
2,Local PaFAR-HC,S4,Local PaFAR-HC,500.0,392,0.059647
2,Local PaFAR-HC,S4,Local PaFAR-HC,500.0,393,0.075712
2,Local PaFAR-HC,S4,Local PaFAR-HC,500.0,394,0.100946
2,Local PaFAR-HC,S4,Local PaFAR-HC,500.0,395,0.068562
2,Local PaFAR-HC,S4,Local PaFAR-HC,500.0,396,0.075291
2,Local PaFAR-HC,S4,Local PaFAR-HC,500.0,397,0.083904
2,Local PaFAR-HC,S4,Local PaFAR-HC,500.0,398,0.054255
2,Local PaFAR-HC,S4,Local PaFAR-HC,500.0,399,0.073571
2,Local PaFAR-HC,S4,Local PaFAR-HC,500.0,400,0.075193
2,Local PaFAR-HC,S4,Local PaFAR-HC,500.0,401,0.08716
2,Local PaFAR-HC,S4,Local PaFAR-HC,500.0,402,0.096736
2,Local PaFAR-HC,S4,Local PaFAR-HC,500.0,403,0.07144
2,Local PaFAR-HC,S4,Local PaFAR-HC,500.0,404,0.079979
2,Local PaFAR-HC,S4,Local PaFAR-HC,500.0,405,0.101449
2,Local PaFAR-HC,S4,Local PaFAR-HC,500.0,406,0.083528
2,Local PaFAR-HC,S4,Local PaFAR-HC,500.0,407,0.096128
2,Local PaFAR-HC,S4,Local PaFAR-HC,500.0,408,0.090293
2,Local PaFAR-HC,S4,Local PaFAR-HC,500.0,409,0.098037
2,Local PaFAR-HC,S4,Local PaFAR-HC,500.0,410,0.095157
2,Local PaFAR-HC,S4,Local PaFAR-HC,500.0,411,0.067132
2,Local PaFAR-HC,S4,Local PaFAR-HC,500.0,412,0.068146
2,Local PaFAR-HC,S4,Local PaFAR-HC,500.0,413,0.090017
2,Local PaFAR-HC,S4,Local PaFAR-HC,500.0,414,0.068861
2,Local PaFAR-HC,S4,Local PaFAR-HC,500.0,415,0.083818
2,Local PaFAR-HC,S4,Local PaFAR-HC,500.0,416,0.077015
2,Local PaFAR-HC,S4,Local PaFAR-HC,500.0,417,0.066656
2,Local PaFAR-HC,S4,Local PaFAR-HC,500.0,418,0.056951
2,Local PaFAR-HC,S4,Local PaFAR-HC,500.0,419,0.063947
2,Local PaFAR-HC,S4,Local PaFAR-HC,500.0,420,0.072822
2,Local PaFAR-HC,S4,Local PaFAR-HC,500.0,421,0.077924
2,Local PaFAR-HC,S4,Local PaFAR-HC,500.0,422,0.082427
2,Local PaFAR-HC,S4,Local PaFAR-HC,500.0,423,0.079819
2,Local PaFAR-HC,S4,Local PaFAR-HC,500.0,424,0.086438
2,Local PaFAR-HC,S4,Local PaFAR-HC,500.0,425,0.081559
2,Local PaFAR-HC,S4,Local PaFAR-HC,500.0,426,0.106833
2,Local PaFAR-HC,S4,Local PaFAR-HC,500.0,427,0.08146
2,Local PaFAR-HC,S4,Local PaFAR-HC,500.0,428,0.073676
2,Local PaFAR-HC,S4,Local PaFAR-HC,500.0,429,0.085138
2,Local PaFAR-HC,S4,Local PaFAR-HC,500.0,430,0.084447
2,Local PaFAR-HC,S4,Local PaFAR-HC,500.0,431,0.068061
2,Local PaFAR-HC,S4,Local PaFAR-HC,500.0,432,0.08101
2,Local PaFAR-HC,S4,Local PaFAR-HC,500.0,433,0.100625
2,Local PaFAR-HC,S4,Local PaFAR-HC,500.0,434,0.064137
2,Local PaFAR-HC,S4,Local PaFAR-HC,500.0,435,0.097695
2,Local PaFAR-HC,S4,Local PaFAR-HC,500.0,436,0.083038
2,Local PaFAR-HC,S4,Local PaFAR-HC,500.0,437,0.068655
2,Local PaFAR-HC,S4,Local PaFAR-HC,500.0,438,0.079577
2,Local PaFAR-HC,S4,Local PaFAR-HC,500.0,439,0.076342
2,Local PaFAR-HC,S4,Local PaFAR-HC,500.0,440,0.085526
2,Local PaFAR-HC,S4,Local PaFAR-HC,500.0,441,0.06551
2,Local PaFAR-HC,S4,Local PaFAR-HC,500.0,442,0.087401
2,Local PaFAR-HC,S4,Local PaFAR-HC,500.0,443,0.080427
2,Local PaFAR-HC,S4,Local PaFAR-HC,500.0,444,0.06595
2,Local PaFAR-HC,S4,Local PaFAR-HC,500.0,445,0.066013
2,Local PaFAR-HC,S4,Local PaFAR-HC,500.0,446,0.072884
2,Local PaFAR-HC,S4,Local PaFAR-HC,500.0,447,0.08735
2,Local PaFAR-HC,S4,Local PaFAR-HC,500.0,448,0.094351
2,Local PaFAR-HC,S4,Local PaFAR-HC,500.0,449,0.079288
2,Local PaFAR-HC,S4,Local PaFAR-HC,500.0,450,0.078855
2,Local PaFAR-HC,S4,Local PaFAR-HC,500.0,451,0.088517
2,Local PaFAR-HC,S4,Local PaFAR-HC,500.0,452,0.083295
2,Local PaFAR-HC,S4,Local PaFAR-HC,500.0,453,0.085146
2,Local PaFAR-HC,S4,Local PaFAR-HC,500.0,454,0.091218
2,Local PaFAR-HC,S4,Local PaFAR-HC,500.0,455,0.077954
2,Local PaFAR-HC,S4,Local PaFAR-HC,500.0,456,0.064193
2,Local PaFAR-HC,S4,Local PaFAR-HC,500.0,457,0.076922
2,Local PaFAR-HC,S4,Local PaFAR-HC,500.0,458,0.059067
2,Local PaFAR-HC,S4,Local PaFAR-HC,500.0,459,0.08043
2,Local PaFAR-HC,S4,Local PaFAR-HC,500.0,460,0.077227
2,Local PaFAR-HC,S4,Local PaFAR-HC,500.0,461,0.082493
2,Local PaFAR-HC,S4,Local PaFAR-HC,500.0,462,0.054723
2,Local PaFAR-HC,S4,Local PaFAR-HC,500.0,463,0.06748
2,Local PaFAR-HC,S4,Local PaFAR-HC,500.0,464,0.056775
2,Local PaFAR-HC,S4,Local PaFAR-HC,500.0,465,0.063125
2,Local PaFAR-HC,S4,Local PaFAR-HC,500.0,466,0.089387
2,Local PaFAR-HC,S4,Local PaFAR-HC,500.0,467,0.102216
2,Local PaFAR-HC,S4,Local PaFAR-HC,500.0,468,0.081602
2,Local PaFAR-HC,S4,Local PaFAR-HC,500.0,469,0.071511
2,Local PaFAR-HC,S4,Local PaFAR-HC,500.0,470,0.067846
2,Local PaFAR-HC,S4,Local PaFAR-HC,500.0,471,0.049242
2,Local PaFAR-HC,S4,Local PaFAR-HC,500.0,472,0.066828
2,Local PaFAR-HC,S4,Local PaFAR-HC,500.0,473,0.065849
2,Local PaFAR-HC,S4,Local PaFAR-HC,500.0,474,0.090821
2,Local PaFAR-HC,S4,Local PaFAR-HC,500.0,475,0.07655
2,Local PaFAR-HC,S4,Local PaFAR-HC,500.0,476,0.059137
2,Local PaFAR-HC,S4,Local PaFAR-HC,500.0,477,0.075576
2,Local PaFAR-HC,S4,Local PaFAR-HC,500.0,478,0.114031
2,Local PaFAR-HC,S4,Local PaFAR-HC,500.0,479,0.06828
2,Local PaFAR-HC,S4,Local PaFAR-HC,500.0,480,0.07095
2,Local PaFAR-HC,S4,Local PaFAR-HC,500.0,481,0.077453
2,Local PaFAR-HC,S4,Local PaFAR-HC,500.0,482,0.079163
2,Local PaFAR-HC,S4,Local PaFAR-HC,500.0,483,0.053896
2,Local PaFAR-HC,S4,Local PaFAR-HC,500.0,484,0.094239
2,Local PaFAR-HC,S4,Local PaFAR-HC,500.0,485,0.060589
2,Local PaFAR-HC,S4,Local PaFAR-HC,500.0,486,0.09532
2,Local PaFAR-HC,S4,Local PaFAR-HC,500.0,487,0.086476
2,Local PaFAR-HC,S4,Local PaFAR-HC,500.0,488,0.064519
2,Local PaFAR-HC,S4,Local PaFAR-HC,500.0,489,0.078325
2,Local PaFAR-HC,S4,Local PaFAR-HC,500.0,490,0.06644
2,Local PaFAR-HC,S4,Local PaFAR-HC,500.0,491,0.065577
2,Local PaFAR-HC,S4,Local PaFAR-HC,500.0,492,0.103153
2,Local PaFAR-HC,S4,Local PaFAR-HC,500.0,493,0.082141
2,Local PaFAR-HC,S4,Local PaFAR-HC,500.0,494,0.092877
2,Local PaFAR-HC,S4,Local PaFAR-HC,500.0,495,0.082842
2,Local PaFAR-HC,S4,Local PaFAR-HC,500.0,496,0.067921
2,Local PaFAR-HC,S4,Local PaFAR-HC,500.0,497,0.089254
2,Local PaFAR-HC,S4,Local PaFAR-HC,500.0,498,0.071812
2,Local PaFAR-HC,S4,Local PaFAR-HC,500.0,499,0.08417
