panel,method,hour,estimate,lower_95,upper_95,denominator
overall,Pointwise-alpha,1,0.0,0.0,0.0,7480
overall,Pointwise-alpha,2,0.0,0.0,0.0,7480
overall,Pointwise-alpha,3,0.0,0.0,0.0,7480
overall,Pointwise-alpha,4,0.0,0.0,0.0,7480
overall,Pointwise-alpha,5,0.0,0.0,0.0,7480
overall,Pointwise-alpha,6,0.306951871657754,0.2974532157182693,0.3176470696926117,7480
overall,Pointwise-alpha,7,0.3504010695187166,0.3401069641113281,0.3609659120440483,7480
overall,Pointwise-alpha,8,0.3717914438502673,0.3614939711987972,0.3827573403716087,7480
overall,Pointwise-alpha,9,0.3832887700534759,0.3728576257824897,0.394789431989193,7480
overall,Pointwise-alpha,10,0.3913101604278075,0.3806149661540985,0.4026804946362972,7480
overall,Pointwise-alpha,11,0.3955882352941176,0.3847593665122986,0.4069552168250084,7480
overall,Pointwise-alpha,12,0.3994652406417112,0.3889003947377205,0.4106985375285149,7480
overall,Pointwise-alpha,13,0.4016042780748663,0.391039427369833,0.4127005338668823,7480
overall,Pointwise-alpha,14,0.4025401069518716,0.3919719368219375,0.4137700498104095,7480
overall,Pointwise-alpha,15,0.403475935828877,0.3931718036532402,0.4149732589721679,7480
overall,Pointwise-alpha,16,0.4046791443850267,0.3943750128149986,0.4160427749156952,7480
overall,Pointwise-alpha,17,0.4057486631016043,0.3951871693134308,0.4171156331896782,7480
overall,Pointwise-alpha,18,0.4064171122994652,0.395982614159584,0.4179177917540073,7480
overall,Pointwise-alpha,19,0.4068181818181818,0.3962533429265022,0.4180547982454299,7480
overall,Pointwise-alpha,20,0.4073529411764706,0.3967914581298828,0.4187199220061302,7480
overall,Pointwise-alpha,21,0.4084224598930481,0.397723938524723,0.4197894379496574,7480
overall,Pointwise-alpha,22,0.4086898395721925,0.3979946672916412,0.4199231311678886,7480
overall,Pointwise-alpha,23,0.4089572192513369,0.3982586815953254,0.4204545319080353,7480
overall,Pointwise-alpha,24,0.4092245989304813,0.3983923748135566,0.4205915674567222,7480
overall,Pointwise-alpha,25,0.4094919786096256,0.3985294103622436,0.4208589538931847,7480
overall,Pointwise-alpha,26,0.4098930481283422,0.3989271476864814,0.4212600335478783,7480
overall,Pointwise-alpha,27,0.4102941176470588,0.3991945050656795,0.4219251275062561,7480
overall,Pointwise-alpha,28,0.4106951871657754,0.3995989263057709,0.4221925139427185,7480
overall,Pointwise-alpha,29,0.4113636363636364,0.4004010558128357,0.4231283366680145,7480
overall,Pointwise-alpha,30,0.4117647058823529,0.4008021354675293,0.4233990654349327,7480
overall,Pointwise-alpha,31,0.4121657754010695,0.4012032151222229,0.423803486675024,7480
overall,Pointwise-alpha,32,0.4122994652406417,0.4014639168977737,0.4239371798932552,7480
overall,Pointwise-alpha,33,0.4122994652406417,0.4014639168977737,0.4239371798932552,7480
overall,Pointwise-alpha,34,0.4131016042780748,0.4021356955170631,0.4244719237089157,7480
overall,Pointwise-alpha,35,0.4135026737967914,0.4026704683899879,0.424876344949007,7480
overall,Pointwise-alpha,36,0.413903743315508,0.4029411673545837,0.4254044041037559,7480
overall,Pointwise-alpha,37,0.4140374331550802,0.4030748605728149,0.4254144310951233,7480
overall,Pointwise-alpha,38,0.4143048128342246,0.4033422470092773,0.4260728701949119,7480
overall,Pointwise-alpha,39,0.4145721925133689,0.4036096334457397,0.4262065626680851,7480
overall,Pointwise-alpha,40,0.4145721925133689,0.4036096334457397,0.4262065626680851,7480
overall,Pointwise-alpha,41,0.4153743315508021,0.4046791493892669,0.4271390438079834,7480
overall,Pointwise-alpha,42,0.4157754010695187,0.4050768576562404,0.4275400936603546,7480
overall,Pointwise-alpha,43,0.4163101604278075,0.4054812788963318,0.4280782088637352,7480
overall,Pointwise-alpha,44,0.4165775401069518,0.4058790162205696,0.4282152444124221,7480
overall,Pointwise-alpha,45,0.4169786096256684,0.4062767244875431,0.4286129809916019,7480
overall,Pointwise-alpha,46,0.4169786096256684,0.4062767244875431,0.4286129809916019,7480
overall,Pointwise-alpha,47,0.4171122994652406,0.4062834084033966,0.4288769960403442,7480
overall,Pointwise-alpha,48,0.4171122994652406,0.4062834084033966,0.4288769960403442,7480
overall,Pointwise-alpha,49,0.4172459893048128,0.4064171016216278,0.4288803383708,7480
overall,Pointwise-alpha,50,0.4175133689839572,0.4066844880580902,0.4288803383708,7480
overall,Pointwise-alpha,51,0.4176470588235294,0.4068181812763214,0.4290106892585754,7480
overall,Pointwise-alpha,52,0.418048128342246,0.407082225382328,0.4295454621315002,7480
overall,Pointwise-alpha,53,0.4184491978609626,0.4076203107833862,0.4300802052021026,7480
overall,Pointwise-alpha,54,0.4189839572192513,0.4082854345440864,0.4306149780750274,7480
overall,Pointwise-alpha,55,0.4199197860962567,0.4090875640511512,0.4315541431307793,7480
overall,Pointwise-alpha,56,0.4209893048128342,0.4100200451910495,0.4327606946229934,7480
overall,Pointwise-alpha,57,0.4219251336898396,0.4108255460858345,0.4338268682360649,7480
overall,Pointwise-alpha,58,0.423663101604278,0.4124298050999641,0.4354278147220611,7480
overall,Pointwise-alpha,59,0.4245989304812834,0.4133689701557159,0.4362366288900375,7480
overall,Pointwise-alpha,60,0.4251336898395721,0.4140340939164161,0.436898410320282,7480
overall,Pointwise-alpha,61,0.4251336898395721,0.4140340939164161,0.436898410320282,7480
overall,Pointwise-alpha,62,0.4252673796791444,0.4142981380224227,0.4370354160666466,7480
overall,Pointwise-alpha,63,0.4252673796791444,0.4142981380224227,0.4370354160666466,7480
overall,Pointwise-alpha,64,0.4252673796791444,0.4142981380224227,0.4370354160666466,7480
overall,Pointwise-alpha,65,0.4252673796791444,0.4142981380224227,0.4370354160666466,7480
overall,Pointwise-alpha,66,0.4254010695187166,0.4142981380224227,0.437165766954422,7480
overall,Pointwise-alpha,67,0.4254010695187166,0.4142981380224227,0.437165766954422,7480
overall,Pointwise-alpha,68,0.4254010695187166,0.4142981380224227,0.437165766954422,7480
overall,Pointwise-alpha,69,0.4254010695187166,0.4142981380224227,0.437165766954422,7480
overall,Pointwise-alpha,70,0.4254010695187166,0.4142981380224227,0.437165766954422,7480
overall,Pointwise-alpha,71,0.4254010695187166,0.4142981380224227,0.437165766954422,7480
overall,Pointwise-alpha,72,0.4254010695187166,0.4142981380224227,0.437165766954422,7480
overall,Pointwise-alpha,73,0.4254010695187166,0.4142981380224227,0.437165766954422,7480
overall,Pointwise-alpha,74,0.4254010695187166,0.4142981380224227,0.437165766954422,7480
overall,Pointwise-alpha,75,0.4254010695187166,0.4142981380224227,0.437165766954422,7480
overall,Pointwise-alpha,76,0.4254010695187166,0.4142981380224227,0.437165766954422,7480
overall,Pointwise-alpha,77,0.4254010695187166,0.4142981380224227,0.437165766954422,7480
overall,Pointwise-alpha,78,0.4254010695187166,0.4142981380224227,0.437165766954422,7480
overall,Pointwise-alpha,79,0.4254010695187166,0.4142981380224227,0.437165766954422,7480
overall,Pointwise-alpha,80,0.4254010695187166,0.4142981380224227,0.437165766954422,7480
overall,Pointwise-alpha,81,0.4254010695187166,0.4142981380224227,0.437165766954422,7480
overall,Pointwise-alpha,82,0.4254010695187166,0.4142981380224227,0.437165766954422,7480
overall,Pointwise-alpha,83,0.4254010695187166,0.4142981380224227,0.437165766954422,7480
overall,Pointwise-alpha,84,0.4254010695187166,0.4142981380224227,0.437165766954422,7480
overall,Pointwise-alpha,85,0.4254010695187166,0.4142981380224227,0.437165766954422,7480
overall,Pointwise-alpha,86,0.4254010695187166,0.4142981380224227,0.437165766954422,7480
overall,Pointwise-alpha,87,0.4254010695187166,0.4142981380224227,0.437165766954422,7480
overall,Pointwise-alpha,88,0.4254010695187166,0.4142981380224227,0.437165766954422,7480
overall,Pointwise-alpha,89,0.4254010695187166,0.4142981380224227,0.437165766954422,7480
overall,Pointwise-alpha,90,0.4254010695187166,0.4142981380224227,0.437165766954422,7480
overall,Pointwise-alpha,91,0.4254010695187166,0.4142981380224227,0.437165766954422,7480
overall,Pointwise-alpha,92,0.4254010695187166,0.4142981380224227,0.437165766954422,7480
overall,Pointwise-alpha,93,0.4254010695187166,0.4142981380224227,0.437165766954422,7480
overall,Pointwise-alpha,94,0.4254010695187166,0.4142981380224227,0.437165766954422,7480
overall,Pointwise-alpha,95,0.4254010695187166,0.4142981380224227,0.437165766954422,7480
overall,Pointwise-alpha,96,0.4254010695187166,0.4142981380224227,0.437165766954422,7480
overall,Pointwise-alpha,97,0.4254010695187166,0.4142981380224227,0.437165766954422,7480
overall,Pointwise-alpha,98,0.4254010695187166,0.4142981380224227,0.437165766954422,7480
overall,Pointwise-alpha,99,0.4254010695187166,0.4142981380224227,0.437165766954422,7480
overall,Pointwise-alpha,100,0.4254010695187166,0.4142981380224227,0.437165766954422,7480
overall,Pointwise-alpha,101,0.4254010695187166,0.4142981380224227,0.437165766954422,7480
overall,Pointwise-alpha,102,0.4254010695187166,0.4142981380224227,0.437165766954422,7480
overall,Pointwise-alpha,103,0.4254010695187166,0.4142981380224227,0.437165766954422,7480
overall,Pointwise-alpha,104,0.4254010695187166,0.4142981380224227,0.437165766954422,7480
overall,Pointwise-alpha,105,0.4254010695187166,0.4142981380224227,0.437165766954422,7480
overall,Pointwise-alpha,106,0.4254010695187166,0.4142981380224227,0.437165766954422,7480
overall,Pointwise-alpha,107,0.4254010695187166,0.4142981380224227,0.437165766954422,7480
overall,Pointwise-alpha,108,0.4254010695187166,0.4142981380224227,0.437165766954422,7480
overall,Pointwise-alpha,109,0.4254010695187166,0.4142981380224227,0.437165766954422,7480
overall,Pointwise-alpha,110,0.4254010695187166,0.4142981380224227,0.437165766954422,7480
overall,Pointwise-alpha,111,0.4254010695187166,0.4142981380224227,0.437165766954422,7480
overall,Pointwise-alpha,112,0.4254010695187166,0.4142981380224227,0.437165766954422,7480
overall,Pointwise-alpha,113,0.4254010695187166,0.4142981380224227,0.437165766954422,7480
overall,Pointwise-alpha,114,0.4254010695187166,0.4142981380224227,0.437165766954422,7480
overall,Pointwise-alpha,115,0.4254010695187166,0.4142981380224227,0.437165766954422,7480
overall,Pointwise-alpha,116,0.4254010695187166,0.4142981380224227,0.437165766954422,7480
overall,Pointwise-alpha,117,0.4254010695187166,0.4142981380224227,0.437165766954422,7480
overall,Pointwise-alpha,118,0.4254010695187166,0.4142981380224227,0.437165766954422,7480
overall,Pointwise-alpha,119,0.4254010695187166,0.4142981380224227,0.437165766954422,7480
overall,Pointwise-alpha,120,0.4254010695187166,0.4142981380224227,0.437165766954422,7480
overall,Pointwise-alpha,121,0.4254010695187166,0.4142981380224227,0.437165766954422,7480
overall,Pointwise-alpha,122,0.4254010695187166,0.4142981380224227,0.437165766954422,7480
overall,Pointwise-alpha,123,0.4254010695187166,0.4142981380224227,0.437165766954422,7480
overall,Pointwise-alpha,124,0.4254010695187166,0.4142981380224227,0.437165766954422,7480
overall,Pointwise-alpha,125,0.4254010695187166,0.4142981380224227,0.437165766954422,7480
overall,Pointwise-alpha,126,0.4254010695187166,0.4142981380224227,0.437165766954422,7480
overall,Pointwise-alpha,127,0.4254010695187166,0.4142981380224227,0.437165766954422,7480
overall,Pointwise-alpha,128,0.4254010695187166,0.4142981380224227,0.437165766954422,7480
overall,Pointwise-alpha,129,0.4254010695187166,0.4142981380224227,0.437165766954422,7480
overall,Pointwise-alpha,130,0.4254010695187166,0.4142981380224227,0.437165766954422,7480
overall,Pointwise-alpha,131,0.4254010695187166,0.4142981380224227,0.437165766954422,7480
overall,Pointwise-alpha,132,0.4254010695187166,0.4142981380224227,0.437165766954422,7480
overall,Pointwise-alpha,133,0.4254010695187166,0.4142981380224227,0.437165766954422,7480
overall,Pointwise-alpha,134,0.4255347593582887,0.4144284889101982,0.437302802503109,7480
overall,Pointwise-alpha,135,0.4255347593582887,0.4144284889101982,0.437302802503109,7480
overall,Pointwise-alpha,136,0.4255347593582887,0.4144284889101982,0.437302802503109,7480
overall,Pointwise-alpha,137,0.4255347593582887,0.4144284889101982,0.437302802503109,7480
overall,Pointwise-alpha,138,0.4255347593582887,0.4144284889101982,0.437302802503109,7480
overall,Pointwise-alpha,139,0.4255347593582887,0.4144284889101982,0.437302802503109,7480
overall,Pointwise-alpha,140,0.4255347593582887,0.4144284889101982,0.437302802503109,7480
overall,Pointwise-alpha,141,0.4255347593582887,0.4144284889101982,0.437302802503109,7480
overall,Pointwise-alpha,142,0.4255347593582887,0.4144284889101982,0.437302802503109,7480
overall,Pointwise-alpha,143,0.4255347593582887,0.4144284889101982,0.437302802503109,7480
overall,Pointwise-alpha,144,0.4255347593582887,0.4144284889101982,0.437302802503109,7480
overall,Pointwise-alpha,145,0.4255347593582887,0.4144284889101982,0.437302802503109,7480
overall,Pointwise-alpha,146,0.4255347593582887,0.4144284889101982,0.437302802503109,7480
overall,Pointwise-alpha,147,0.4255347593582887,0.4144284889101982,0.437302802503109,7480
overall,Pointwise-alpha,148,0.4255347593582887,0.4144284889101982,0.437302802503109,7480
overall,Pointwise-alpha,149,0.4255347593582887,0.4144284889101982,0.437302802503109,7480
overall,Pointwise-alpha,150,0.4255347593582887,0.4144284889101982,0.437302802503109,7480
overall,Pointwise-alpha,151,0.4255347593582887,0.4144284889101982,0.437302802503109,7480
overall,Pointwise-alpha,152,0.4255347593582887,0.4144284889101982,0.437302802503109,7480
overall,Pointwise-alpha,153,0.4255347593582887,0.4144284889101982,0.437302802503109,7480
overall,Pointwise-alpha,154,0.4255347593582887,0.4144284889101982,0.437302802503109,7480
overall,Pointwise-alpha,155,0.4255347593582887,0.4144284889101982,0.437302802503109,7480
overall,Pointwise-alpha,156,0.4255347593582887,0.4144284889101982,0.437302802503109,7480
overall,Pointwise-alpha,157,0.4255347593582887,0.4144284889101982,0.437302802503109,7480
overall,Pointwise-alpha,158,0.4255347593582887,0.4144284889101982,0.437302802503109,7480
overall,Pointwise-alpha,159,0.4255347593582887,0.4144284889101982,0.437302802503109,7480
overall,Pointwise-alpha,160,0.4255347593582887,0.4144284889101982,0.437302802503109,7480
overall,Pointwise-alpha,161,0.4255347593582887,0.4144284889101982,0.437302802503109,7480
overall,Pointwise-alpha,162,0.4255347593582887,0.4144284889101982,0.437302802503109,7480
overall,Pointwise-alpha,163,0.4255347593582887,0.4144284889101982,0.437302802503109,7480
overall,Pointwise-alpha,164,0.4255347593582887,0.4144284889101982,0.437302802503109,7480
overall,Pointwise-alpha,165,0.4255347593582887,0.4144284889101982,0.437302802503109,7480
overall,Pointwise-alpha,166,0.4255347593582887,0.4144284889101982,0.437302802503109,7480
overall,Pointwise-alpha,167,0.4255347593582887,0.4144284889101982,0.437302802503109,7480
overall,Pointwise-alpha,168,0.4255347593582887,0.4144284889101982,0.437302802503109,7480
overall,Bonferroni,1,0.0,0.0,0.0,7480
overall,Bonferroni,2,0.0,0.0,0.0,7480
overall,Bonferroni,3,0.0,0.0,0.0,7480
overall,Bonferroni,4,0.0,0.0,0.0,7480
overall,Bonferroni,5,0.0,0.0,0.0,7480
overall,Bonferroni,6,0.0121657754010695,0.0097560158930718,0.0148395719006657,7480
overall,Bonferroni,7,0.0160427807486631,0.013365641515702,0.0189872987102717,7480
overall,Bonferroni,8,0.0191176470588235,0.016173129202798,0.0221925135701894,7480
overall,Bonferroni,9,0.0203208556149732,0.01724598929286,0.0235294122248888,7480
overall,Bonferroni,10,0.0211229946524064,0.0180481281131505,0.0243348932825028,7480
overall,Bonferroni,11,0.0215240641711229,0.0184458561707288,0.0248696531169116,7480
overall,Bonferroni,12,0.0216577540106951,0.0185828879475593,0.025000000372529,7480
overall,Bonferroni,13,0.0311497326203208,0.0271390378475189,0.0350300787948071,7480
overall,Bonferroni,14,0.0327540106951871,0.0287399732507765,0.0368983969092369,7480
overall,Bonferroni,15,0.0338235294117647,0.029542112071067,0.0381016060709953,7480
overall,Bonferroni,16,0.0343582887700534,0.0298128332942724,0.0386363640427589,7480
overall,Bonferroni,17,0.0355614973262032,0.0311497319489717,0.0398429154418408,7480
overall,Bonferroni,18,0.0360962566844919,0.0316811495460569,0.0405080206692218,7480
overall,Bonferroni,19,0.0371657754010695,0.0326169797219336,0.0417112298309803,7480
overall,Bonferroni,20,0.0374331550802139,0.032754011452198,0.0418482615612447,7480
overall,Bonferroni,21,0.0378342245989304,0.0331550799310207,0.042513370513916,7480
overall,Bonferroni,22,0.0379679144385026,0.0332854271866381,0.0426470600068569,7480
overall,Bonferroni,23,0.0381016042780748,0.0334224589169025,0.0427807494997978,7480
overall,Bonferroni,24,0.038235294117647,0.0336831534281373,0.0429144389927387,7480
overall,Bonferroni,25,0.0403743315508021,0.0355614982545375,0.0451871640980243,7480
overall,Bonferroni,26,0.0410427807486631,0.036229945719242,0.04598930478096,7480
overall,Bonferroni,27,0.0415775401069518,0.036764707416296,0.0463937154971063,7480
overall,Bonferroni,28,0.042379679144385,0.0374331548810005,0.0473262034356594,7480
overall,Bonferroni,29,0.0431818181818181,0.0383656428195536,0.0481316827237606,7480
overall,Bonferroni,30,0.0438502673796791,0.0389037430286407,0.0489304810762405,7480
overall,Bonferroni,31,0.0445187165775401,0.0397025414742529,0.0494652390480041,7480
overall,Bonferroni,32,0.0450534759358288,0.0401036099530756,0.0498696534894406,7480
overall,Bonferroni,33,0.0457219251336898,0.0407753996551036,0.0506684482097625,7480
overall,Bonferroni,34,0.0465240641711229,0.0417112298309803,0.0516076206229627,7480
overall,Bonferroni,35,0.0473262032085561,0.0423796772956848,0.0526737980544567,7480
overall,Bonferroni,36,0.0475935828877005,0.0426437177695333,0.0530748665332794,7480
overall,Bonferroni,37,0.0481283422459893,0.0431818179786205,0.0533422455191612,7480
overall,Bonferroni,38,0.0487967914438502,0.0438502691686153,0.054010696709156,7480
overall,Bonferroni,39,0.0490641711229946,0.0439839586615562,0.0542780756950378,7480
overall,Bonferroni,40,0.049331550802139,0.0443783426657319,0.0545454546809196,7480
overall,Bonferroni,41,0.0494652406417112,0.0445153743959963,0.0548128336668014,7480
overall,Bonferroni,42,0.0497326203208556,0.0446457216516137,0.0550802126526832,7480
overall,Bonferroni,43,0.0497326203208556,0.0446457216516137,0.0550802126526832,7480
overall,Bonferroni,44,0.0504010695187165,0.0453208573162555,0.0556149743497371,7480
overall,Bonferroni,45,0.0509358288770053,0.0459859625436365,0.0561530745588243,7480
overall,Bonferroni,46,0.0512032085561497,0.04598930478096,0.0564171113073825,7480
overall,Bonferroni,47,0.0514705882352941,0.0463903732597827,0.0568181835114955,7480
overall,Bonferroni,48,0.0514705882352941,0.0463903732597827,0.0568181835114955,7480
overall,Bonferroni,49,0.0529411764705882,0.0478576191700994,0.0581584207713603,7480
overall,Bonferroni,50,0.0537433155080213,0.0486631020903587,0.0590909086167812,7480
overall,Bonferroni,51,0.0542780748663101,0.0491978600621223,0.0596256665885448,7480
overall,Bonferroni,52,0.0550802139037433,0.0498663112521171,0.0606951862573623,7480
overall,Bonferroni,53,0.0561497326203208,0.0507987954653799,0.0616310164332389,7480
overall,Bonferroni,54,0.0573529411764705,0.0518716573715209,0.0628342255949974,7480
overall,Bonferroni,55,0.0582887700534759,0.0529378348030149,0.0639037415385246,7480
overall,Bonferroni,56,0.0598930481283422,0.0545454546809196,0.0656417086720466,7480
overall,Bonferroni,57,0.0624331550802139,0.0569518730044364,0.0679177833721041,7480
overall,Bonferroni,58,0.0641711229946524,0.0584224611520767,0.0699197873473167,7480
overall,Bonferroni,59,0.0669786096256684,0.061497326940298,0.0728609636425972,7480
overall,Bonferroni,60,0.0677807486631016,0.0624298111535608,0.0736631006002426,7480
overall,Bonferroni,61,0.0684491978609625,0.0631016045808792,0.0743348939344286,7480
overall,Bonferroni,62,0.0687165775401069,0.0632352977991104,0.0745989307761192,7480
overall,Bonferroni,63,0.0688502673796791,0.063368983566761,0.074866309762001,7480
overall,Bonferroni,64,0.0688502673796791,0.063368983566761,0.074866309762001,7480
overall,Bonferroni,65,0.0689839572192513,0.0636330204084515,0.0750000029802322,7480
overall,Bonferroni,66,0.0689839572192513,0.0636330204084515,0.0750000029802322,7480
overall,Bonferroni,67,0.0691176470588235,0.0637667134404182,0.0751370310783386,7480
overall,Bonferroni,68,0.0691176470588235,0.0637667134404182,0.0751370310783386,7480
overall,Bonferroni,69,0.0692513368983957,0.0639003993943333,0.0752707241103053,7480
overall,Bonferroni,70,0.0692513368983957,0.0639003993943333,0.0752707241103053,7480
overall,Bonferroni,71,0.0692513368983957,0.0639003993943333,0.0752707241103053,7480
overall,Bonferroni,72,0.0692513368983957,0.0639003993943333,0.0752707241103053,7480
overall,Bonferroni,73,0.0704545454545454,0.0652373015880584,0.0764705911278724,7480
overall,Bonferroni,74,0.0704545454545454,0.0652373015880584,0.0764705911278724,7480
overall,Bonferroni,75,0.0704545454545454,0.0652373015880584,0.0764705911278724,7480
overall,Bonferroni,76,0.0704545454545454,0.0652373015880584,0.0764705911278724,7480
overall,Bonferroni,77,0.0704545454545454,0.0652373015880584,0.0764705911278724,7480
overall,Bonferroni,78,0.0704545454545454,0.0652373015880584,0.0764705911278724,7480
overall,Bonferroni,79,0.0704545454545454,0.0652373015880584,0.0764705911278724,7480
overall,Bonferroni,80,0.0704545454545454,0.0652373015880584,0.0764705911278724,7480
overall,Bonferroni,81,0.0704545454545454,0.0652373015880584,0.0764705911278724,7480
overall,Bonferroni,82,0.0704545454545454,0.0652373015880584,0.0764705911278724,7480
overall,Bonferroni,83,0.0704545454545454,0.0652373015880584,0.0764705911278724,7480
overall,Bonferroni,84,0.0704545454545454,0.0652373015880584,0.0764705911278724,7480
overall,Bonferroni,85,0.0704545454545454,0.0652373015880584,0.0764705911278724,7480
overall,Bonferroni,86,0.0704545454545454,0.0652373015880584,0.0764705911278724,7480
overall,Bonferroni,87,0.0704545454545454,0.0652373015880584,0.0764705911278724,7480
overall,Bonferroni,88,0.0704545454545454,0.0652373015880584,0.0764705911278724,7480
overall,Bonferroni,89,0.0704545454545454,0.0652373015880584,0.0764705911278724,7480
overall,Bonferroni,90,0.0704545454545454,0.0652373015880584,0.0764705911278724,7480
overall,Bonferroni,91,0.0704545454545454,0.0652373015880584,0.0764705911278724,7480
overall,Bonferroni,92,0.0704545454545454,0.0652373015880584,0.0764705911278724,7480
overall,Bonferroni,93,0.0704545454545454,0.0652373015880584,0.0764705911278724,7480
overall,Bonferroni,94,0.0704545454545454,0.0652373015880584,0.0764705911278724,7480
overall,Bonferroni,95,0.0704545454545454,0.0652373015880584,0.0764705911278724,7480
overall,Bonferroni,96,0.0704545454545454,0.0652373015880584,0.0764705911278724,7480
overall,Bonferroni,97,0.0704545454545454,0.0652373015880584,0.0764705911278724,7480
overall,Bonferroni,98,0.0704545454545454,0.0652373015880584,0.0764705911278724,7480
overall,Bonferroni,99,0.0704545454545454,0.0652373015880584,0.0764705911278724,7480
overall,Bonferroni,100,0.0704545454545454,0.0652373015880584,0.0764705911278724,7480
overall,Bonferroni,101,0.0704545454545454,0.0652373015880584,0.0764705911278724,7480
overall,Bonferroni,102,0.0704545454545454,0.0652373015880584,0.0764705911278724,7480
overall,Bonferroni,103,0.0704545454545454,0.0652373015880584,0.0764705911278724,7480
overall,Bonferroni,104,0.0704545454545454,0.0652373015880584,0.0764705911278724,7480
overall,Bonferroni,105,0.0704545454545454,0.0652373015880584,0.0764705911278724,7480
overall,Bonferroni,106,0.0704545454545454,0.0652373015880584,0.0764705911278724,7480
overall,Bonferroni,107,0.0704545454545454,0.0652373015880584,0.0764705911278724,7480
overall,Bonferroni,108,0.0704545454545454,0.0652373015880584,0.0764705911278724,7480
overall,Bonferroni,109,0.0704545454545454,0.0652373015880584,0.0764705911278724,7480
overall,Bonferroni,110,0.0704545454545454,0.0652373015880584,0.0764705911278724,7480
overall,Bonferroni,111,0.0704545454545454,0.0652373015880584,0.0764705911278724,7480
overall,Bonferroni,112,0.0704545454545454,0.0652373015880584,0.0764705911278724,7480
overall,Bonferroni,113,0.0704545454545454,0.0652373015880584,0.0764705911278724,7480
overall,Bonferroni,114,0.0704545454545454,0.0652373015880584,0.0764705911278724,7480
overall,Bonferroni,115,0.0704545454545454,0.0652373015880584,0.0764705911278724,7480
overall,Bonferroni,116,0.0704545454545454,0.0652373015880584,0.0764705911278724,7480
overall,Bonferroni,117,0.0704545454545454,0.0652373015880584,0.0764705911278724,7480
overall,Bonferroni,118,0.0704545454545454,0.0652373015880584,0.0764705911278724,7480
overall,Bonferroni,119,0.0704545454545454,0.0652373015880584,0.0764705911278724,7480
overall,Bonferroni,120,0.0704545454545454,0.0652373015880584,0.0764705911278724,7480
overall,Bonferroni,121,0.0704545454545454,0.0652373015880584,0.0764705911278724,7480
overall,Bonferroni,122,0.0704545454545454,0.0652373015880584,0.0764705911278724,7480
overall,Bonferroni,123,0.0704545454545454,0.0652373015880584,0.0764705911278724,7480
overall,Bonferroni,124,0.0704545454545454,0.0652373015880584,0.0764705911278724,7480
overall,Bonferroni,125,0.0704545454545454,0.0652373015880584,0.0764705911278724,7480
overall,Bonferroni,126,0.0704545454545454,0.0652373015880584,0.0764705911278724,7480
overall,Bonferroni,127,0.0704545454545454,0.0652373015880584,0.0764705911278724,7480
overall,Bonferroni,128,0.0704545454545454,0.0652373015880584,0.0764705911278724,7480
overall,Bonferroni,129,0.0704545454545454,0.0652373015880584,0.0764705911278724,7480
overall,Bonferroni,130,0.0704545454545454,0.0652373015880584,0.0764705911278724,7480
overall,Bonferroni,131,0.0704545454545454,0.0652373015880584,0.0764705911278724,7480
overall,Bonferroni,132,0.0704545454545454,0.0652373015880584,0.0764705911278724,7480
overall,Bonferroni,133,0.0704545454545454,0.0652373015880584,0.0764705911278724,7480
overall,Bonferroni,134,0.0704545454545454,0.0652373015880584,0.0764705911278724,7480
overall,Bonferroni,135,0.0704545454545454,0.0652373015880584,0.0764705911278724,7480
overall,Bonferroni,136,0.0704545454545454,0.0652373015880584,0.0764705911278724,7480
overall,Bonferroni,137,0.0704545454545454,0.0652373015880584,0.0764705911278724,7480
overall,Bonferroni,138,0.0704545454545454,0.0652373015880584,0.0764705911278724,7480
overall,Bonferroni,139,0.0704545454545454,0.0652373015880584,0.0764705911278724,7480
overall,Bonferroni,140,0.0704545454545454,0.0652373015880584,0.0764705911278724,7480
overall,Bonferroni,141,0.0704545454545454,0.0652373015880584,0.0764705911278724,7480
overall,Bonferroni,142,0.0704545454545454,0.0652373015880584,0.0764705911278724,7480
overall,Bonferroni,143,0.0704545454545454,0.0652373015880584,0.0764705911278724,7480
overall,Bonferroni,144,0.0704545454545454,0.0652373015880584,0.0764705911278724,7480
overall,Bonferroni,145,0.0704545454545454,0.0652373015880584,0.0764705911278724,7480
overall,Bonferroni,146,0.0704545454545454,0.0652373015880584,0.0764705911278724,7480
overall,Bonferroni,147,0.0704545454545454,0.0652373015880584,0.0764705911278724,7480
overall,Bonferroni,148,0.0704545454545454,0.0652373015880584,0.0764705911278724,7480
overall,Bonferroni,149,0.0704545454545454,0.0652373015880584,0.0764705911278724,7480
overall,Bonferroni,150,0.0704545454545454,0.0652373015880584,0.0764705911278724,7480
overall,Bonferroni,151,0.0704545454545454,0.0652373015880584,0.0764705911278724,7480
overall,Bonferroni,152,0.0704545454545454,0.0652373015880584,0.0764705911278724,7480
overall,Bonferroni,153,0.0704545454545454,0.0652373015880584,0.0764705911278724,7480
overall,Bonferroni,154,0.0704545454545454,0.0652373015880584,0.0764705911278724,7480
overall,Bonferroni,155,0.0704545454545454,0.0652373015880584,0.0764705911278724,7480
overall,Bonferroni,156,0.0704545454545454,0.0652373015880584,0.0764705911278724,7480
overall,Bonferroni,157,0.0704545454545454,0.0652373015880584,0.0764705911278724,7480
overall,Bonferroni,158,0.0704545454545454,0.0652373015880584,0.0764705911278724,7480
overall,Bonferroni,159,0.0704545454545454,0.0652373015880584,0.0764705911278724,7480
overall,Bonferroni,160,0.0704545454545454,0.0652373015880584,0.0764705911278724,7480
overall,Bonferroni,161,0.0704545454545454,0.0652373015880584,0.0764705911278724,7480
overall,Bonferroni,162,0.0704545454545454,0.0652373015880584,0.0764705911278724,7480
overall,Bonferroni,163,0.0704545454545454,0.0652373015880584,0.0764705911278724,7480
overall,Bonferroni,164,0.0704545454545454,0.0652373015880584,0.0764705911278724,7480
overall,Bonferroni,165,0.0704545454545454,0.0652373015880584,0.0764705911278724,7480
overall,Bonferroni,166,0.0704545454545454,0.0652373015880584,0.0764705911278724,7480
overall,Bonferroni,167,0.0704545454545454,0.0652373015880584,0.0764705911278724,7480
overall,Bonferroni,168,0.0704545454545454,0.0652373015880584,0.0764705911278724,7480
overall,PaFAR-F,1,0.0,0.0,0.0,7480
overall,PaFAR-F,2,0.0,0.0,0.0,7480
overall,PaFAR-F,3,0.0,0.0,0.0,7480
overall,PaFAR-F,4,0.0,0.0,0.0,7480
overall,PaFAR-F,5,0.0,0.0,0.0,7480
overall,PaFAR-F,6,0.0592245989304812,0.0541443862020969,0.0645721927285194,7480
overall,PaFAR-F,7,0.0739304812834224,0.068312163837254,0.0792814165353775,7480
overall,PaFAR-F,8,0.0826203208556149,0.0764705911278724,0.0885026752948761,7480
overall,PaFAR-F,9,0.0864973262032085,0.0807486623525619,0.0926470607519149,7480
overall,PaFAR-F,10,0.0890374331550802,0.0828877016901969,0.095056821219623,7480
overall,PaFAR-F,11,0.0905080213903743,0.084224596619606,0.0965274093672633,7480
overall,PaFAR-F,12,0.0925133689839572,0.0863602938130498,0.0988001344725489,7480
overall,PaFAR-F,13,0.0933155080213903,0.0868983939290046,0.0997359646484255,7480
overall,PaFAR-F,14,0.0941176470588235,0.08783088196069,0.1006717948243021,7480
overall,PaFAR-F,15,0.0943850267379679,0.0879679173231124,0.1010695174336433,7480
overall,PaFAR-F,16,0.0950534759358288,0.0886330189183354,0.1020053476095199,7480
overall,PaFAR-F,17,0.0954545454545454,0.0890374332666397,0.1021423829719424,7480
overall,PaFAR-F,18,0.0959893048128342,0.0895721912384033,0.1026804832741618,7480
overall,PaFAR-F,19,0.0963903743315508,0.0899732634425163,0.1030782058835029,7480
overall,PaFAR-F,20,0.0963903743315508,0.0899732634425163,0.1030782058835029,7480
overall,PaFAR-F,21,0.0969251336898395,0.0903743281960487,0.1040140360593795,7480
overall,PaFAR-F,22,0.0969251336898395,0.0903743281960487,0.1040140360593795,7480
overall,PaFAR-F,23,0.0969251336898395,0.0903743281960487,0.1040140360593795,7480
overall,PaFAR-F,24,0.0969251336898395,0.0903743281960487,0.1040140360593795,7480
overall,PaFAR-F,25,0.0969251336898395,0.0903743281960487,0.1040140360593795,7480
overall,PaFAR-F,26,0.0969251336898395,0.0903743281960487,0.1040140360593795,7480
overall,PaFAR-F,27,0.0970588235294117,0.0905046790838241,0.104144386947155,7480
overall,PaFAR-F,28,0.0970588235294117,0.0905046790838241,0.104144386947155,7480
overall,PaFAR-F,29,0.0970588235294117,0.0905046790838241,0.104144386947155,7480
overall,PaFAR-F,30,0.0971925133689839,0.0905080214142799,0.1042814150452613,7480
overall,PaFAR-F,31,0.0973262032085561,0.0906417146325111,0.1044117659330368,7480
overall,PaFAR-F,32,0.0973262032085561,0.0906417146325111,0.1044117659330368,7480
overall,PaFAR-F,33,0.0973262032085561,0.0906417146325111,0.1044117659330368,7480
overall,PaFAR-F,34,0.0973262032085561,0.0906417146325111,0.1044117659330368,7480
overall,PaFAR-F,35,0.0973262032085561,0.0906417146325111,0.1044117659330368,7480
overall,PaFAR-F,36,0.0974598930481283,0.0907754004001617,0.1044184504076838,7480
overall,PaFAR-F,37,0.0974598930481283,0.0907754004001617,0.1044184504076838,7480
overall,PaFAR-F,38,0.0974598930481283,0.0907754004001617,0.1044184504076838,7480
overall,PaFAR-F,39,0.0977272727272727,0.0910427793860435,0.1046791449189186,7480
overall,PaFAR-F,40,0.0977272727272727,0.0910427793860435,0.1046791449189186,7480
overall,PaFAR-F,41,0.0978609625668449,0.0913068162277341,0.1048128306865692,7480
overall,PaFAR-F,42,0.0979946524064171,0.0913101583719253,0.1049465239048004,7480
overall,PaFAR-F,43,0.0982620320855615,0.0917045461013913,0.1052139028906822,7480
overall,PaFAR-F,44,0.0982620320855615,0.0917045461013913,0.1052139028906822,7480
overall,PaFAR-F,45,0.0982620320855615,0.0917045461013913,0.1052139028906822,7480
overall,PaFAR-F,46,0.0982620320855615,0.0917045461013913,0.1052139028906822,7480
overall,PaFAR-F,47,0.0982620320855615,0.0917045461013913,0.1052139028906822,7480
overall,PaFAR-F,48,0.0982620320855615,0.0917045461013913,0.1052139028906822,7480
overall,PaFAR-F,49,0.0982620320855615,0.0917045461013913,0.1052139028906822,7480
overall,PaFAR-F,50,0.0982620320855615,0.0917045461013913,0.1052139028906822,7480
overall,PaFAR-F,51,0.0982620320855615,0.0917045461013913,0.1052139028906822,7480
overall,PaFAR-F,52,0.0982620320855615,0.0917045461013913,0.1052139028906822,7480
overall,PaFAR-F,53,0.0983957219251336,0.091965240612626,0.1053509382531046,7480
overall,PaFAR-F,54,0.0983957219251336,0.091965240612626,0.1053509382531046,7480
overall,PaFAR-F,55,0.0987967914438502,0.0924999985843896,0.105882354080677,7480
overall,PaFAR-F,56,0.0990641711229946,0.0926403762772679,0.1061530752107501,7480
overall,PaFAR-F,57,0.0995989304812834,0.0927807465195655,0.1066844910383224,7480
overall,PaFAR-F,58,0.0998663101604278,0.0931784763932228,0.10695521235466,7480
overall,PaFAR-F,59,0.1005347593582887,0.0937165766954422,0.1077540069818496,7480
overall,PaFAR-F,60,0.1010695187165775,0.0945153715088963,0.1082887724041938,7480
overall,PaFAR-F,61,0.1013368983957219,0.0947860926389694,0.108693179488182,7480
overall,PaFAR-F,62,0.1016042780748663,0.095050136744976,0.1089605584740638,7480
overall,PaFAR-F,63,0.1017379679144385,0.0950534790754318,0.1089605584740638,7480
overall,PaFAR-F,64,0.1017379679144385,0.0950534790754318,0.1089605584740638,7480
overall,PaFAR-F,65,0.1017379679144385,0.0950534790754318,0.1089605584740638,7480
overall,PaFAR-F,66,0.1017379679144385,0.0950534790754318,0.1089605584740638,7480
overall,PaFAR-F,67,0.1017379679144385,0.0950534790754318,0.1089605584740638,7480
overall,PaFAR-F,68,0.1018716577540106,0.0953175157308578,0.109094251692295,7480
overall,PaFAR-F,69,0.1018716577540106,0.0953175157308578,0.109094251692295,7480
overall,PaFAR-F,70,0.1018716577540106,0.0953175157308578,0.109094251692295,7480
overall,PaFAR-F,71,0.1018716577540106,0.0953175157308578,0.109094251692295,7480
overall,PaFAR-F,72,0.1018716577540106,0.0953175157308578,0.109094251692295,7480
overall,PaFAR-F,73,0.1018716577540106,0.0953175157308578,0.109094251692295,7480
overall,PaFAR-F,74,0.1020053475935828,0.0954512016847729,0.1092279447242617,7480
overall,PaFAR-F,75,0.1020053475935828,0.0954512016847729,0.1092279447242617,7480
overall,PaFAR-F,76,0.1020053475935828,0.0954512016847729,0.1092279447242617,7480
overall,PaFAR-F,77,0.1020053475935828,0.0954512016847729,0.1092279447242617,7480
overall,PaFAR-F,78,0.1020053475935828,0.0954512016847729,0.1092279447242617,7480
overall,PaFAR-F,79,0.1020053475935828,0.0954512016847729,0.1092279447242617,7480
overall,PaFAR-F,80,0.1020053475935828,0.0954512016847729,0.1092279447242617,7480
overall,PaFAR-F,81,0.1020053475935828,0.0954512016847729,0.1092279447242617,7480
overall,PaFAR-F,82,0.1020053475935828,0.0954512016847729,0.1092279447242617,7480
overall,PaFAR-F,83,0.102139037433155,0.0954545438289642,0.1092279447242617,7480
overall,PaFAR-F,84,0.102139037433155,0.0954545438289642,0.1092279447242617,7480
overall,PaFAR-F,85,0.102139037433155,0.0954545438289642,0.1092279447242617,7480
overall,PaFAR-F,86,0.102139037433155,0.0954545438289642,0.1092279447242617,7480
overall,PaFAR-F,87,0.102139037433155,0.0954545438289642,0.1092279447242617,7480
overall,PaFAR-F,88,0.102139037433155,0.0954545438289642,0.1092279447242617,7480
overall,PaFAR-F,89,0.102139037433155,0.0954545438289642,0.1092279447242617,7480
overall,PaFAR-F,90,0.102139037433155,0.0954545438289642,0.1092279447242617,7480
overall,PaFAR-F,91,0.102139037433155,0.0954545438289642,0.1092279447242617,7480
overall,PaFAR-F,92,0.102139037433155,0.0954545438289642,0.1092279447242617,7480
overall,PaFAR-F,93,0.102139037433155,0.0954545438289642,0.1092279447242617,7480
overall,PaFAR-F,94,0.102139037433155,0.0954545438289642,0.1092279447242617,7480
overall,PaFAR-F,95,0.102139037433155,0.0954545438289642,0.1092279447242617,7480
overall,PaFAR-F,96,0.102139037433155,0.0954545438289642,0.1092279447242617,7480
overall,PaFAR-F,97,0.102139037433155,0.0954545438289642,0.1092279447242617,7480
overall,PaFAR-F,98,0.102139037433155,0.0954545438289642,0.1092279447242617,7480
overall,PaFAR-F,99,0.102139037433155,0.0954545438289642,0.1092279447242617,7480
overall,PaFAR-F,100,0.102139037433155,0.0954545438289642,0.1092279447242617,7480
overall,PaFAR-F,101,0.102139037433155,0.0954545438289642,0.1092279447242617,7480
overall,PaFAR-F,102,0.102139037433155,0.0954545438289642,0.1092279447242617,7480
overall,PaFAR-F,103,0.102139037433155,0.0954545438289642,0.1092279447242617,7480
overall,PaFAR-F,104,0.102139037433155,0.0954545438289642,0.1092279447242617,7480
overall,PaFAR-F,105,0.102139037433155,0.0954545438289642,0.1092279447242617,7480
overall,PaFAR-F,106,0.102139037433155,0.0954545438289642,0.1092279447242617,7480
overall,PaFAR-F,107,0.102139037433155,0.0954545438289642,0.1092279447242617,7480
overall,PaFAR-F,108,0.102139037433155,0.0954545438289642,0.1092279447242617,7480
overall,PaFAR-F,109,0.102139037433155,0.0954545438289642,0.1092279447242617,7480
overall,PaFAR-F,110,0.102139037433155,0.0954545438289642,0.1092279447242617,7480
overall,PaFAR-F,111,0.102139037433155,0.0954545438289642,0.1092279447242617,7480
overall,PaFAR-F,112,0.102139037433155,0.0954545438289642,0.1092279447242617,7480
overall,PaFAR-F,113,0.102139037433155,0.0954545438289642,0.1092279447242617,7480
overall,PaFAR-F,114,0.102139037433155,0.0954545438289642,0.1092279447242617,7480
overall,PaFAR-F,115,0.102139037433155,0.0954545438289642,0.1092279447242617,7480
overall,PaFAR-F,116,0.102139037433155,0.0954545438289642,0.1092279447242617,7480
overall,PaFAR-F,117,0.102139037433155,0.0954545438289642,0.1092279447242617,7480
overall,PaFAR-F,118,0.102139037433155,0.0954545438289642,0.1092279447242617,7480
overall,PaFAR-F,119,0.1022727272727272,0.0958522737026214,0.1093616306781768,7480
overall,PaFAR-F,120,0.1022727272727272,0.0958522737026214,0.1093616306781768,7480
overall,PaFAR-F,121,0.1022727272727272,0.0958522737026214,0.1093616306781768,7480
overall,PaFAR-F,122,0.1022727272727272,0.0958522737026214,0.1093616306781768,7480
overall,PaFAR-F,123,0.1022727272727272,0.0958522737026214,0.1093616306781768,7480
overall,PaFAR-F,124,0.1022727272727272,0.0958522737026214,0.1093616306781768,7480
overall,PaFAR-F,125,0.1022727272727272,0.0958522737026214,0.1093616306781768,7480
overall,PaFAR-F,126,0.1022727272727272,0.0958522737026214,0.1093616306781768,7480
overall,PaFAR-F,127,0.1022727272727272,0.0958522737026214,0.1093616306781768,7480
overall,PaFAR-F,128,0.1022727272727272,0.0958522737026214,0.1093616306781768,7480
overall,PaFAR-F,129,0.1022727272727272,0.0958522737026214,0.1093616306781768,7480
overall,PaFAR-F,130,0.1022727272727272,0.0958522737026214,0.1093616306781768,7480
overall,PaFAR-F,131,0.1022727272727272,0.0958522737026214,0.1093616306781768,7480
overall,PaFAR-F,132,0.1022727272727272,0.0958522737026214,0.1093616306781768,7480
overall,PaFAR-F,133,0.1022727272727272,0.0958522737026214,0.1093616306781768,7480
overall,PaFAR-F,134,0.1022727272727272,0.0958522737026214,0.1093616306781768,7480
overall,PaFAR-F,135,0.1022727272727272,0.0958522737026214,0.1093616306781768,7480
overall,PaFAR-F,136,0.1022727272727272,0.0958522737026214,0.1093616306781768,7480
overall,PaFAR-F,137,0.1022727272727272,0.0958522737026214,0.1093616306781768,7480
overall,PaFAR-F,138,0.1022727272727272,0.0958522737026214,0.1093616306781768,7480
overall,PaFAR-F,139,0.1022727272727272,0.0958522737026214,0.1093616306781768,7480
overall,PaFAR-F,140,0.1022727272727272,0.0958522737026214,0.1093616306781768,7480
overall,PaFAR-F,141,0.1022727272727272,0.0958522737026214,0.1093616306781768,7480
overall,PaFAR-F,142,0.1022727272727272,0.0958522737026214,0.1093616306781768,7480
overall,PaFAR-F,143,0.1022727272727272,0.0958522737026214,0.1093616306781768,7480
overall,PaFAR-F,144,0.1022727272727272,0.0958522737026214,0.1093616306781768,7480
overall,PaFAR-F,145,0.1022727272727272,0.0958522737026214,0.1093616306781768,7480
overall,PaFAR-F,146,0.1024064171122994,0.0959893018007278,0.1094919815659523,7480
overall,PaFAR-F,147,0.1024064171122994,0.0959893018007278,0.1094919815659523,7480
overall,PaFAR-F,148,0.1024064171122994,0.0959893018007278,0.1094919815659523,7480
overall,PaFAR-F,149,0.1024064171122994,0.0959893018007278,0.1094919815659523,7480
overall,PaFAR-F,150,0.1024064171122994,0.0959893018007278,0.1094919815659523,7480
overall,PaFAR-F,151,0.1024064171122994,0.0959893018007278,0.1094919815659523,7480
overall,PaFAR-F,152,0.1024064171122994,0.0959893018007278,0.1094919815659523,7480
overall,PaFAR-F,153,0.1024064171122994,0.0959893018007278,0.1094919815659523,7480
overall,PaFAR-F,154,0.1024064171122994,0.0959893018007278,0.1094919815659523,7480
overall,PaFAR-F,155,0.1024064171122994,0.0959893018007278,0.1094919815659523,7480
overall,PaFAR-F,156,0.1024064171122994,0.0959893018007278,0.1094919815659523,7480
overall,PaFAR-F,157,0.1024064171122994,0.0959893018007278,0.1094919815659523,7480
overall,PaFAR-F,158,0.1024064171122994,0.0959893018007278,0.1094919815659523,7480
overall,PaFAR-F,159,0.1024064171122994,0.0959893018007278,0.1094919815659523,7480
overall,PaFAR-F,160,0.1024064171122994,0.0959893018007278,0.1094919815659523,7480
overall,PaFAR-F,161,0.1024064171122994,0.0959893018007278,0.1094919815659523,7480
overall,PaFAR-F,162,0.1024064171122994,0.0959893018007278,0.1094919815659523,7480
overall,PaFAR-F,163,0.1024064171122994,0.0959893018007278,0.1094919815659523,7480
overall,PaFAR-F,164,0.1024064171122994,0.0959893018007278,0.1094919815659523,7480
overall,PaFAR-F,165,0.1024064171122994,0.0959893018007278,0.1094919815659523,7480
overall,PaFAR-F,166,0.1024064171122994,0.0959893018007278,0.1094919815659523,7480
overall,PaFAR-F,167,0.1024064171122994,0.0959893018007278,0.1094919815659523,7480
overall,PaFAR-F,168,0.1024064171122994,0.0959893018007278,0.1094919815659523,7480
overall,PaFAR-T,1,0.0,0.0,0.0,7480
overall,PaFAR-T,2,0.0,0.0,0.0,7480
overall,PaFAR-T,3,0.0,0.0,0.0,7480
overall,PaFAR-T,4,0.0,0.0,0.0,7480
overall,PaFAR-T,5,0.0,0.0,0.0,7480
overall,PaFAR-T,6,0.0094919786096256,0.0073529412038624,0.0116310156881809,7480
overall,PaFAR-T,7,0.0131016042780748,0.0105581547133624,0.0155080212280154,7480
overall,PaFAR-T,8,0.0147058823529411,0.0120287428610026,0.0173796787858009,7480
overall,PaFAR-T,9,0.0155080213903743,0.0128308825893327,0.0181818176060915,7480
overall,PaFAR-T,10,0.0160427807486631,0.0132352942600846,0.0188502669334411,7480
overall,PaFAR-T,11,0.0164438502673796,0.0136363636702299,0.0192546795122325,7480
overall,PaFAR-T,12,0.0165775401069518,0.0137700531631708,0.0195187162607908,7480
overall,PaFAR-T,13,0.0545454545454545,0.0497326217591762,0.0594919770956039,7480
overall,PaFAR-T,14,0.0572192513368984,0.0520053468644619,0.062302806135267,7480
overall,PaFAR-T,15,0.0594919786096256,0.0542747334577143,0.0647058859467506,7480
overall,PaFAR-T,16,0.0613636363636363,0.0561463900841772,0.066580881178379,7480
overall,PaFAR-T,17,0.0629679144385026,0.0577540099620819,0.0683155059814453,7480
overall,PaFAR-T,18,0.0652406417112299,0.0601570860482752,0.0707219243049621,7480
overall,PaFAR-T,19,0.0663101604278074,0.0610962584614753,0.0717914402484893,7480
overall,PaFAR-T,20,0.0679144385026738,0.0628342255949974,0.073529414832592,7480
overall,PaFAR-T,21,0.0687165775401069,0.0636296780779957,0.0743315517902374,7480
overall,PaFAR-T,22,0.0695187165775401,0.0643014714121818,0.0751336887478828,7480
overall,PaFAR-T,23,0.0695187165775401,0.0643014714121818,0.0751336887478828,7480
overall,PaFAR-T,24,0.0697860962566845,0.0644384995102882,0.0754010677337646,7480
overall,PaFAR-T,25,0.0770053475935828,0.0713903754949569,0.0831550806760788,7480
overall,PaFAR-T,26,0.0783422459893048,0.0727239282801747,0.0843582898378372,7480
overall,PaFAR-T,27,0.0798128342245989,0.0740608304738998,0.0859659060835838,7480
overall,PaFAR-T,28,0.0810160427807486,0.075267381966114,0.0872994661331176,7480
overall,PaFAR-T,29,0.0824866310160427,0.0767379701137542,0.0885026752948761,7480
overall,PaFAR-T,30,0.0843582887700534,0.0784725949168205,0.0906417146325111,7480
overall,PaFAR-T,31,0.0859625668449197,0.0802139043807983,0.0922459885478019,7480
overall,PaFAR-T,32,0.0878342245989304,0.0819518715143203,0.094385027885437,7480
overall,PaFAR-T,33,0.0895721925133689,0.0836898386478424,0.096122995018959,7480
overall,PaFAR-T,34,0.0902406417112299,0.0842212544754147,0.0967914462089538,7480
overall,PaFAR-T,35,0.0915775401069518,0.0856918426230549,0.0981316834688186,7480
overall,PaFAR-T,36,0.0926470588235294,0.0866310149431228,0.0991978645324707,7480
overall,PaFAR-T,37,0.0929144385026738,0.0868950517848134,0.0995989292860031,7480
overall,PaFAR-T,38,0.0937165775401069,0.0877005383372306,0.1004010662436485,7480
overall,PaFAR-T,39,0.0945187165775401,0.0884993329644203,0.1010728597640991,7480
overall,PaFAR-T,40,0.0955882352941176,0.0897025421261787,0.1024064198136329,7480
overall,PaFAR-T,41,0.096524064171123,0.0905046790838241,0.1032085567712783,7480
overall,PaFAR-T,42,0.0970588235294117,0.0907754004001617,0.1037466570734977,7480
overall,PaFAR-T,43,0.0981283422459893,0.0919786095619201,0.1050802171230316,7480
overall,PaFAR-T,44,0.0991978609625668,0.0931818187236785,0.1062834188342094,7480
overall,PaFAR-T,45,0.0998663101604278,0.0937165766954422,0.1069518700242042,7480
overall,PaFAR-T,46,0.1002673796791443,0.093983955681324,0.1072259334847331,7480
overall,PaFAR-T,47,0.1005347593582887,0.0942513346672058,0.107620321214199,7480
overall,PaFAR-T,48,0.1013368983957219,0.0949197858572006,0.1084224581718444,7480
overall,PaFAR-T,49,0.1013368983957219,0.0949197858572006,0.1084224581718444,7480
overall,PaFAR-T,50,0.1014705882352941,0.0950534790754318,0.1085561513900756,7480
overall,PaFAR-T,51,0.1014705882352941,0.0950534790754318,0.1085561513900756,7480
overall,PaFAR-T,52,0.1014705882352941,0.0950534790754318,0.1085561513900756,7480
overall,PaFAR-T,53,0.1014705882352941,0.0950534790754318,0.1085561513900756,7480
overall,PaFAR-T,54,0.1014705882352941,0.0950534790754318,0.1085561513900756,7480
overall,PaFAR-T,55,0.1016042780748663,0.0953208580613136,0.1086898371577262,7480
overall,PaFAR-T,56,0.1017379679144385,0.0954545438289642,0.1088268725201487,7480
overall,PaFAR-T,57,0.1018716577540106,0.0955848947167396,0.1089572161436081,7480
overall,PaFAR-T,58,0.102139037433155,0.0957185806706547,0.1092279447242617,7480
overall,PaFAR-T,59,0.1026737967914438,0.0962566807866096,0.1100267395377159,7480
overall,PaFAR-T,60,0.1029411764705882,0.0966544108465314,0.1101637676358223,7480
overall,PaFAR-T,61,0.103475935828877,0.0970588251948356,0.1106985328719019,7480
overall,PaFAR-T,62,0.1036096256684492,0.0971925109624862,0.1108288764953613,7480
overall,PaFAR-T,63,0.1038770053475935,0.097459889948368,0.1110995978116989,7480
overall,PaFAR-T,64,0.1040106951871657,0.0977239340543747,0.1112332908436656,7480
overall,PaFAR-T,65,0.1041443850267379,0.0978576200082898,0.1113636344671249,7480
overall,PaFAR-T,66,0.1042780748663101,0.0979946553707122,0.1116310134530067,7480
overall,PaFAR-T,67,0.1042780748663101,0.0979946553707122,0.1116310134530067,7480
overall,PaFAR-T,68,0.1042780748663101,0.0979946553707122,0.1116310134530067,7480
overall,PaFAR-T,69,0.1042780748663101,0.0979946553707122,0.1116310134530067,7480
overall,PaFAR-T,70,0.1042780748663101,0.0979946553707122,0.1116310134530067,7480
overall,PaFAR-T,71,0.1042780748663101,0.0979946553707122,0.1116310134530067,7480
overall,PaFAR-T,72,0.1042780748663101,0.0979946553707122,0.1116310134530067,7480
overall,PaFAR-T,73,0.1044117647058823,0.0981283411383628,0.1117647066712379,7480
overall,PaFAR-T,74,0.1044117647058823,0.0981283411383628,0.1117647066712379,7480
overall,PaFAR-T,75,0.1044117647058823,0.0981283411383628,0.1117647066712379,7480
overall,PaFAR-T,76,0.1045454545454545,0.098262034356594,0.1117647066712379,7480
overall,PaFAR-T,77,0.1046791443850267,0.0983957201242446,0.1118983924388885,7480
overall,PaFAR-T,78,0.1046791443850267,0.0983957201242446,0.1118983924388885,7480
overall,PaFAR-T,79,0.1046791443850267,0.0983957201242446,0.1118983924388885,7480
overall,PaFAR-T,80,0.1046791443850267,0.0983957201242446,0.1118983924388885,7480
overall,PaFAR-T,81,0.1046791443850267,0.0983957201242446,0.1118983924388885,7480
overall,PaFAR-T,82,0.1046791443850267,0.0983957201242446,0.1118983924388885,7480
overall,PaFAR-T,83,0.1046791443850267,0.0983957201242446,0.1118983924388885,7480
overall,PaFAR-T,84,0.1046791443850267,0.0983957201242446,0.1118983924388885,7480
overall,PaFAR-T,85,0.1046791443850267,0.0983957201242446,0.1118983924388885,7480
overall,PaFAR-T,86,0.1046791443850267,0.0983957201242446,0.1118983924388885,7480
overall,PaFAR-T,87,0.1046791443850267,0.0983957201242446,0.1118983924388885,7480
overall,PaFAR-T,88,0.1046791443850267,0.0983957201242446,0.1118983924388885,7480
overall,PaFAR-T,89,0.1046791443850267,0.0983957201242446,0.1118983924388885,7480
overall,PaFAR-T,90,0.1046791443850267,0.0983957201242446,0.1118983924388885,7480
overall,PaFAR-T,91,0.1046791443850267,0.0983957201242446,0.1118983924388885,7480
overall,PaFAR-T,92,0.1046791443850267,0.0983957201242446,0.1118983924388885,7480
overall,PaFAR-T,93,0.1046791443850267,0.0983957201242446,0.1118983924388885,7480
overall,PaFAR-T,94,0.1046791443850267,0.0983957201242446,0.1118983924388885,7480
overall,PaFAR-T,95,0.1046791443850267,0.0983957201242446,0.1118983924388885,7480
overall,PaFAR-T,96,0.1046791443850267,0.0983957201242446,0.1118983924388885,7480
overall,PaFAR-T,97,0.1046791443850267,0.0983957201242446,0.1118983924388885,7480
overall,PaFAR-T,98,0.1046791443850267,0.0983957201242446,0.1118983924388885,7480
overall,PaFAR-T,99,0.1046791443850267,0.0983957201242446,0.1118983924388885,7480
overall,PaFAR-T,100,0.1046791443850267,0.0983957201242446,0.1118983924388885,7480
overall,PaFAR-T,101,0.1046791443850267,0.0983957201242446,0.1118983924388885,7480
overall,PaFAR-T,102,0.1046791443850267,0.0983957201242446,0.1118983924388885,7480
overall,PaFAR-T,103,0.1046791443850267,0.0983957201242446,0.1118983924388885,7480
overall,PaFAR-T,104,0.1046791443850267,0.0983957201242446,0.1118983924388885,7480
overall,PaFAR-T,105,0.1046791443850267,0.0983957201242446,0.1118983924388885,7480
overall,PaFAR-T,106,0.1046791443850267,0.0983957201242446,0.1118983924388885,7480
overall,PaFAR-T,107,0.1046791443850267,0.0983957201242446,0.1118983924388885,7480
overall,PaFAR-T,108,0.1046791443850267,0.0983957201242446,0.1118983924388885,7480
overall,PaFAR-T,109,0.1046791443850267,0.0983957201242446,0.1118983924388885,7480
overall,PaFAR-T,110,0.1046791443850267,0.0983957201242446,0.1118983924388885,7480
overall,PaFAR-T,111,0.1046791443850267,0.0983957201242446,0.1118983924388885,7480
overall,PaFAR-T,112,0.1046791443850267,0.0983957201242446,0.1118983924388885,7480
overall,PaFAR-T,113,0.1046791443850267,0.0983957201242446,0.1118983924388885,7480
overall,PaFAR-T,114,0.1046791443850267,0.0983957201242446,0.1118983924388885,7480
overall,PaFAR-T,115,0.1046791443850267,0.0983957201242446,0.1118983924388885,7480
overall,PaFAR-T,116,0.1046791443850267,0.0983957201242446,0.1118983924388885,7480
overall,PaFAR-T,117,0.1046791443850267,0.0983957201242446,0.1118983924388885,7480
overall,PaFAR-T,118,0.1046791443850267,0.0983957201242446,0.1118983924388885,7480
overall,PaFAR-T,119,0.1046791443850267,0.0983957201242446,0.1118983924388885,7480
overall,PaFAR-T,120,0.1046791443850267,0.0983957201242446,0.1118983924388885,7480
overall,PaFAR-T,121,0.1046791443850267,0.0983957201242446,0.1118983924388885,7480
overall,PaFAR-T,122,0.1046791443850267,0.0983957201242446,0.1118983924388885,7480
overall,PaFAR-T,123,0.1046791443850267,0.0983957201242446,0.1118983924388885,7480
overall,PaFAR-T,124,0.1046791443850267,0.0983957201242446,0.1118983924388885,7480
overall,PaFAR-T,125,0.1046791443850267,0.0983957201242446,0.1118983924388885,7480
overall,PaFAR-T,126,0.1046791443850267,0.0983957201242446,0.1118983924388885,7480
overall,PaFAR-T,127,0.1046791443850267,0.0983957201242446,0.1118983924388885,7480
overall,PaFAR-T,128,0.1046791443850267,0.0983957201242446,0.1118983924388885,7480
overall,PaFAR-T,129,0.1046791443850267,0.0983957201242446,0.1118983924388885,7480
overall,PaFAR-T,130,0.1046791443850267,0.0983957201242446,0.1118983924388885,7480
overall,PaFAR-T,131,0.1046791443850267,0.0983957201242446,0.1118983924388885,7480
overall,PaFAR-T,132,0.1046791443850267,0.0983957201242446,0.1118983924388885,7480
overall,PaFAR-T,133,0.1046791443850267,0.0983957201242446,0.1118983924388885,7480
overall,PaFAR-T,134,0.1046791443850267,0.0983957201242446,0.1118983924388885,7480
overall,PaFAR-T,135,0.1046791443850267,0.0983957201242446,0.1118983924388885,7480
overall,PaFAR-T,136,0.1046791443850267,0.0983957201242446,0.1118983924388885,7480
overall,PaFAR-T,137,0.1046791443850267,0.0983957201242446,0.1118983924388885,7480
overall,PaFAR-T,138,0.1046791443850267,0.0983957201242446,0.1118983924388885,7480
overall,PaFAR-T,139,0.1046791443850267,0.0983957201242446,0.1118983924388885,7480
overall,PaFAR-T,140,0.1046791443850267,0.0983957201242446,0.1118983924388885,7480
overall,PaFAR-T,141,0.1046791443850267,0.0983957201242446,0.1118983924388885,7480
overall,PaFAR-T,142,0.1046791443850267,0.0983957201242446,0.1118983924388885,7480
overall,PaFAR-T,143,0.1046791443850267,0.0983957201242446,0.1118983924388885,7480
overall,PaFAR-T,144,0.1048128342245989,0.0983957201242446,0.1121657788753509,7480
overall,PaFAR-T,145,0.1048128342245989,0.0983957201242446,0.1121657788753509,7480
overall,PaFAR-T,146,0.1048128342245989,0.0983957201242446,0.1121657788753509,7480
overall,PaFAR-T,147,0.1048128342245989,0.0983957201242446,0.1121657788753509,7480
overall,PaFAR-T,148,0.1048128342245989,0.0983957201242446,0.1121657788753509,7480
overall,PaFAR-T,149,0.1048128342245989,0.0983957201242446,0.1121657788753509,7480
overall,PaFAR-T,150,0.1048128342245989,0.0983957201242446,0.1121657788753509,7480
overall,PaFAR-T,151,0.1048128342245989,0.0983957201242446,0.1121657788753509,7480
overall,PaFAR-T,152,0.1048128342245989,0.0983957201242446,0.1121657788753509,7480
overall,PaFAR-T,153,0.1048128342245989,0.0983957201242446,0.1121657788753509,7480
overall,PaFAR-T,154,0.1048128342245989,0.0983957201242446,0.1121657788753509,7480
overall,PaFAR-T,155,0.1048128342245989,0.0983957201242446,0.1121657788753509,7480
overall,PaFAR-T,156,0.1048128342245989,0.0983957201242446,0.1121657788753509,7480
overall,PaFAR-T,157,0.1048128342245989,0.0983957201242446,0.1121657788753509,7480
overall,PaFAR-T,158,0.1048128342245989,0.0983957201242446,0.1121657788753509,7480
overall,PaFAR-T,159,0.1048128342245989,0.0983957201242446,0.1121657788753509,7480
overall,PaFAR-T,160,0.1048128342245989,0.0983957201242446,0.1121657788753509,7480
overall,PaFAR-T,161,0.1048128342245989,0.0983957201242446,0.1121657788753509,7480
overall,PaFAR-T,162,0.1048128342245989,0.0983957201242446,0.1121657788753509,7480
overall,PaFAR-T,163,0.1048128342245989,0.0983957201242446,0.1121657788753509,7480
overall,PaFAR-T,164,0.1048128342245989,0.0983957201242446,0.1121657788753509,7480
overall,PaFAR-T,165,0.1048128342245989,0.0983957201242446,0.1121657788753509,7480
overall,PaFAR-T,166,0.1048128342245989,0.0983957201242446,0.1121657788753509,7480
overall,PaFAR-T,167,0.1048128342245989,0.0983957201242446,0.1121657788753509,7480
overall,PaFAR-T,168,0.1048128342245989,0.0983957201242446,0.1121657788753509,7480
overall,PaFAR-HC,1,0.0,0.0,0.0,7480
overall,PaFAR-HC,2,0.0,0.0,0.0,7480
overall,PaFAR-HC,3,0.0,0.0,0.0,7480
overall,PaFAR-HC,4,0.0,0.0,0.0,7480
overall,PaFAR-HC,5,0.0,0.0,0.0,7480
overall,PaFAR-HC,6,0.0524064171122994,0.0477239296771585,0.0574899732135236,7480
overall,PaFAR-HC,7,0.0651069518716577,0.059759359806776,0.0707219243049621,7480
overall,PaFAR-HC,8,0.0719251336898395,0.0664405107498169,0.0779411792755127,7480
overall,PaFAR-HC,9,0.0764705882352941,0.0704545453190803,0.0823529437184333,7480
overall,PaFAR-HC,10,0.0783422459893048,0.0721891703084111,0.0844953179359436,7480
overall,PaFAR-HC,11,0.0795454545454545,0.073128342628479,0.0856951847672462,7480
overall,PaFAR-HC,12,0.0815508021390374,0.0753977255895733,0.087837566435337,7480
overall,PaFAR-HC,13,0.0823529411764705,0.0760695189237594,0.0887733964249491,7480
overall,PaFAR-HC,14,0.0828877005347593,0.0764705911278724,0.0895721912384033,7480
overall,PaFAR-HC,15,0.0834224598930481,0.0771356927230954,0.0899832900613546,7480
overall,PaFAR-HC,16,0.084090909090909,0.0776738002896308,0.0909124357625842,7480
overall,PaFAR-HC,17,0.0844919786096256,0.0782052159309387,0.0913135007023811,7480
overall,PaFAR-HC,18,0.0850267379679144,0.0787433162331581,0.0918449163436889,7480
overall,PaFAR-HC,19,0.0852941176470588,0.0790106952190399,0.0919786095619201,7480
overall,PaFAR-HC,20,0.0852941176470588,0.0790106952190399,0.0919786095619201,7480
overall,PaFAR-HC,21,0.0856951871657754,0.0795421110466122,0.0926470607519149,7480
overall,PaFAR-HC,22,0.0856951871657754,0.0795421110466122,0.0926470607519149,7480
overall,PaFAR-HC,23,0.0856951871657754,0.0795421110466122,0.0926470607519149,7480
overall,PaFAR-HC,24,0.0856951871657754,0.0795421110466122,0.0926470607519149,7480
overall,PaFAR-HC,25,0.0856951871657754,0.0795421110466122,0.0926470607519149,7480
overall,PaFAR-HC,26,0.0856951871657754,0.0795421110466122,0.0926470607519149,7480
overall,PaFAR-HC,27,0.0858288770053476,0.0795454531908035,0.0927807465195655,7480
overall,PaFAR-HC,28,0.0858288770053476,0.0795454531908035,0.0927807465195655,7480
overall,PaFAR-HC,29,0.0858288770053476,0.0795454531908035,0.0927807465195655,7480
overall,PaFAR-HC,30,0.0858288770053476,0.0795454531908035,0.0927807465195655,7480
overall,PaFAR-HC,31,0.0858288770053476,0.0795454531908035,0.0927807465195655,7480
overall,PaFAR-HC,32,0.0859625668449197,0.0796791464090347,0.0927840888500213,7480
overall,PaFAR-HC,33,0.0859625668449197,0.0796791464090347,0.0927840888500213,7480
overall,PaFAR-HC,34,0.0859625668449197,0.0796791464090347,0.0927840888500213,7480
overall,PaFAR-HC,35,0.0859625668449197,0.0796791464090347,0.0927840888500213,7480
overall,PaFAR-HC,36,0.0859625668449197,0.0796791464090347,0.0927840888500213,7480
overall,PaFAR-HC,37,0.0859625668449197,0.0796791464090347,0.0927840888500213,7480
overall,PaFAR-HC,38,0.0859625668449197,0.0796791464090347,0.0927840888500213,7480
overall,PaFAR-HC,39,0.0862299465240641,0.0800802111625671,0.092917781881988,7480
overall,PaFAR-HC,40,0.0862299465240641,0.0800802111625671,0.092917781881988,7480
overall,PaFAR-HC,41,0.0864973262032085,0.0803442480042576,0.0934491977095604,7480
overall,PaFAR-HC,42,0.0864973262032085,0.0803442480042576,0.0934491977095604,7480
overall,PaFAR-HC,43,0.0867647058823529,0.0804812833666801,0.0935862330719828,7480
overall,PaFAR-HC,44,0.0868983957219251,0.0806116342544555,0.0937165766954422,7480
overall,PaFAR-HC,45,0.0868983957219251,0.0806116342544555,0.0937165766954422,7480
overall,PaFAR-HC,46,0.0868983957219251,0.0806116342544555,0.0937165766954422,7480
overall,PaFAR-HC,47,0.0868983957219251,0.0806116342544555,0.0937165766954422,7480
overall,PaFAR-HC,48,0.0868983957219251,0.0806116342544555,0.0937165766954422,7480
overall,PaFAR-HC,49,0.0868983957219251,0.0806116342544555,0.0937165766954422,7480
overall,PaFAR-HC,50,0.0868983957219251,0.0806116342544555,0.0937165766954422,7480
overall,PaFAR-HC,51,0.0868983957219251,0.0806116342544555,0.0937165766954422,7480
overall,PaFAR-HC,52,0.0868983957219251,0.0806116342544555,0.0937165766954422,7480
overall,PaFAR-HC,53,0.0870320855614973,0.0807486623525619,0.0937199190258979,7480
overall,PaFAR-HC,54,0.0870320855614973,0.0807486623525619,0.0937199190258979,7480
overall,PaFAR-HC,55,0.0872994652406417,0.0810126991942525,0.093983955681324,7480
overall,PaFAR-HC,56,0.0872994652406417,0.0810126991942525,0.093983955681324,7480
overall,PaFAR-HC,57,0.0881016042780748,0.0816844925284385,0.0947894349694252,7480
overall,PaFAR-HC,58,0.088235294117647,0.0818181782960891,0.0950534790754318,7480
overall,PaFAR-HC,59,0.088903743315508,0.0824866294860839,0.095721922814846,7480
overall,PaFAR-HC,60,0.0893048128342246,0.0828877016901969,0.0959893018007278,7480
overall,PaFAR-HC,61,0.0897058823529411,0.0831550806760788,0.096524067223072,7480
overall,PaFAR-HC,62,0.0897058823529411,0.0831550806760788,0.096524067223072,7480
overall,PaFAR-HC,63,0.0899732620320855,0.0834224596619606,0.0966644374653696,7480
overall,PaFAR-HC,64,0.0899732620320855,0.0834224596619606,0.0966644374653696,7480
overall,PaFAR-HC,65,0.0899732620320855,0.0834224596619606,0.0966644374653696,7480
overall,PaFAR-HC,66,0.0901069518716577,0.0836864965036511,0.0967947883531451,7480
overall,PaFAR-HC,67,0.0901069518716577,0.0836864965036511,0.0967947883531451,7480
overall,PaFAR-HC,68,0.0901069518716577,0.0836864965036511,0.0967947883531451,7480
overall,PaFAR-HC,69,0.0902406417112299,0.0838201895356178,0.0969251319766044,7480
overall,PaFAR-HC,70,0.0902406417112299,0.0838201895356178,0.0969251319766044,7480
overall,PaFAR-HC,71,0.0902406417112299,0.0838201895356178,0.0969251319766044,7480
overall,PaFAR-HC,72,0.0902406417112299,0.0838201895356178,0.0969251319766044,7480
overall,PaFAR-HC,73,0.0902406417112299,0.0838201895356178,0.0969251319766044,7480
overall,PaFAR-HC,74,0.0903743315508021,0.0839572176337242,0.0971925109624862,7480
overall,PaFAR-HC,75,0.0903743315508021,0.0839572176337242,0.0971925109624862,7480
overall,PaFAR-HC,76,0.0903743315508021,0.0839572176337242,0.0971925109624862,7480
overall,PaFAR-HC,77,0.0903743315508021,0.0839572176337242,0.0971925109624862,7480
overall,PaFAR-HC,78,0.0903743315508021,0.0839572176337242,0.0971925109624862,7480
overall,PaFAR-HC,79,0.0903743315508021,0.0839572176337242,0.0971925109624862,7480
overall,PaFAR-HC,80,0.0903743315508021,0.0839572176337242,0.0971925109624862,7480
overall,PaFAR-HC,81,0.0903743315508021,0.0839572176337242,0.0971925109624862,7480
overall,PaFAR-HC,82,0.0903743315508021,0.0839572176337242,0.0971925109624862,7480
overall,PaFAR-HC,83,0.0903743315508021,0.0839572176337242,0.0971925109624862,7480
overall,PaFAR-HC,84,0.0903743315508021,0.0839572176337242,0.0971925109624862,7480
overall,PaFAR-HC,85,0.0903743315508021,0.0839572176337242,0.0971925109624862,7480
overall,PaFAR-HC,86,0.0903743315508021,0.0839572176337242,0.0971925109624862,7480
overall,PaFAR-HC,87,0.0903743315508021,0.0839572176337242,0.0971925109624862,7480
overall,PaFAR-HC,88,0.0903743315508021,0.0839572176337242,0.0971925109624862,7480
overall,PaFAR-HC,89,0.0903743315508021,0.0839572176337242,0.0971925109624862,7480
overall,PaFAR-HC,90,0.0903743315508021,0.0839572176337242,0.0971925109624862,7480
overall,PaFAR-HC,91,0.0903743315508021,0.0839572176337242,0.0971925109624862,7480
overall,PaFAR-HC,92,0.0903743315508021,0.0839572176337242,0.0971925109624862,7480
overall,PaFAR-HC,93,0.0903743315508021,0.0839572176337242,0.0971925109624862,7480
overall,PaFAR-HC,94,0.0903743315508021,0.0839572176337242,0.0971925109624862,7480
overall,PaFAR-HC,95,0.0903743315508021,0.0839572176337242,0.0971925109624862,7480
overall,PaFAR-HC,96,0.0903743315508021,0.0839572176337242,0.0971925109624862,7480
overall,PaFAR-HC,97,0.0903743315508021,0.0839572176337242,0.0971925109624862,7480
overall,PaFAR-HC,98,0.0903743315508021,0.0839572176337242,0.0971925109624862,7480
overall,PaFAR-HC,99,0.0903743315508021,0.0839572176337242,0.0971925109624862,7480
overall,PaFAR-HC,100,0.0903743315508021,0.0839572176337242,0.0971925109624862,7480
overall,PaFAR-HC,101,0.0903743315508021,0.0839572176337242,0.0971925109624862,7480
overall,PaFAR-HC,102,0.0903743315508021,0.0839572176337242,0.0971925109624862,7480
overall,PaFAR-HC,103,0.0903743315508021,0.0839572176337242,0.0971925109624862,7480
overall,PaFAR-HC,104,0.0903743315508021,0.0839572176337242,0.0971925109624862,7480
overall,PaFAR-HC,105,0.0903743315508021,0.0839572176337242,0.0971925109624862,7480
overall,PaFAR-HC,106,0.0903743315508021,0.0839572176337242,0.0971925109624862,7480
overall,PaFAR-HC,107,0.0903743315508021,0.0839572176337242,0.0971925109624862,7480
overall,PaFAR-HC,108,0.0903743315508021,0.0839572176337242,0.0971925109624862,7480
overall,PaFAR-HC,109,0.0903743315508021,0.0839572176337242,0.0971925109624862,7480
overall,PaFAR-HC,110,0.0903743315508021,0.0839572176337242,0.0971925109624862,7480
overall,PaFAR-HC,111,0.0903743315508021,0.0839572176337242,0.0971925109624862,7480
overall,PaFAR-HC,112,0.0903743315508021,0.0839572176337242,0.0971925109624862,7480
overall,PaFAR-HC,113,0.0903743315508021,0.0839572176337242,0.0971925109624862,7480
overall,PaFAR-HC,114,0.0903743315508021,0.0839572176337242,0.0971925109624862,7480
overall,PaFAR-HC,115,0.0903743315508021,0.0839572176337242,0.0971925109624862,7480
overall,PaFAR-HC,116,0.0903743315508021,0.0839572176337242,0.0971925109624862,7480
overall,PaFAR-HC,117,0.0903743315508021,0.0839572176337242,0.0971925109624862,7480
overall,PaFAR-HC,118,0.0903743315508021,0.0839572176337242,0.0971925109624862,7480
overall,PaFAR-HC,119,0.0905080213903743,0.0840909108519554,0.0973262041807174,7480
overall,PaFAR-HC,120,0.0905080213903743,0.0840909108519554,0.0973262041807174,7480
overall,PaFAR-HC,121,0.0905080213903743,0.0840909108519554,0.0973262041807174,7480
overall,PaFAR-HC,122,0.0905080213903743,0.0840909108519554,0.0973262041807174,7480
overall,PaFAR-HC,123,0.0905080213903743,0.0840909108519554,0.0973262041807174,7480
overall,PaFAR-HC,124,0.0905080213903743,0.0840909108519554,0.0973262041807174,7480
overall,PaFAR-HC,125,0.0905080213903743,0.0840909108519554,0.0973262041807174,7480
overall,PaFAR-HC,126,0.0905080213903743,0.0840909108519554,0.0973262041807174,7480
overall,PaFAR-HC,127,0.0905080213903743,0.0840909108519554,0.0973262041807174,7480
overall,PaFAR-HC,128,0.0905080213903743,0.0840909108519554,0.0973262041807174,7480
overall,PaFAR-HC,129,0.0905080213903743,0.0840909108519554,0.0973262041807174,7480
overall,PaFAR-HC,130,0.0905080213903743,0.0840909108519554,0.0973262041807174,7480
overall,PaFAR-HC,131,0.0905080213903743,0.0840909108519554,0.0973262041807174,7480
overall,PaFAR-HC,132,0.0905080213903743,0.0840909108519554,0.0973262041807174,7480
overall,PaFAR-HC,133,0.0905080213903743,0.0840909108519554,0.0973262041807174,7480
overall,PaFAR-HC,134,0.0905080213903743,0.0840909108519554,0.0973262041807174,7480
overall,PaFAR-HC,135,0.0905080213903743,0.0840909108519554,0.0973262041807174,7480
overall,PaFAR-HC,136,0.0905080213903743,0.0840909108519554,0.0973262041807174,7480
overall,PaFAR-HC,137,0.0905080213903743,0.0840909108519554,0.0973262041807174,7480
overall,PaFAR-HC,138,0.0905080213903743,0.0840909108519554,0.0973262041807174,7480
overall,PaFAR-HC,139,0.0906417112299465,0.0843549475073814,0.0973262041807174,7480
overall,PaFAR-HC,140,0.0906417112299465,0.0843549475073814,0.0973262041807174,7480
overall,PaFAR-HC,141,0.0906417112299465,0.0843549475073814,0.0973262041807174,7480
overall,PaFAR-HC,142,0.0906417112299465,0.0843549475073814,0.0973262041807174,7480
overall,PaFAR-HC,143,0.0906417112299465,0.0843549475073814,0.0973262041807174,7480
overall,PaFAR-HC,144,0.0906417112299465,0.0843549475073814,0.0973262041807174,7480
overall,PaFAR-HC,145,0.0906417112299465,0.0843549475073814,0.0973262041807174,7480
overall,PaFAR-HC,146,0.0907754010695187,0.0843582898378372,0.0975935831665992,7480
overall,PaFAR-HC,147,0.0907754010695187,0.0843582898378372,0.0975935831665992,7480
overall,PaFAR-HC,148,0.0907754010695187,0.0843582898378372,0.0975935831665992,7480
overall,PaFAR-HC,149,0.0907754010695187,0.0843582898378372,0.0975935831665992,7480
overall,PaFAR-HC,150,0.0907754010695187,0.0843582898378372,0.0975935831665992,7480
overall,PaFAR-HC,151,0.0907754010695187,0.0843582898378372,0.0975935831665992,7480
overall,PaFAR-HC,152,0.0907754010695187,0.0843582898378372,0.0975935831665992,7480
overall,PaFAR-HC,153,0.0907754010695187,0.0843582898378372,0.0975935831665992,7480
overall,PaFAR-HC,154,0.0907754010695187,0.0843582898378372,0.0975935831665992,7480
overall,PaFAR-HC,155,0.0907754010695187,0.0843582898378372,0.0975935831665992,7480
overall,PaFAR-HC,156,0.0907754010695187,0.0843582898378372,0.0975935831665992,7480
overall,PaFAR-HC,157,0.0907754010695187,0.0843582898378372,0.0975935831665992,7480
overall,PaFAR-HC,158,0.0907754010695187,0.0843582898378372,0.0975935831665992,7480
overall,PaFAR-HC,159,0.0907754010695187,0.0843582898378372,0.0975935831665992,7480
overall,PaFAR-HC,160,0.0907754010695187,0.0843582898378372,0.0975935831665992,7480
overall,PaFAR-HC,161,0.0907754010695187,0.0843582898378372,0.0975935831665992,7480
overall,PaFAR-HC,162,0.0907754010695187,0.0843582898378372,0.0975935831665992,7480
overall,PaFAR-HC,163,0.0907754010695187,0.0843582898378372,0.0975935831665992,7480
overall,PaFAR-HC,164,0.0907754010695187,0.0843582898378372,0.0975935831665992,7480
overall,PaFAR-HC,165,0.0907754010695187,0.0843582898378372,0.0975935831665992,7480
overall,PaFAR-HC,166,0.0907754010695187,0.0843582898378372,0.0975935831665992,7480
overall,PaFAR-HC,167,0.0907754010695187,0.0843582898378372,0.0975935831665992,7480
overall,PaFAR-HC,168,0.0907754010695187,0.0843582898378372,0.0975935831665992,7480
A,Pointwise-alpha,1,0.0,0.0,0.0,3709
A,Pointwise-alpha,2,0.0,0.0,0.0,3709
A,Pointwise-alpha,3,0.0,0.0,0.0,3709
A,Pointwise-alpha,4,0.0,0.0,0.0,3709
A,Pointwise-alpha,5,0.0,0.0,0.0,3709
A,Pointwise-alpha,6,0.3087085467781073,0.2949514634907245,0.3224588930606842,3709
A,Pointwise-alpha,7,0.3480722566729576,0.3337759621441364,0.3629145421087741,3709
A,Pointwise-alpha,8,0.368293340523052,0.3534578032791614,0.3844701945781708,3709
A,Pointwise-alpha,9,0.3806956052844432,0.3655904479324817,0.3966028690338135,3709
A,Pointwise-alpha,10,0.3898624966298193,0.3747573442757129,0.4055001437664032,3709
A,Pointwise-alpha,11,0.394715556753842,0.379603673517704,0.4103531837463379,3709
A,Pointwise-alpha,12,0.3984901590725263,0.3831221461296081,0.4143974184989929,3709
A,Pointwise-alpha,13,0.3998382313291992,0.3842006027698517,0.4157454967498779,3709
A,Pointwise-alpha,14,0.4014559180372068,0.3860811538994312,0.4171002857387065,3709
A,Pointwise-alpha,15,0.401995146939876,0.3868899896740913,0.4176327884197235,3709
A,Pointwise-alpha,16,0.4022647613912106,0.3868967294692993,0.4181720018386841,3709
A,Pointwise-alpha,17,0.4030736047452143,0.3879751861095428,0.4184483639895915,3709
A,Pointwise-alpha,18,0.4036128336478835,0.3882448077201843,0.4192504584789276,3709
A,Pointwise-alpha,19,0.4036128336478835,0.3882448077201843,0.4192504584789276,3709
A,Pointwise-alpha,20,0.4038824480992181,0.3887840509414673,0.4195200800895691,3709
A,Pointwise-alpha,21,0.4046912914532219,0.3893232643604278,0.42006606310606,3709
A,Pointwise-alpha,22,0.4049609059045564,0.3898490265011787,0.4205985367298126,3709
A,Pointwise-alpha,23,0.4049609059045564,0.3898490265011787,0.4205985367298126,3709
A,Pointwise-alpha,24,0.4052305203558911,0.3901253595948219,0.4206052772700786,3709
A,Pointwise-alpha,25,0.4052305203558911,0.3901253595948219,0.4206052772700786,3709
A,Pointwise-alpha,26,0.4052305203558911,0.3901253595948219,0.4206052772700786,3709
A,Pointwise-alpha,27,0.4055001348072257,0.3901320993900299,0.4208748988807201,3709
A,Pointwise-alpha,28,0.4060393637098948,0.3909342236816883,0.421407401561737,3709
A,Pointwise-alpha,29,0.406578592612564,0.3914801776409149,0.4219466149806976,3709
A,Pointwise-alpha,30,0.4071178215152332,0.3920126803219318,0.4224858582019806,3709
A,Pointwise-alpha,31,0.4076570504179024,0.3922890126705169,0.4232946932315826,3709
A,Pointwise-alpha,32,0.407926664869237,0.3928215153515338,0.4235643148422241,3709
A,Pointwise-alpha,33,0.407926664869237,0.3928215153515338,0.4235643148422241,3709
A,Pointwise-alpha,34,0.4084658937719062,0.3933674991130829,0.4238339066505432,3709
A,Pointwise-alpha,35,0.4090051226745753,0.3939067125320434,0.4243798904120922,3709
A,Pointwise-alpha,36,0.4092747371259099,0.3941763341426849,0.4246427714824676,3709
A,Pointwise-alpha,37,0.4092747371259099,0.3941763341426849,0.4246427714824676,3709
A,Pointwise-alpha,38,0.4092747371259099,0.3941763341426849,0.4246427714824676,3709
A,Pointwise-alpha,39,0.4095443515772445,0.3944392152130603,0.4249123632907867,3709
A,Pointwise-alpha,40,0.4095443515772445,0.3944392152130603,0.4249123632907867,3709
A,Pointwise-alpha,41,0.4098139660285791,0.3944459557533264,0.4251819849014282,3709
A,Pointwise-alpha,42,0.4103531949312483,0.395780523866415,0.4254583470523357,3709
A,Pointwise-alpha,43,0.4114316527365866,0.3960636258125305,0.4267996847629547,3709
A,Pointwise-alpha,44,0.4117012671879212,0.3965961284935474,0.4268064245581627,3709
A,Pointwise-alpha,45,0.4119708816392559,0.3966028690338135,0.4273388981819153,3709
A,Pointwise-alpha,46,0.4119708816392559,0.3966028690338135,0.4273388981819153,3709
A,Pointwise-alpha,47,0.4122404960905904,0.397135341912508,0.4276085197925567,3709
A,Pointwise-alpha,48,0.4122404960905904,0.397135341912508,0.4276085197925567,3709
A,Pointwise-alpha,49,0.4122404960905904,0.397135341912508,0.4276085197925567,3709
A,Pointwise-alpha,50,0.4122404960905904,0.397135341912508,0.4276085197925567,3709
A,Pointwise-alpha,51,0.412510110541925,0.3976745851337909,0.4278781414031982,3709
A,Pointwise-alpha,52,0.4133189538959288,0.3982137985527515,0.4286869764328003,3709
A,Pointwise-alpha,53,0.4133189538959288,0.3982137985527515,0.4286869764328003,3709
A,Pointwise-alpha,54,0.4143974117012672,0.399831498414278,0.4295025520026683,3709
A,Pointwise-alpha,55,0.4160150984092747,0.4009166955947876,0.4311202518641948,3709
A,Pointwise-alpha,56,0.4173631706659477,0.4025276258587837,0.4321919679641723,3709
A,Pointwise-alpha,57,0.4181720140199514,0.4030668683350086,0.4332704246044159,3709
A,Pointwise-alpha,58,0.4195200862766244,0.4044149465858936,0.4346252433955669,3709
A,Pointwise-alpha,59,0.419789700727959,0.4046845391392707,0.4348881244659424,3709
A,Pointwise-alpha,60,0.419789700727959,0.4046845391392707,0.4348881244659424,3709
A,Pointwise-alpha,61,0.419789700727959,0.4046845391392707,0.4348881244659424,3709
A,Pointwise-alpha,62,0.4200593151792936,0.4049609005451202,0.4351644568145275,3709
A,Pointwise-alpha,63,0.4200593151792936,0.4049609005451202,0.4351644568145275,3709
A,Pointwise-alpha,64,0.4200593151792936,0.4049609005451202,0.4351644568145275,3709
A,Pointwise-alpha,65,0.4200593151792936,0.4049609005451202,0.4351644568145275,3709
A,Pointwise-alpha,66,0.4200593151792936,0.4049609005451202,0.4351644568145275,3709
A,Pointwise-alpha,67,0.4200593151792936,0.4049609005451202,0.4351644568145275,3709
A,Pointwise-alpha,68,0.4200593151792936,0.4049609005451202,0.4351644568145275,3709
A,Pointwise-alpha,69,0.4200593151792936,0.4049609005451202,0.4351644568145275,3709
A,Pointwise-alpha,70,0.4200593151792936,0.4049609005451202,0.4351644568145275,3709
A,Pointwise-alpha,71,0.4200593151792936,0.4049609005451202,0.4351644568145275,3709
A,Pointwise-alpha,72,0.4200593151792936,0.4049609005451202,0.4351644568145275,3709
A,Pointwise-alpha,73,0.4200593151792936,0.4049609005451202,0.4351644568145275,3709
A,Pointwise-alpha,74,0.4200593151792936,0.4049609005451202,0.4351644568145275,3709
A,Pointwise-alpha,75,0.4200593151792936,0.4049609005451202,0.4351644568145275,3709
A,Pointwise-alpha,76,0.4200593151792936,0.4049609005451202,0.4351644568145275,3709
A,Pointwise-alpha,77,0.4200593151792936,0.4049609005451202,0.4351644568145275,3709
A,Pointwise-alpha,78,0.4200593151792936,0.4049609005451202,0.4351644568145275,3709
A,Pointwise-alpha,79,0.4200593151792936,0.4049609005451202,0.4351644568145275,3709
A,Pointwise-alpha,80,0.4200593151792936,0.4049609005451202,0.4351644568145275,3709
A,Pointwise-alpha,81,0.4200593151792936,0.4049609005451202,0.4351644568145275,3709
A,Pointwise-alpha,82,0.4200593151792936,0.4049609005451202,0.4351644568145275,3709
A,Pointwise-alpha,83,0.4200593151792936,0.4049609005451202,0.4351644568145275,3709
A,Pointwise-alpha,84,0.4200593151792936,0.4049609005451202,0.4351644568145275,3709
A,Pointwise-alpha,85,0.4200593151792936,0.4049609005451202,0.4351644568145275,3709
A,Pointwise-alpha,86,0.4200593151792936,0.4049609005451202,0.4351644568145275,3709
A,Pointwise-alpha,87,0.4200593151792936,0.4049609005451202,0.4351644568145275,3709
A,Pointwise-alpha,88,0.4200593151792936,0.4049609005451202,0.4351644568145275,3709
A,Pointwise-alpha,89,0.4200593151792936,0.4049609005451202,0.4351644568145275,3709
A,Pointwise-alpha,90,0.4200593151792936,0.4049609005451202,0.4351644568145275,3709
A,Pointwise-alpha,91,0.4200593151792936,0.4049609005451202,0.4351644568145275,3709
A,Pointwise-alpha,92,0.4200593151792936,0.4049609005451202,0.4351644568145275,3709
A,Pointwise-alpha,93,0.4200593151792936,0.4049609005451202,0.4351644568145275,3709
A,Pointwise-alpha,94,0.4200593151792936,0.4049609005451202,0.4351644568145275,3709
A,Pointwise-alpha,95,0.4200593151792936,0.4049609005451202,0.4351644568145275,3709
A,Pointwise-alpha,96,0.4200593151792936,0.4049609005451202,0.4351644568145275,3709
A,Pointwise-alpha,97,0.4200593151792936,0.4049609005451202,0.4351644568145275,3709
A,Pointwise-alpha,98,0.4200593151792936,0.4049609005451202,0.4351644568145275,3709
A,Pointwise-alpha,99,0.4200593151792936,0.4049609005451202,0.4351644568145275,3709
A,Pointwise-alpha,100,0.4200593151792936,0.4049609005451202,0.4351644568145275,3709
A,Pointwise-alpha,101,0.4200593151792936,0.4049609005451202,0.4351644568145275,3709
A,Pointwise-alpha,102,0.4200593151792936,0.4049609005451202,0.4351644568145275,3709
A,Pointwise-alpha,103,0.4200593151792936,0.4049609005451202,0.4351644568145275,3709
A,Pointwise-alpha,104,0.4200593151792936,0.4049609005451202,0.4351644568145275,3709
A,Pointwise-alpha,105,0.4200593151792936,0.4049609005451202,0.4351644568145275,3709
A,Pointwise-alpha,106,0.4200593151792936,0.4049609005451202,0.4351644568145275,3709
A,Pointwise-alpha,107,0.4200593151792936,0.4049609005451202,0.4351644568145275,3709
A,Pointwise-alpha,108,0.4200593151792936,0.4049609005451202,0.4351644568145275,3709
A,Pointwise-alpha,109,0.4200593151792936,0.4049609005451202,0.4351644568145275,3709
A,Pointwise-alpha,110,0.4200593151792936,0.4049609005451202,0.4351644568145275,3709
A,Pointwise-alpha,111,0.4200593151792936,0.4049609005451202,0.4351644568145275,3709
A,Pointwise-alpha,112,0.4200593151792936,0.4049609005451202,0.4351644568145275,3709
A,Pointwise-alpha,113,0.4200593151792936,0.4049609005451202,0.4351644568145275,3709
A,Pointwise-alpha,114,0.4200593151792936,0.4049609005451202,0.4351644568145275,3709
A,Pointwise-alpha,115,0.4200593151792936,0.4049609005451202,0.4351644568145275,3709
A,Pointwise-alpha,116,0.4200593151792936,0.4049609005451202,0.4351644568145275,3709
A,Pointwise-alpha,117,0.4200593151792936,0.4049609005451202,0.4351644568145275,3709
A,Pointwise-alpha,118,0.4200593151792936,0.4049609005451202,0.4351644568145275,3709
A,Pointwise-alpha,119,0.4200593151792936,0.4049609005451202,0.4351644568145275,3709
A,Pointwise-alpha,120,0.4200593151792936,0.4049609005451202,0.4351644568145275,3709
A,Pointwise-alpha,121,0.4200593151792936,0.4049609005451202,0.4351644568145275,3709
A,Pointwise-alpha,122,0.4200593151792936,0.4049609005451202,0.4351644568145275,3709
A,Pointwise-alpha,123,0.4200593151792936,0.4049609005451202,0.4351644568145275,3709
A,Pointwise-alpha,124,0.4200593151792936,0.4049609005451202,0.4351644568145275,3709
A,Pointwise-alpha,125,0.4200593151792936,0.4049609005451202,0.4351644568145275,3709
A,Pointwise-alpha,126,0.4200593151792936,0.4049609005451202,0.4351644568145275,3709
A,Pointwise-alpha,127,0.4200593151792936,0.4049609005451202,0.4351644568145275,3709
A,Pointwise-alpha,128,0.4200593151792936,0.4049609005451202,0.4351644568145275,3709
A,Pointwise-alpha,129,0.4200593151792936,0.4049609005451202,0.4351644568145275,3709
A,Pointwise-alpha,130,0.4200593151792936,0.4049609005451202,0.4351644568145275,3709
A,Pointwise-alpha,131,0.4200593151792936,0.4049609005451202,0.4351644568145275,3709
A,Pointwise-alpha,132,0.4200593151792936,0.4049609005451202,0.4351644568145275,3709
A,Pointwise-alpha,133,0.4200593151792936,0.4049609005451202,0.4351644568145275,3709
A,Pointwise-alpha,134,0.4200593151792936,0.4049609005451202,0.4351644568145275,3709
A,Pointwise-alpha,135,0.4200593151792936,0.4049609005451202,0.4351644568145275,3709
A,Pointwise-alpha,136,0.4200593151792936,0.4049609005451202,0.4351644568145275,3709
A,Pointwise-alpha,137,0.4200593151792936,0.4049609005451202,0.4351644568145275,3709
A,Pointwise-alpha,138,0.4200593151792936,0.4049609005451202,0.4351644568145275,3709
A,Pointwise-alpha,139,0.4200593151792936,0.4049609005451202,0.4351644568145275,3709
A,Pointwise-alpha,140,0.4200593151792936,0.4049609005451202,0.4351644568145275,3709
A,Pointwise-alpha,141,0.4200593151792936,0.4049609005451202,0.4351644568145275,3709
A,Pointwise-alpha,142,0.4200593151792936,0.4049609005451202,0.4351644568145275,3709
A,Pointwise-alpha,143,0.4200593151792936,0.4049609005451202,0.4351644568145275,3709
A,Pointwise-alpha,144,0.4200593151792936,0.4049609005451202,0.4351644568145275,3709
A,Pointwise-alpha,145,0.4200593151792936,0.4049609005451202,0.4351644568145275,3709
A,Pointwise-alpha,146,0.4200593151792936,0.4049609005451202,0.4351644568145275,3709
A,Pointwise-alpha,147,0.4200593151792936,0.4049609005451202,0.4351644568145275,3709
A,Pointwise-alpha,148,0.4200593151792936,0.4049609005451202,0.4351644568145275,3709
A,Pointwise-alpha,149,0.4200593151792936,0.4049609005451202,0.4351644568145275,3709
A,Pointwise-alpha,150,0.4200593151792936,0.4049609005451202,0.4351644568145275,3709
A,Pointwise-alpha,151,0.4200593151792936,0.4049609005451202,0.4351644568145275,3709
A,Pointwise-alpha,152,0.4200593151792936,0.4049609005451202,0.4351644568145275,3709
A,Pointwise-alpha,153,0.4200593151792936,0.4049609005451202,0.4351644568145275,3709
A,Pointwise-alpha,154,0.4200593151792936,0.4049609005451202,0.4351644568145275,3709
A,Pointwise-alpha,155,0.4200593151792936,0.4049609005451202,0.4351644568145275,3709
A,Pointwise-alpha,156,0.4200593151792936,0.4049609005451202,0.4351644568145275,3709
A,Pointwise-alpha,157,0.4200593151792936,0.4049609005451202,0.4351644568145275,3709
A,Pointwise-alpha,158,0.4200593151792936,0.4049609005451202,0.4351644568145275,3709
A,Pointwise-alpha,159,0.4200593151792936,0.4049609005451202,0.4351644568145275,3709
A,Pointwise-alpha,160,0.4200593151792936,0.4049609005451202,0.4351644568145275,3709
A,Pointwise-alpha,161,0.4200593151792936,0.4049609005451202,0.4351644568145275,3709
A,Pointwise-alpha,162,0.4200593151792936,0.4049609005451202,0.4351644568145275,3709
A,Pointwise-alpha,163,0.4200593151792936,0.4049609005451202,0.4351644568145275,3709
A,Pointwise-alpha,164,0.4200593151792936,0.4049609005451202,0.4351644568145275,3709
A,Pointwise-alpha,165,0.4200593151792936,0.4049609005451202,0.4351644568145275,3709
A,Pointwise-alpha,166,0.4200593151792936,0.4049609005451202,0.4351644568145275,3709
A,Pointwise-alpha,167,0.4200593151792936,0.4049609005451202,0.4351644568145275,3709
A,Pointwise-alpha,168,0.4200593151792936,0.4049609005451202,0.4351644568145275,3709
A,Bonferroni,1,0.0,0.0,0.0,3709
A,Bonferroni,2,0.0,0.0,0.0,3709
A,Bonferroni,3,0.0,0.0,0.0,3709
A,Bonferroni,4,0.0,0.0,0.0,3709
A,Bonferroni,5,0.0,0.0,0.0,3709
A,Bonferroni,6,0.0145591803720679,0.0110541926696896,0.0183337833732366,3709
A,Bonferroni,7,0.0180641682394176,0.014019951224327,0.0229172278195619,3709
A,Bonferroni,8,0.0212995416554327,0.0167160965502262,0.0261526014655828,3709
A,Bonferroni,9,0.022377999460771,0.0177945531904697,0.0272310599684715,3709
A,Bonferroni,10,0.0234564572661094,0.0188730116933584,0.028309516608715,3709
A,Bonferroni,11,0.023726071717444,0.0191426258534193,0.0288487467914819,3709
A,Bonferroni,12,0.0239956861687786,0.0194122400134801,0.0291183609515428,3709
A,Bonferroni,13,0.0342410353194931,0.0288487467914819,0.040172554552555,3709
A,Bonferroni,14,0.0350498786734969,0.0293879751116037,0.0412510111927986,3709
A,Bonferroni,15,0.0366675653815044,0.0310056619346141,0.043138314038515,3709
A,Bonferroni,16,0.036937179832839,0.031275276094675,0.043138314038515,3709
A,Bonferroni,17,0.0380156376381774,0.0323537327349185,0.0442235110327601,3709
A,Bonferroni,18,0.038285252089512,0.0326233468949794,0.044493125192821,3709
A,Bonferroni,19,0.0385548665408465,0.0328929647803306,0.0450256131589412,3709
A,Bonferroni,20,0.0388244809921811,0.03315583858639,0.0452952273190021,3709
A,Bonferroni,21,0.0388244809921811,0.03315583858639,0.0452952273190021,3709
A,Bonferroni,22,0.0390940954435157,0.0334321931004524,0.045564841479063,3709
A,Bonferroni,23,0.0390940954435157,0.0334321931004524,0.045564841479063,3709
A,Bonferroni,24,0.0390940954435157,0.0334321931004524,0.045564841479063,3709
A,Bonferroni,25,0.0420598544081962,0.0363979525864124,0.0488002151250839,3709
A,Bonferroni,26,0.0428686977622,0.0369371809065341,0.0498786717653274,3709
A,Bonferroni,27,0.0431383122135346,0.0374764092266559,0.0498786717653274,3709
A,Bonferroni,28,0.0434079266648692,0.0377460233867168,0.0501482896506786,3709
A,Bonferroni,29,0.0436775411162038,0.0377460233867168,0.0504179038107395,3709
A,Bonferroni,30,0.0444863844702076,0.0385548658668994,0.0512267462909221,3709
A,Bonferroni,31,0.0458344567268805,0.0399029403924942,0.0528444312512874,3709
A,Bonferroni,32,0.0461040711782151,0.040172554552555,0.0531207857653498,3709
A,Bonferroni,33,0.0466433000808843,0.0407117828726768,0.0541992461308836,3709
A,Bonferroni,34,0.0474521434348881,0.0412510111927986,0.0550013482570648,3709
A,Bonferroni,35,0.048800215691561,0.0425923416391015,0.0563494190573692,3709
A,Bonferroni,36,0.0490698301428956,0.042599081993103,0.0566190332174301,3709
A,Bonferroni,37,0.0496090590455648,0.043138314038515,0.056888647377491,3709
A,Bonferroni,38,0.0506875168509032,0.0439471565186977,0.0582367219030857,3709
A,Bonferroni,39,0.0509571313022378,0.0442100303247571,0.0585130764171481,3709
A,Bonferroni,40,0.0509571313022378,0.0442100303247571,0.0585130764171481,3709
A,Bonferroni,41,0.0509571313022378,0.0442100303247571,0.0585130764171481,3709
A,Bonferroni,42,0.0512267457535723,0.0444863848388195,0.0590455643832683,3709
A,Bonferroni,43,0.0512267457535723,0.0444863848388195,0.0590455643832683,3709
A,Bonferroni,44,0.0514963602049069,0.0447559989988803,0.0593151785433292,3709
A,Bonferroni,45,0.0520355891075761,0.045564841479063,0.0595982734113931,3709
A,Bonferroni,46,0.0525748180102453,0.0458344556391239,0.0606632530689239,3709
A,Bonferroni,47,0.0528444324615799,0.0461040697991848,0.0606699934229254,3709
A,Bonferroni,48,0.0528444324615799,0.0461040697991848,0.0606699934229254,3709
A,Bonferroni,49,0.0544621191695874,0.0474521443247795,0.0617484500631689,3709
A,Bonferroni,50,0.054731733620922,0.0477217584848403,0.0620180642232298,3709
A,Bonferroni,51,0.0552709625235912,0.0482609868049621,0.062820166349411,3709
A,Bonferroni,52,0.056079805877595,0.0490698292851448,0.0636357491835951,3709
A,Bonferroni,53,0.0571582636829334,0.0498786717653274,0.064977079629898,3709
A,Bonferroni,54,0.0585063359396063,0.0512267462909221,0.0665947720408439,3709
A,Bonferroni,55,0.0595847937449447,0.052568076737225,0.0676732286810875,3709
A,Bonferroni,56,0.0609328660016176,0.0539228916168212,0.0690212994813919,3709
A,Bonferroni,57,0.0630897816122944,0.0558101907372474,0.0714478269219398,3709
A,Bonferroni,58,0.0641682394176327,0.0571515248157084,0.0725262910127639,3709
A,Bonferroni,59,0.0657859261256403,0.0582367219030857,0.0738811021670699,3709
A,Bonferroni,60,0.0660555405769749,0.0587692098692059,0.0744135901331901,3709
A,Bonferroni,61,0.0660555405769749,0.0587692098692059,0.0744135901331901,3709
A,Bonferroni,62,0.0660555405769749,0.0587692098692059,0.0744135901331901,3709
A,Bonferroni,63,0.0660555405769749,0.0587692098692059,0.0744135901331901,3709
A,Bonferroni,64,0.0660555405769749,0.0587692098692059,0.0744135901331901,3709
A,Bonferroni,65,0.0660555405769749,0.0587692098692059,0.0744135901331901,3709
A,Bonferroni,66,0.0660555405769749,0.0587692098692059,0.0744135901331901,3709
A,Bonferroni,67,0.0660555405769749,0.0587692098692059,0.0744135901331901,3709
A,Bonferroni,68,0.0660555405769749,0.0587692098692059,0.0744135901331901,3709
A,Bonferroni,69,0.0660555405769749,0.0587692098692059,0.0744135901331901,3709
A,Bonferroni,70,0.0660555405769749,0.0587692098692059,0.0744135901331901,3709
A,Bonferroni,71,0.0660555405769749,0.0587692098692059,0.0744135901331901,3709
A,Bonferroni,72,0.0660555405769749,0.0587692098692059,0.0744135901331901,3709
A,Bonferroni,73,0.0663251550283095,0.0587759502232074,0.074683204293251,3709
A,Bonferroni,74,0.0663251550283095,0.0587759502232074,0.074683204293251,3709
A,Bonferroni,75,0.0663251550283095,0.0587759502232074,0.074683204293251,3709
A,Bonferroni,76,0.0663251550283095,0.0587759502232074,0.074683204293251,3709
A,Bonferroni,77,0.0663251550283095,0.0587759502232074,0.074683204293251,3709
A,Bonferroni,78,0.0663251550283095,0.0587759502232074,0.074683204293251,3709
A,Bonferroni,79,0.0663251550283095,0.0587759502232074,0.074683204293251,3709
A,Bonferroni,80,0.0663251550283095,0.0587759502232074,0.074683204293251,3709
A,Bonferroni,81,0.0663251550283095,0.0587759502232074,0.074683204293251,3709
A,Bonferroni,82,0.0663251550283095,0.0587759502232074,0.074683204293251,3709
A,Bonferroni,83,0.0663251550283095,0.0587759502232074,0.074683204293251,3709
A,Bonferroni,84,0.0663251550283095,0.0587759502232074,0.074683204293251,3709
A,Bonferroni,85,0.0663251550283095,0.0587759502232074,0.074683204293251,3709
A,Bonferroni,86,0.0663251550283095,0.0587759502232074,0.074683204293251,3709
A,Bonferroni,87,0.0663251550283095,0.0587759502232074,0.074683204293251,3709
A,Bonferroni,88,0.0663251550283095,0.0587759502232074,0.074683204293251,3709
A,Bonferroni,89,0.0663251550283095,0.0587759502232074,0.074683204293251,3709
A,Bonferroni,90,0.0663251550283095,0.0587759502232074,0.074683204293251,3709
A,Bonferroni,91,0.0663251550283095,0.0587759502232074,0.074683204293251,3709
A,Bonferroni,92,0.0663251550283095,0.0587759502232074,0.074683204293251,3709
A,Bonferroni,93,0.0663251550283095,0.0587759502232074,0.074683204293251,3709
A,Bonferroni,94,0.0663251550283095,0.0587759502232074,0.074683204293251,3709
A,Bonferroni,95,0.0663251550283095,0.0587759502232074,0.074683204293251,3709
A,Bonferroni,96,0.0663251550283095,0.0587759502232074,0.074683204293251,3709
A,Bonferroni,97,0.0663251550283095,0.0587759502232074,0.074683204293251,3709
A,Bonferroni,98,0.0663251550283095,0.0587759502232074,0.074683204293251,3709
A,Bonferroni,99,0.0663251550283095,0.0587759502232074,0.074683204293251,3709
A,Bonferroni,100,0.0663251550283095,0.0587759502232074,0.074683204293251,3709
A,Bonferroni,101,0.0663251550283095,0.0587759502232074,0.074683204293251,3709
A,Bonferroni,102,0.0663251550283095,0.0587759502232074,0.074683204293251,3709
A,Bonferroni,103,0.0663251550283095,0.0587759502232074,0.074683204293251,3709
A,Bonferroni,104,0.0663251550283095,0.0587759502232074,0.074683204293251,3709
A,Bonferroni,105,0.0663251550283095,0.0587759502232074,0.074683204293251,3709
A,Bonferroni,106,0.0663251550283095,0.0587759502232074,0.074683204293251,3709
A,Bonferroni,107,0.0663251550283095,0.0587759502232074,0.074683204293251,3709
A,Bonferroni,108,0.0663251550283095,0.0587759502232074,0.074683204293251,3709
A,Bonferroni,109,0.0663251550283095,0.0587759502232074,0.074683204293251,3709
A,Bonferroni,110,0.0663251550283095,0.0587759502232074,0.074683204293251,3709
A,Bonferroni,111,0.0663251550283095,0.0587759502232074,0.074683204293251,3709
A,Bonferroni,112,0.0663251550283095,0.0587759502232074,0.074683204293251,3709
A,Bonferroni,113,0.0663251550283095,0.0587759502232074,0.074683204293251,3709
A,Bonferroni,114,0.0663251550283095,0.0587759502232074,0.074683204293251,3709
A,Bonferroni,115,0.0663251550283095,0.0587759502232074,0.074683204293251,3709
A,Bonferroni,116,0.0663251550283095,0.0587759502232074,0.074683204293251,3709
A,Bonferroni,117,0.0663251550283095,0.0587759502232074,0.074683204293251,3709
A,Bonferroni,118,0.0663251550283095,0.0587759502232074,0.074683204293251,3709
A,Bonferroni,119,0.0663251550283095,0.0587759502232074,0.074683204293251,3709
A,Bonferroni,120,0.0663251550283095,0.0587759502232074,0.074683204293251,3709
A,Bonferroni,121,0.0663251550283095,0.0587759502232074,0.074683204293251,3709
A,Bonferroni,122,0.0663251550283095,0.0587759502232074,0.074683204293251,3709
A,Bonferroni,123,0.0663251550283095,0.0587759502232074,0.074683204293251,3709
A,Bonferroni,124,0.0663251550283095,0.0587759502232074,0.074683204293251,3709
A,Bonferroni,125,0.0663251550283095,0.0587759502232074,0.074683204293251,3709
A,Bonferroni,126,0.0663251550283095,0.0587759502232074,0.074683204293251,3709
A,Bonferroni,127,0.0663251550283095,0.0587759502232074,0.074683204293251,3709
A,Bonferroni,128,0.0663251550283095,0.0587759502232074,0.074683204293251,3709
A,Bonferroni,129,0.0663251550283095,0.0587759502232074,0.074683204293251,3709
A,Bonferroni,130,0.0663251550283095,0.0587759502232074,0.074683204293251,3709
A,Bonferroni,131,0.0663251550283095,0.0587759502232074,0.074683204293251,3709
A,Bonferroni,132,0.0663251550283095,0.0587759502232074,0.074683204293251,3709
A,Bonferroni,133,0.0663251550283095,0.0587759502232074,0.074683204293251,3709
A,Bonferroni,134,0.0663251550283095,0.0587759502232074,0.074683204293251,3709
A,Bonferroni,135,0.0663251550283095,0.0587759502232074,0.074683204293251,3709
A,Bonferroni,136,0.0663251550283095,0.0587759502232074,0.074683204293251,3709
A,Bonferroni,137,0.0663251550283095,0.0587759502232074,0.074683204293251,3709
A,Bonferroni,138,0.0663251550283095,0.0587759502232074,0.074683204293251,3709
A,Bonferroni,139,0.0663251550283095,0.0587759502232074,0.074683204293251,3709
A,Bonferroni,140,0.0663251550283095,0.0587759502232074,0.074683204293251,3709
A,Bonferroni,141,0.0663251550283095,0.0587759502232074,0.074683204293251,3709
A,Bonferroni,142,0.0663251550283095,0.0587759502232074,0.074683204293251,3709
A,Bonferroni,143,0.0663251550283095,0.0587759502232074,0.074683204293251,3709
A,Bonferroni,144,0.0663251550283095,0.0587759502232074,0.074683204293251,3709
A,Bonferroni,145,0.0663251550283095,0.0587759502232074,0.074683204293251,3709
A,Bonferroni,146,0.0663251550283095,0.0587759502232074,0.074683204293251,3709
A,Bonferroni,147,0.0663251550283095,0.0587759502232074,0.074683204293251,3709
A,Bonferroni,148,0.0663251550283095,0.0587759502232074,0.074683204293251,3709
A,Bonferroni,149,0.0663251550283095,0.0587759502232074,0.074683204293251,3709
A,Bonferroni,150,0.0663251550283095,0.0587759502232074,0.074683204293251,3709
A,Bonferroni,151,0.0663251550283095,0.0587759502232074,0.074683204293251,3709
A,Bonferroni,152,0.0663251550283095,0.0587759502232074,0.074683204293251,3709
A,Bonferroni,153,0.0663251550283095,0.0587759502232074,0.074683204293251,3709
A,Bonferroni,154,0.0663251550283095,0.0587759502232074,0.074683204293251,3709
A,Bonferroni,155,0.0663251550283095,0.0587759502232074,0.074683204293251,3709
A,Bonferroni,156,0.0663251550283095,0.0587759502232074,0.074683204293251,3709
A,Bonferroni,157,0.0663251550283095,0.0587759502232074,0.074683204293251,3709
A,Bonferroni,158,0.0663251550283095,0.0587759502232074,0.074683204293251,3709
A,Bonferroni,159,0.0663251550283095,0.0587759502232074,0.074683204293251,3709
A,Bonferroni,160,0.0663251550283095,0.0587759502232074,0.074683204293251,3709
A,Bonferroni,161,0.0663251550283095,0.0587759502232074,0.074683204293251,3709
A,Bonferroni,162,0.0663251550283095,0.0587759502232074,0.074683204293251,3709
A,Bonferroni,163,0.0663251550283095,0.0587759502232074,0.074683204293251,3709
A,Bonferroni,164,0.0663251550283095,0.0587759502232074,0.074683204293251,3709
A,Bonferroni,165,0.0663251550283095,0.0587759502232074,0.074683204293251,3709
A,Bonferroni,166,0.0663251550283095,0.0587759502232074,0.074683204293251,3709
A,Bonferroni,167,0.0663251550283095,0.0587759502232074,0.074683204293251,3709
A,Bonferroni,168,0.0663251550283095,0.0587759502232074,0.074683204293251,3709
A,PaFAR-F,1,0.0,0.0,0.0,3709
A,PaFAR-F,2,0.0,0.0,0.0,3709
A,PaFAR-F,3,0.0,0.0,0.0,3709
A,PaFAR-F,4,0.0,0.0,0.0,3709
A,PaFAR-F,5,0.0,0.0,0.0,3709
A,PaFAR-F,6,0.0644378538689673,0.056888647377491,0.0725262910127639,3709
A,PaFAR-F,7,0.0789970342410353,0.070908598601818,0.0873550847172737,3709
A,PaFAR-F,8,0.0887031544890806,0.0798058807849884,0.0978700444102287,3709
A,PaFAR-F,9,0.0913992990024265,0.0822324082255363,0.1003033196553587,3709
A,PaFAR-F,10,0.0938258290644378,0.0849218094721436,0.1027298470959067,3709
A,PaFAR-F,11,0.0951739013211108,0.0862698875367641,0.1043407917022705,3709
A,PaFAR-F,12,0.0976004313831221,0.0884335413575172,0.1067673191428184,3709
A,PaFAR-F,13,0.0976004313831221,0.0884335413575172,0.1067673191428184,3709
A,PaFAR-F,14,0.0981396602857913,0.088972769677639,0.1070369407534599,3709
A,PaFAR-F,15,0.0981396602857913,0.088972769677639,0.1070369407534599,3709
A,PaFAR-F,16,0.0989485036397951,0.0897816121578216,0.1081153973937034,3709
A,PaFAR-F,17,0.0992181180911296,0.0900512263178825,0.1083850115537643,3709
A,PaFAR-F,18,0.1000269614451334,0.0908600687980651,0.1089242398738861,3709
A,PaFAR-F,19,0.100296575896468,0.091129682958126,0.1091938540339469,3709
A,PaFAR-F,20,0.100296575896468,0.091129682958126,0.1091938540339469,3709
A,PaFAR-F,21,0.1005661903478026,0.0913992971181869,0.1094702085480093,3709
A,PaFAR-F,22,0.1005661903478026,0.0913992971181869,0.1094702085480093,3709
A,PaFAR-F,23,0.1005661903478026,0.0913992971181869,0.1094702085480093,3709
A,PaFAR-F,24,0.1005661903478026,0.0913992971181869,0.1094702085480093,3709
A,PaFAR-F,25,0.1005661903478026,0.0913992971181869,0.1094702085480093,3709
A,PaFAR-F,26,0.1005661903478026,0.0913992971181869,0.1094702085480093,3709
A,PaFAR-F,27,0.1005661903478026,0.0913992971181869,0.1094702085480093,3709
A,PaFAR-F,28,0.1005661903478026,0.0913992971181869,0.1094702085480093,3709
A,PaFAR-F,29,0.1005661903478026,0.0913992971181869,0.1094702085480093,3709
A,PaFAR-F,30,0.1005661903478026,0.0913992971181869,0.1094702085480093,3709
A,PaFAR-F,31,0.1005661903478026,0.0913992971181869,0.1094702085480093,3709
A,PaFAR-F,32,0.1005661903478026,0.0913992971181869,0.1094702085480093,3709
A,PaFAR-F,33,0.1005661903478026,0.0913992971181869,0.1094702085480093,3709
A,PaFAR-F,34,0.1005661903478026,0.0913992971181869,0.1094702085480093,3709
A,PaFAR-F,35,0.1005661903478026,0.0913992971181869,0.1094702085480093,3709
A,PaFAR-F,36,0.1005661903478026,0.0913992971181869,0.1094702085480093,3709
A,PaFAR-F,37,0.1005661903478026,0.0913992971181869,0.1094702085480093,3709
A,PaFAR-F,38,0.1005661903478026,0.0913992971181869,0.1094702085480093,3709
A,PaFAR-F,39,0.1008358047991372,0.0916621709242463,0.1100094368681311,3709
A,PaFAR-F,40,0.1008358047991372,0.0916621709242463,0.1100094368681311,3709
A,PaFAR-F,41,0.1008358047991372,0.0916621709242463,0.1100094368681311,3709
A,PaFAR-F,42,0.1008358047991372,0.0916621709242463,0.1100094368681311,3709
A,PaFAR-F,43,0.1013750337018064,0.0919385254383087,0.1105419248342514,3709
A,PaFAR-F,44,0.1013750337018064,0.0919385254383087,0.1105419248342514,3709
A,PaFAR-F,45,0.1013750337018064,0.0919385254383087,0.1105419248342514,3709
A,PaFAR-F,46,0.1013750337018064,0.0919385254383087,0.1105419248342514,3709
A,PaFAR-F,47,0.1013750337018064,0.0919385254383087,0.1105419248342514,3709
A,PaFAR-F,48,0.1013750337018064,0.0919385254383087,0.1105419248342514,3709
A,PaFAR-F,49,0.1013750337018064,0.0919385254383087,0.1105419248342514,3709
A,PaFAR-F,50,0.1013750337018064,0.0919385254383087,0.1105419248342514,3709
A,PaFAR-F,51,0.1013750337018064,0.0919385254383087,0.1105419248342514,3709
A,PaFAR-F,52,0.1013750337018064,0.0919385254383087,0.1105419248342514,3709
A,PaFAR-F,53,0.101644648153141,0.0927406275644898,0.1108115389943122,3709
A,PaFAR-F,54,0.101644648153141,0.0927406275644898,0.1108115389943122,3709
A,PaFAR-F,55,0.101644648153141,0.0927406275644898,0.1108115389943122,3709
A,PaFAR-F,56,0.101644648153141,0.0927406275644898,0.1108115389943122,3709
A,PaFAR-F,57,0.1021838770558102,0.0930169820785522,0.1116203814744949,3709
A,PaFAR-F,58,0.1027231059584793,0.0935562178492546,0.1121596097946167,3709
A,PaFAR-F,59,0.1032623348611485,0.0940954461693763,0.1127055784687399,3709
A,PaFAR-F,60,0.1032623348611485,0.0940954461693763,0.1127055784687399,3709
A,PaFAR-F,61,0.1032623348611485,0.0940954461693763,0.1127055784687399,3709
A,PaFAR-F,62,0.1032623348611485,0.0940954461693763,0.1127055784687399,3709
A,PaFAR-F,63,0.1035319493124831,0.0946279341354966,0.1129684522747993,3709
A,PaFAR-F,64,0.1035319493124831,0.0946279341354966,0.1129684522747993,3709
A,PaFAR-F,65,0.1035319493124831,0.0946279341354966,0.1129684522747993,3709
A,PaFAR-F,66,0.1035319493124831,0.0946279341354966,0.1129684522747993,3709
A,PaFAR-F,67,0.1035319493124831,0.0946279341354966,0.1129684522747993,3709
A,PaFAR-F,68,0.1035319493124831,0.0946279341354966,0.1129684522747993,3709
A,PaFAR-F,69,0.1035319493124831,0.0946279341354966,0.1129684522747993,3709
A,PaFAR-F,70,0.1035319493124831,0.0946279341354966,0.1129684522747993,3709
A,PaFAR-F,71,0.1035319493124831,0.0946279341354966,0.1129684522747993,3709
A,PaFAR-F,72,0.1035319493124831,0.0946279341354966,0.1129684522747993,3709
A,PaFAR-F,73,0.1035319493124831,0.0946279341354966,0.1129684522747993,3709
A,PaFAR-F,74,0.1035319493124831,0.0946279341354966,0.1129684522747993,3709
A,PaFAR-F,75,0.1035319493124831,0.0946279341354966,0.1129684522747993,3709
A,PaFAR-F,76,0.1035319493124831,0.0946279341354966,0.1129684522747993,3709
A,PaFAR-F,77,0.1035319493124831,0.0946279341354966,0.1129684522747993,3709
A,PaFAR-F,78,0.1035319493124831,0.0946279341354966,0.1129684522747993,3709
A,PaFAR-F,79,0.1035319493124831,0.0946279341354966,0.1129684522747993,3709
A,PaFAR-F,80,0.1035319493124831,0.0946279341354966,0.1129684522747993,3709
A,PaFAR-F,81,0.1035319493124831,0.0946279341354966,0.1129684522747993,3709
A,PaFAR-F,82,0.1035319493124831,0.0946279341354966,0.1129684522747993,3709
A,PaFAR-F,83,0.1035319493124831,0.0946279341354966,0.1129684522747993,3709
A,PaFAR-F,84,0.1035319493124831,0.0946279341354966,0.1129684522747993,3709
A,PaFAR-F,85,0.1035319493124831,0.0946279341354966,0.1129684522747993,3709
A,PaFAR-F,86,0.1035319493124831,0.0946279341354966,0.1129684522747993,3709
A,PaFAR-F,87,0.1035319493124831,0.0946279341354966,0.1129684522747993,3709
A,PaFAR-F,88,0.1035319493124831,0.0946279341354966,0.1129684522747993,3709
A,PaFAR-F,89,0.1035319493124831,0.0946279341354966,0.1129684522747993,3709
A,PaFAR-F,90,0.1035319493124831,0.0946279341354966,0.1129684522747993,3709
A,PaFAR-F,91,0.1035319493124831,0.0946279341354966,0.1129684522747993,3709
A,PaFAR-F,92,0.1035319493124831,0.0946279341354966,0.1129684522747993,3709
A,PaFAR-F,93,0.1035319493124831,0.0946279341354966,0.1129684522747993,3709
A,PaFAR-F,94,0.1035319493124831,0.0946279341354966,0.1129684522747993,3709
A,PaFAR-F,95,0.1035319493124831,0.0946279341354966,0.1129684522747993,3709
A,PaFAR-F,96,0.1035319493124831,0.0946279341354966,0.1129684522747993,3709
A,PaFAR-F,97,0.1035319493124831,0.0946279341354966,0.1129684522747993,3709
A,PaFAR-F,98,0.1035319493124831,0.0946279341354966,0.1129684522747993,3709
A,PaFAR-F,99,0.1035319493124831,0.0946279341354966,0.1129684522747993,3709
A,PaFAR-F,100,0.1035319493124831,0.0946279341354966,0.1129684522747993,3709
A,PaFAR-F,101,0.1035319493124831,0.0946279341354966,0.1129684522747993,3709
A,PaFAR-F,102,0.1035319493124831,0.0946279341354966,0.1129684522747993,3709
A,PaFAR-F,103,0.1035319493124831,0.0946279341354966,0.1129684522747993,3709
A,PaFAR-F,104,0.1035319493124831,0.0946279341354966,0.1129684522747993,3709
A,PaFAR-F,105,0.1035319493124831,0.0946279341354966,0.1129684522747993,3709
A,PaFAR-F,106,0.1035319493124831,0.0946279341354966,0.1129684522747993,3709
A,PaFAR-F,107,0.1035319493124831,0.0946279341354966,0.1129684522747993,3709
A,PaFAR-F,108,0.1035319493124831,0.0946279341354966,0.1129684522747993,3709
A,PaFAR-F,109,0.1035319493124831,0.0946279341354966,0.1129684522747993,3709
A,PaFAR-F,110,0.1035319493124831,0.0946279341354966,0.1129684522747993,3709
A,PaFAR-F,111,0.1035319493124831,0.0946279341354966,0.1129684522747993,3709
A,PaFAR-F,112,0.1035319493124831,0.0946279341354966,0.1129684522747993,3709
A,PaFAR-F,113,0.1035319493124831,0.0946279341354966,0.1129684522747993,3709
A,PaFAR-F,114,0.1035319493124831,0.0946279341354966,0.1129684522747993,3709
A,PaFAR-F,115,0.1035319493124831,0.0946279341354966,0.1129684522747993,3709
A,PaFAR-F,116,0.1035319493124831,0.0946279341354966,0.1129684522747993,3709
A,PaFAR-F,117,0.1035319493124831,0.0946279341354966,0.1129684522747993,3709
A,PaFAR-F,118,0.1035319493124831,0.0946279341354966,0.1129684522747993,3709
A,PaFAR-F,119,0.1035319493124831,0.0946279341354966,0.1129684522747993,3709
A,PaFAR-F,120,0.1035319493124831,0.0946279341354966,0.1129684522747993,3709
A,PaFAR-F,121,0.1035319493124831,0.0946279341354966,0.1129684522747993,3709
A,PaFAR-F,122,0.1035319493124831,0.0946279341354966,0.1129684522747993,3709
A,PaFAR-F,123,0.1035319493124831,0.0946279341354966,0.1129684522747993,3709
A,PaFAR-F,124,0.1035319493124831,0.0946279341354966,0.1129684522747993,3709
A,PaFAR-F,125,0.1035319493124831,0.0946279341354966,0.1129684522747993,3709
A,PaFAR-F,126,0.1035319493124831,0.0946279341354966,0.1129684522747993,3709
A,PaFAR-F,127,0.1035319493124831,0.0946279341354966,0.1129684522747993,3709
A,PaFAR-F,128,0.1035319493124831,0.0946279341354966,0.1129684522747993,3709
A,PaFAR-F,129,0.1035319493124831,0.0946279341354966,0.1129684522747993,3709
A,PaFAR-F,130,0.1035319493124831,0.0946279341354966,0.1129684522747993,3709
A,PaFAR-F,131,0.1035319493124831,0.0946279341354966,0.1129684522747993,3709
A,PaFAR-F,132,0.1035319493124831,0.0946279341354966,0.1129684522747993,3709
A,PaFAR-F,133,0.1035319493124831,0.0946279341354966,0.1129684522747993,3709
A,PaFAR-F,134,0.1035319493124831,0.0946279341354966,0.1129684522747993,3709
A,PaFAR-F,135,0.1035319493124831,0.0946279341354966,0.1129684522747993,3709
A,PaFAR-F,136,0.1035319493124831,0.0946279341354966,0.1129684522747993,3709
A,PaFAR-F,137,0.1035319493124831,0.0946279341354966,0.1129684522747993,3709
A,PaFAR-F,138,0.1035319493124831,0.0946279341354966,0.1129684522747993,3709
A,PaFAR-F,139,0.1035319493124831,0.0946279341354966,0.1129684522747993,3709
A,PaFAR-F,140,0.1035319493124831,0.0946279341354966,0.1129684522747993,3709
A,PaFAR-F,141,0.1035319493124831,0.0946279341354966,0.1129684522747993,3709
A,PaFAR-F,142,0.1035319493124831,0.0946279341354966,0.1129684522747993,3709
A,PaFAR-F,143,0.1035319493124831,0.0946279341354966,0.1129684522747993,3709
A,PaFAR-F,144,0.1035319493124831,0.0946279341354966,0.1129684522747993,3709
A,PaFAR-F,145,0.1035319493124831,0.0946279341354966,0.1129684522747993,3709
A,PaFAR-F,146,0.1035319493124831,0.0946279341354966,0.1129684522747993,3709
A,PaFAR-F,147,0.1035319493124831,0.0946279341354966,0.1129684522747993,3709
A,PaFAR-F,148,0.1035319493124831,0.0946279341354966,0.1129684522747993,3709
A,PaFAR-F,149,0.1035319493124831,0.0946279341354966,0.1129684522747993,3709
A,PaFAR-F,150,0.1035319493124831,0.0946279341354966,0.1129684522747993,3709
A,PaFAR-F,151,0.1035319493124831,0.0946279341354966,0.1129684522747993,3709
A,PaFAR-F,152,0.1035319493124831,0.0946279341354966,0.1129684522747993,3709
A,PaFAR-F,153,0.1035319493124831,0.0946279341354966,0.1129684522747993,3709
A,PaFAR-F,154,0.1035319493124831,0.0946279341354966,0.1129684522747993,3709
A,PaFAR-F,155,0.1035319493124831,0.0946279341354966,0.1129684522747993,3709
A,PaFAR-F,156,0.1035319493124831,0.0946279341354966,0.1129684522747993,3709
A,PaFAR-F,157,0.1035319493124831,0.0946279341354966,0.1129684522747993,3709
A,PaFAR-F,158,0.1035319493124831,0.0946279341354966,0.1129684522747993,3709
A,PaFAR-F,159,0.1035319493124831,0.0946279341354966,0.1129684522747993,3709
A,PaFAR-F,160,0.1035319493124831,0.0946279341354966,0.1129684522747993,3709
A,PaFAR-F,161,0.1035319493124831,0.0946279341354966,0.1129684522747993,3709
A,PaFAR-F,162,0.1035319493124831,0.0946279341354966,0.1129684522747993,3709
A,PaFAR-F,163,0.1035319493124831,0.0946279341354966,0.1129684522747993,3709
A,PaFAR-F,164,0.1035319493124831,0.0946279341354966,0.1129684522747993,3709
A,PaFAR-F,165,0.1035319493124831,0.0946279341354966,0.1129684522747993,3709
A,PaFAR-F,166,0.1035319493124831,0.0946279341354966,0.1129684522747993,3709
A,PaFAR-F,167,0.1035319493124831,0.0946279341354966,0.1129684522747993,3709
A,PaFAR-F,168,0.1035319493124831,0.0946279341354966,0.1129684522747993,3709
A,PaFAR-T,1,0.0,0.0,0.0,3709
A,PaFAR-T,2,0.0,0.0,0.0,3709
A,PaFAR-T,3,0.0,0.0,0.0,3709
A,PaFAR-T,4,0.0,0.0,0.0,3709
A,PaFAR-T,5,0.0,0.0,0.0,3709
A,PaFAR-T,6,0.0091668913453761,0.0061943918466568,0.0124022644013166,3709
A,PaFAR-T,7,0.0121326503100566,0.0086276624351739,0.0159072522073984,3709
A,PaFAR-T,8,0.0124022647613912,0.0088972765952348,0.0161836067680269,3709
A,PaFAR-T,9,0.0126718792127258,0.0091668916866183,0.0164464823901653,3709
A,PaFAR-T,10,0.0132111081153949,0.0094365058466792,0.0172553248703479,3709
A,PaFAR-T,11,0.0134807225667295,0.00970612000674,0.0175249390304088,3709
A,PaFAR-T,12,0.0137503370180641,0.0099757350981235,0.0177945531904697,3709
A,PaFAR-T,13,0.0601240226476139,0.052568076737225,0.067679969035089,3709
A,PaFAR-T,14,0.0636290105149636,0.0558101907372474,0.0717174410820007,3709
A,PaFAR-T,15,0.0657859261256403,0.0582299815490841,0.073611488007009,3709
A,PaFAR-T,16,0.067942841736317,0.0601240210235118,0.0760312750935554,3709
A,PaFAR-T,17,0.0690212995416554,0.0611957410350441,0.0771097317337989,3709
A,PaFAR-T,18,0.0703693717983283,0.0622809380292892,0.0787341570481657,3709
A,PaFAR-T,19,0.0714478296036667,0.0633593946695327,0.0798058807849884,3709
A,PaFAR-T,20,0.0725262874090051,0.0647074654698371,0.0808910777792334,3709
A,PaFAR-T,21,0.0733351307630088,0.0652466937899589,0.0816999202594161,3709
A,PaFAR-T,22,0.0736047452143434,0.0657859295606613,0.0822324082255363,3709
A,PaFAR-T,23,0.0736047452143434,0.0657859295606613,0.0822324082255363,3709
A,PaFAR-T,24,0.0736047452143434,0.0657859295606613,0.0822324082255363,3709
A,PaFAR-T,25,0.0833108654623887,0.0744135901331901,0.0924777537584304,3709
A,PaFAR-T,26,0.0841197088163925,0.0752224326133728,0.0932866036891937,3709
A,PaFAR-T,27,0.0849285521703963,0.0762941488996148,0.093832572363317,3709
A,PaFAR-T,28,0.0868158533297384,0.0779185742139816,0.095989485643804,3709
A,PaFAR-T,29,0.0887031544890806,0.0798058807849884,0.0981396585702896,3709
A,PaFAR-T,30,0.0900512267457535,0.0811472112312912,0.1000269651412963,3709
A,PaFAR-T,31,0.0916689134537611,0.0822324082255363,0.1016446501016616,3709
A,PaFAR-T,32,0.0940954435157724,0.0849285498261451,0.1038083037361502,3709
A,PaFAR-T,33,0.0957131302237799,0.0868091160431504,0.105419248342514,3709
A,PaFAR-T,34,0.0967915880291183,0.0873550847172737,0.1067673191428184,3709
A,PaFAR-T,35,0.0984092747371259,0.088972769677639,0.1086613660678267,3709
A,PaFAR-T,36,0.0994877325424642,0.0900512263178825,0.1100026965141296,3709
A,PaFAR-T,37,0.0997573469937988,0.0903208404779434,0.1102723106741905,3709
A,PaFAR-T,38,0.1005661903478026,0.0911229426041245,0.1108182793483138,3709
A,PaFAR-T,39,0.1005661903478026,0.0911229426041245,0.1108182793483138,3709
A,PaFAR-T,40,0.101644648153141,0.0922081395983696,0.1118899956345558,3709
A,PaFAR-T,41,0.1021838770558102,0.0927473679184913,0.1126988381147384,3709
A,PaFAR-T,42,0.1029927204098139,0.0932866036891937,0.1135076805949211,3709
A,PaFAR-T,43,0.1046104071178215,0.0948975482955575,0.1153949871659278,3709
A,PaFAR-T,44,0.106228093825829,0.0965152332559227,0.1167430579662323,3709
A,PaFAR-T,45,0.1067673227284982,0.0967915877699852,0.1175519004464149,3709
A,PaFAR-T,46,0.107576166082502,0.0973308160901069,0.1183607429265976,3709
A,PaFAR-T,47,0.1081153949851712,0.098132918216288,0.1188999712467193,3709
A,PaFAR-T,48,0.1086546238878403,0.0984092727303505,0.1194391995668411,3709
A,PaFAR-T,49,0.1086546238878403,0.0984092727303505,0.1194391995668411,3709
A,PaFAR-T,50,0.1086546238878403,0.0984092727303505,0.1194391995668411,3709
A,PaFAR-T,51,0.1086546238878403,0.0984092727303505,0.1194391995668411,3709
A,PaFAR-T,52,0.1086546238878403,0.0984092727303505,0.1194391995668411,3709
A,PaFAR-T,53,0.1086546238878403,0.0984092727303505,0.1194391995668411,3709
A,PaFAR-T,54,0.1086546238878403,0.0984092727303505,0.1194391995668411,3709
A,PaFAR-T,55,0.1086546238878403,0.0984092727303505,0.1194391995668411,3709
A,PaFAR-T,56,0.1086546238878403,0.0984092727303505,0.1194391995668411,3709
A,PaFAR-T,57,0.1086546238878403,0.0984092727303505,0.1194391995668411,3709
A,PaFAR-T,58,0.1091938527905095,0.0989485010504722,0.1199784278869628,3709
A,PaFAR-T,59,0.1091938527905095,0.0989485010504722,0.1199784278869628,3709
A,PaFAR-T,60,0.1091938527905095,0.0989485010504722,0.1199784278869628,3709
A,PaFAR-T,61,0.1091938527905095,0.0989485010504722,0.1199784278869628,3709
A,PaFAR-T,62,0.1094634672418441,0.0992181152105331,0.1199851682409644,3709
A,PaFAR-T,63,0.1094634672418441,0.0992181152105331,0.1199851682409644,3709
A,PaFAR-T,64,0.1094634672418441,0.0992181152105331,0.1199851682409644,3709
A,PaFAR-T,65,0.1094634672418441,0.0992181152105331,0.1199851682409644,3709
A,PaFAR-T,66,0.1094634672418441,0.0992181152105331,0.1199851682409644,3709
A,PaFAR-T,67,0.1094634672418441,0.0992181152105331,0.1199851682409644,3709
A,PaFAR-T,68,0.1094634672418441,0.0992181152105331,0.1199851682409644,3709
A,PaFAR-T,69,0.1094634672418441,0.0992181152105331,0.1199851682409644,3709
A,PaFAR-T,70,0.1094634672418441,0.0992181152105331,0.1199851682409644,3709
A,PaFAR-T,71,0.1094634672418441,0.0992181152105331,0.1199851682409644,3709
A,PaFAR-T,72,0.1094634672418441,0.0992181152105331,0.1199851682409644,3709
A,PaFAR-T,73,0.1094634672418441,0.0992181152105331,0.1199851682409644,3709
A,PaFAR-T,74,0.1094634672418441,0.0992181152105331,0.1199851682409644,3709
A,PaFAR-T,75,0.1094634672418441,0.0992181152105331,0.1199851682409644,3709
A,PaFAR-T,76,0.1094634672418441,0.0992181152105331,0.1199851682409644,3709
A,PaFAR-T,77,0.1094634672418441,0.0992181152105331,0.1199851682409644,3709
A,PaFAR-T,78,0.1094634672418441,0.0992181152105331,0.1199851682409644,3709
A,PaFAR-T,79,0.1094634672418441,0.0992181152105331,0.1199851682409644,3709
A,PaFAR-T,80,0.1094634672418441,0.0992181152105331,0.1199851682409644,3709
A,PaFAR-T,81,0.1094634672418441,0.0992181152105331,0.1199851682409644,3709
A,PaFAR-T,82,0.1094634672418441,0.0992181152105331,0.1199851682409644,3709
A,PaFAR-T,83,0.1094634672418441,0.0992181152105331,0.1199851682409644,3709
A,PaFAR-T,84,0.1094634672418441,0.0992181152105331,0.1199851682409644,3709
A,PaFAR-T,85,0.1094634672418441,0.0992181152105331,0.1199851682409644,3709
A,PaFAR-T,86,0.1094634672418441,0.0992181152105331,0.1199851682409644,3709
A,PaFAR-T,87,0.1094634672418441,0.0992181152105331,0.1199851682409644,3709
A,PaFAR-T,88,0.1094634672418441,0.0992181152105331,0.1199851682409644,3709
A,PaFAR-T,89,0.1094634672418441,0.0992181152105331,0.1199851682409644,3709
A,PaFAR-T,90,0.1094634672418441,0.0992181152105331,0.1199851682409644,3709
A,PaFAR-T,91,0.1094634672418441,0.0992181152105331,0.1199851682409644,3709
A,PaFAR-T,92,0.1094634672418441,0.0992181152105331,0.1199851682409644,3709
A,PaFAR-T,93,0.1094634672418441,0.0992181152105331,0.1199851682409644,3709
A,PaFAR-T,94,0.1094634672418441,0.0992181152105331,0.1199851682409644,3709
A,PaFAR-T,95,0.1094634672418441,0.0992181152105331,0.1199851682409644,3709
A,PaFAR-T,96,0.1094634672418441,0.0992181152105331,0.1199851682409644,3709
A,PaFAR-T,97,0.1094634672418441,0.0992181152105331,0.1199851682409644,3709
A,PaFAR-T,98,0.1094634672418441,0.0992181152105331,0.1199851682409644,3709
A,PaFAR-T,99,0.1094634672418441,0.0992181152105331,0.1199851682409644,3709
A,PaFAR-T,100,0.1094634672418441,0.0992181152105331,0.1199851682409644,3709
A,PaFAR-T,101,0.1094634672418441,0.0992181152105331,0.1199851682409644,3709
A,PaFAR-T,102,0.1094634672418441,0.0992181152105331,0.1199851682409644,3709
A,PaFAR-T,103,0.1094634672418441,0.0992181152105331,0.1199851682409644,3709
A,PaFAR-T,104,0.1094634672418441,0.0992181152105331,0.1199851682409644,3709
A,PaFAR-T,105,0.1094634672418441,0.0992181152105331,0.1199851682409644,3709
A,PaFAR-T,106,0.1094634672418441,0.0992181152105331,0.1199851682409644,3709
A,PaFAR-T,107,0.1094634672418441,0.0992181152105331,0.1199851682409644,3709
A,PaFAR-T,108,0.1094634672418441,0.0992181152105331,0.1199851682409644,3709
A,PaFAR-T,109,0.1094634672418441,0.0992181152105331,0.1199851682409644,3709
A,PaFAR-T,110,0.1094634672418441,0.0992181152105331,0.1199851682409644,3709
A,PaFAR-T,111,0.1094634672418441,0.0992181152105331,0.1199851682409644,3709
A,PaFAR-T,112,0.1094634672418441,0.0992181152105331,0.1199851682409644,3709
A,PaFAR-T,113,0.1094634672418441,0.0992181152105331,0.1199851682409644,3709
A,PaFAR-T,114,0.1094634672418441,0.0992181152105331,0.1199851682409644,3709
A,PaFAR-T,115,0.1094634672418441,0.0992181152105331,0.1199851682409644,3709
A,PaFAR-T,116,0.1094634672418441,0.0992181152105331,0.1199851682409644,3709
A,PaFAR-T,117,0.1094634672418441,0.0992181152105331,0.1199851682409644,3709
A,PaFAR-T,118,0.1094634672418441,0.0992181152105331,0.1199851682409644,3709
A,PaFAR-T,119,0.1094634672418441,0.0992181152105331,0.1199851682409644,3709
A,PaFAR-T,120,0.1094634672418441,0.0992181152105331,0.1199851682409644,3709
A,PaFAR-T,121,0.1094634672418441,0.0992181152105331,0.1199851682409644,3709
A,PaFAR-T,122,0.1094634672418441,0.0992181152105331,0.1199851682409644,3709
A,PaFAR-T,123,0.1094634672418441,0.0992181152105331,0.1199851682409644,3709
A,PaFAR-T,124,0.1094634672418441,0.0992181152105331,0.1199851682409644,3709
A,PaFAR-T,125,0.1094634672418441,0.0992181152105331,0.1199851682409644,3709
A,PaFAR-T,126,0.1094634672418441,0.0992181152105331,0.1199851682409644,3709
A,PaFAR-T,127,0.1094634672418441,0.0992181152105331,0.1199851682409644,3709
A,PaFAR-T,128,0.1094634672418441,0.0992181152105331,0.1199851682409644,3709
A,PaFAR-T,129,0.1094634672418441,0.0992181152105331,0.1199851682409644,3709
A,PaFAR-T,130,0.1094634672418441,0.0992181152105331,0.1199851682409644,3709
A,PaFAR-T,131,0.1094634672418441,0.0992181152105331,0.1199851682409644,3709
A,PaFAR-T,132,0.1094634672418441,0.0992181152105331,0.1199851682409644,3709
A,PaFAR-T,133,0.1094634672418441,0.0992181152105331,0.1199851682409644,3709
A,PaFAR-T,134,0.1094634672418441,0.0992181152105331,0.1199851682409644,3709
A,PaFAR-T,135,0.1094634672418441,0.0992181152105331,0.1199851682409644,3709
A,PaFAR-T,136,0.1094634672418441,0.0992181152105331,0.1199851682409644,3709
A,PaFAR-T,137,0.1094634672418441,0.0992181152105331,0.1199851682409644,3709
A,PaFAR-T,138,0.1094634672418441,0.0992181152105331,0.1199851682409644,3709
A,PaFAR-T,139,0.1094634672418441,0.0992181152105331,0.1199851682409644,3709
A,PaFAR-T,140,0.1094634672418441,0.0992181152105331,0.1199851682409644,3709
A,PaFAR-T,141,0.1094634672418441,0.0992181152105331,0.1199851682409644,3709
A,PaFAR-T,142,0.1094634672418441,0.0992181152105331,0.1199851682409644,3709
A,PaFAR-T,143,0.1094634672418441,0.0992181152105331,0.1199851682409644,3709
A,PaFAR-T,144,0.1094634672418441,0.0992181152105331,0.1199851682409644,3709
A,PaFAR-T,145,0.1094634672418441,0.0992181152105331,0.1199851682409644,3709
A,PaFAR-T,146,0.1094634672418441,0.0992181152105331,0.1199851682409644,3709
A,PaFAR-T,147,0.1094634672418441,0.0992181152105331,0.1199851682409644,3709
A,PaFAR-T,148,0.1094634672418441,0.0992181152105331,0.1199851682409644,3709
A,PaFAR-T,149,0.1094634672418441,0.0992181152105331,0.1199851682409644,3709
A,PaFAR-T,150,0.1094634672418441,0.0992181152105331,0.1199851682409644,3709
A,PaFAR-T,151,0.1094634672418441,0.0992181152105331,0.1199851682409644,3709
A,PaFAR-T,152,0.1094634672418441,0.0992181152105331,0.1199851682409644,3709
A,PaFAR-T,153,0.1094634672418441,0.0992181152105331,0.1199851682409644,3709
A,PaFAR-T,154,0.1094634672418441,0.0992181152105331,0.1199851682409644,3709
A,PaFAR-T,155,0.1094634672418441,0.0992181152105331,0.1199851682409644,3709
A,PaFAR-T,156,0.1094634672418441,0.0992181152105331,0.1199851682409644,3709
A,PaFAR-T,157,0.1094634672418441,0.0992181152105331,0.1199851682409644,3709
A,PaFAR-T,158,0.1094634672418441,0.0992181152105331,0.1199851682409644,3709
A,PaFAR-T,159,0.1094634672418441,0.0992181152105331,0.1199851682409644,3709
A,PaFAR-T,160,0.1094634672418441,0.0992181152105331,0.1199851682409644,3709
A,PaFAR-T,161,0.1094634672418441,0.0992181152105331,0.1199851682409644,3709
A,PaFAR-T,162,0.1094634672418441,0.0992181152105331,0.1199851682409644,3709
A,PaFAR-T,163,0.1094634672418441,0.0992181152105331,0.1199851682409644,3709
A,PaFAR-T,164,0.1094634672418441,0.0992181152105331,0.1199851682409644,3709
A,PaFAR-T,165,0.1094634672418441,0.0992181152105331,0.1199851682409644,3709
A,PaFAR-T,166,0.1094634672418441,0.0992181152105331,0.1199851682409644,3709
A,PaFAR-T,167,0.1094634672418441,0.0992181152105331,0.1199851682409644,3709
A,PaFAR-T,168,0.1094634672418441,0.0992181152105331,0.1199851682409644,3709
A,PaFAR-HC,1,0.0,0.0,0.0,3709
A,PaFAR-HC,2,0.0,0.0,0.0,3709
A,PaFAR-HC,3,0.0,0.0,0.0,3709
A,PaFAR-HC,4,0.0,0.0,0.0,3709
A,PaFAR-HC,5,0.0,0.0,0.0,3709
A,PaFAR-HC,6,0.0574278781342679,0.050411163456738,0.0647074654698371,3709
A,PaFAR-HC,7,0.0706389862496629,0.0625438118353486,0.0787274166941642,3709
A,PaFAR-HC,8,0.0771097330816931,0.068751685321331,0.085198163986206,3709
A,PaFAR-HC,9,0.0816931787543812,0.0733351334929466,0.0905904546380043,3709
A,PaFAR-HC,10,0.0830412510110542,0.0746764639392495,0.0916756516322493,3709
A,PaFAR-HC,11,0.0843893232677271,0.0757616609334945,0.0930169820785522,3709
A,PaFAR-HC,12,0.0865462388784038,0.0773793458938598,0.0954435169696807,3709
A,PaFAR-HC,13,0.0865462388784038,0.0773793458938598,0.0954435169696807,3709
A,PaFAR-HC,14,0.0868158533297384,0.0779118338599801,0.0957131311297416,3709
A,PaFAR-HC,15,0.087085467781073,0.0781747076660394,0.0959827452898025,3709
A,PaFAR-HC,16,0.0878943111350768,0.0789902905002236,0.0965219736099243,3709
A,PaFAR-HC,17,0.0881639255864114,0.0792599046602845,0.0967915877699852,3709
A,PaFAR-HC,18,0.0889727689404152,0.0798058807849884,0.0976004302501678,3709
A,PaFAR-HC,19,0.0889727689404152,0.0798058807849884,0.0976004302501678,3709
A,PaFAR-HC,20,0.0889727689404152,0.0798058807849884,0.0976004302501678,3709
A,PaFAR-HC,21,0.0892423833917498,0.0800754949450492,0.0981396585702896,3709
A,PaFAR-HC,22,0.0892423833917498,0.0800754949450492,0.0981396585702896,3709
A,PaFAR-HC,23,0.0892423833917498,0.0800754949450492,0.0981396585702896,3709
A,PaFAR-HC,24,0.0892423833917498,0.0800754949450492,0.0981396585702896,3709
A,PaFAR-HC,25,0.0892423833917498,0.0800754949450492,0.0981396585702896,3709
A,PaFAR-HC,26,0.0892423833917498,0.0800754949450492,0.0981396585702896,3709
A,PaFAR-HC,27,0.0892423833917498,0.0800754949450492,0.0981396585702896,3709
A,PaFAR-HC,28,0.0892423833917498,0.0800754949450492,0.0981396585702896,3709
A,PaFAR-HC,29,0.0892423833917498,0.0800754949450492,0.0981396585702896,3709
A,PaFAR-HC,30,0.0892423833917498,0.0800754949450492,0.0981396585702896,3709
A,PaFAR-HC,31,0.0892423833917498,0.0800754949450492,0.0981396585702896,3709
A,PaFAR-HC,32,0.0892423833917498,0.0800754949450492,0.0981396585702896,3709
A,PaFAR-HC,33,0.0892423833917498,0.0800754949450492,0.0981396585702896,3709
A,PaFAR-HC,34,0.0892423833917498,0.0800754949450492,0.0981396585702896,3709
A,PaFAR-HC,35,0.0892423833917498,0.0800754949450492,0.0981396585702896,3709
A,PaFAR-HC,36,0.0892423833917498,0.0800754949450492,0.0981396585702896,3709
A,PaFAR-HC,37,0.0892423833917498,0.0800754949450492,0.0981396585702896,3709
A,PaFAR-HC,38,0.0892423833917498,0.0800754949450492,0.0981396585702896,3709
A,PaFAR-HC,39,0.0895119978430843,0.0803451091051101,0.0981396585702896,3709
A,PaFAR-HC,40,0.0895119978430843,0.0803451091051101,0.0981396585702896,3709
A,PaFAR-HC,41,0.0895119978430843,0.0803451091051101,0.0981396585702896,3709
A,PaFAR-HC,42,0.0895119978430843,0.0803451091051101,0.0981396585702896,3709
A,PaFAR-HC,43,0.0900512267457535,0.0808843374252319,0.0989485010504722,3709
A,PaFAR-HC,44,0.0900512267457535,0.0808843374252319,0.0989485010504722,3709
A,PaFAR-HC,45,0.0900512267457535,0.0808843374252319,0.0989485010504722,3709
A,PaFAR-HC,46,0.0900512267457535,0.0808843374252319,0.0989485010504722,3709
A,PaFAR-HC,47,0.0900512267457535,0.0808843374252319,0.0989485010504722,3709
A,PaFAR-HC,48,0.0900512267457535,0.0808843374252319,0.0989485010504722,3709
A,PaFAR-HC,49,0.0900512267457535,0.0808843374252319,0.0989485010504722,3709
A,PaFAR-HC,50,0.0900512267457535,0.0808843374252319,0.0989485010504722,3709
A,PaFAR-HC,51,0.0900512267457535,0.0808843374252319,0.0989485010504722,3709
A,PaFAR-HC,52,0.0900512267457535,0.0808843374252319,0.0989485010504722,3709
A,PaFAR-HC,53,0.0903208411970881,0.0811472112312912,0.0989552414044737,3709
A,PaFAR-HC,54,0.0903208411970881,0.0811472112312912,0.0989552414044737,3709
A,PaFAR-HC,55,0.0903208411970881,0.0811472112312912,0.0989552414044737,3709
A,PaFAR-HC,56,0.0903208411970881,0.0811472112312912,0.0989552414044737,3709
A,PaFAR-HC,57,0.0908600700997573,0.0816931799054145,0.0997573435306549,3709
A,PaFAR-HC,58,0.0911296845510919,0.0819560537114739,0.1002965793013572,3709
A,PaFAR-HC,59,0.0919385279050957,0.0827716365456581,0.1011054217815399,3709
A,PaFAR-HC,60,0.0919385279050957,0.0827716365456581,0.1011054217815399,3709
A,PaFAR-HC,61,0.0919385279050957,0.0827716365456581,0.1011054217815399,3709
A,PaFAR-HC,62,0.0919385279050957,0.0827716365456581,0.1011054217815399,3709
A,PaFAR-HC,63,0.0922081423564303,0.083041250705719,0.1016446501016616,3709
A,PaFAR-HC,64,0.0922081423564303,0.083041250705719,0.1016446501016616,3709
A,PaFAR-HC,65,0.0922081423564303,0.083041250705719,0.1016446501016616,3709
A,PaFAR-HC,66,0.0922081423564303,0.083041250705719,0.1016446501016616,3709
A,PaFAR-HC,67,0.0922081423564303,0.083041250705719,0.1016446501016616,3709
A,PaFAR-HC,68,0.0922081423564303,0.083041250705719,0.1016446501016616,3709
A,PaFAR-HC,69,0.0922081423564303,0.083041250705719,0.1016446501016616,3709
A,PaFAR-HC,70,0.0922081423564303,0.083041250705719,0.1016446501016616,3709
A,PaFAR-HC,71,0.0922081423564303,0.083041250705719,0.1016446501016616,3709
A,PaFAR-HC,72,0.0922081423564303,0.083041250705719,0.1016446501016616,3709
A,PaFAR-HC,73,0.0922081423564303,0.083041250705719,0.1016446501016616,3709
A,PaFAR-HC,74,0.0922081423564303,0.083041250705719,0.1016446501016616,3709
A,PaFAR-HC,75,0.0922081423564303,0.083041250705719,0.1016446501016616,3709
A,PaFAR-HC,76,0.0922081423564303,0.083041250705719,0.1016446501016616,3709
A,PaFAR-HC,77,0.0922081423564303,0.083041250705719,0.1016446501016616,3709
A,PaFAR-HC,78,0.0922081423564303,0.083041250705719,0.1016446501016616,3709
A,PaFAR-HC,79,0.0922081423564303,0.083041250705719,0.1016446501016616,3709
A,PaFAR-HC,80,0.0922081423564303,0.083041250705719,0.1016446501016616,3709
A,PaFAR-HC,81,0.0922081423564303,0.083041250705719,0.1016446501016616,3709
A,PaFAR-HC,82,0.0922081423564303,0.083041250705719,0.1016446501016616,3709
A,PaFAR-HC,83,0.0922081423564303,0.083041250705719,0.1016446501016616,3709
A,PaFAR-HC,84,0.0922081423564303,0.083041250705719,0.1016446501016616,3709
A,PaFAR-HC,85,0.0922081423564303,0.083041250705719,0.1016446501016616,3709
A,PaFAR-HC,86,0.0922081423564303,0.083041250705719,0.1016446501016616,3709
A,PaFAR-HC,87,0.0922081423564303,0.083041250705719,0.1016446501016616,3709
A,PaFAR-HC,88,0.0922081423564303,0.083041250705719,0.1016446501016616,3709
A,PaFAR-HC,89,0.0922081423564303,0.083041250705719,0.1016446501016616,3709
A,PaFAR-HC,90,0.0922081423564303,0.083041250705719,0.1016446501016616,3709
A,PaFAR-HC,91,0.0922081423564303,0.083041250705719,0.1016446501016616,3709
A,PaFAR-HC,92,0.0922081423564303,0.083041250705719,0.1016446501016616,3709
A,PaFAR-HC,93,0.0922081423564303,0.083041250705719,0.1016446501016616,3709
A,PaFAR-HC,94,0.0922081423564303,0.083041250705719,0.1016446501016616,3709
A,PaFAR-HC,95,0.0922081423564303,0.083041250705719,0.1016446501016616,3709
A,PaFAR-HC,96,0.0922081423564303,0.083041250705719,0.1016446501016616,3709
A,PaFAR-HC,97,0.0922081423564303,0.083041250705719,0.1016446501016616,3709
A,PaFAR-HC,98,0.0922081423564303,0.083041250705719,0.1016446501016616,3709
A,PaFAR-HC,99,0.0922081423564303,0.083041250705719,0.1016446501016616,3709
A,PaFAR-HC,100,0.0922081423564303,0.083041250705719,0.1016446501016616,3709
A,PaFAR-HC,101,0.0922081423564303,0.083041250705719,0.1016446501016616,3709
A,PaFAR-HC,102,0.0922081423564303,0.083041250705719,0.1016446501016616,3709
A,PaFAR-HC,103,0.0922081423564303,0.083041250705719,0.1016446501016616,3709
A,PaFAR-HC,104,0.0922081423564303,0.083041250705719,0.1016446501016616,3709
A,PaFAR-HC,105,0.0922081423564303,0.083041250705719,0.1016446501016616,3709
A,PaFAR-HC,106,0.0922081423564303,0.083041250705719,0.1016446501016616,3709
A,PaFAR-HC,107,0.0922081423564303,0.083041250705719,0.1016446501016616,3709
A,PaFAR-HC,108,0.0922081423564303,0.083041250705719,0.1016446501016616,3709
A,PaFAR-HC,109,0.0922081423564303,0.083041250705719,0.1016446501016616,3709
A,PaFAR-HC,110,0.0922081423564303,0.083041250705719,0.1016446501016616,3709
A,PaFAR-HC,111,0.0922081423564303,0.083041250705719,0.1016446501016616,3709
A,PaFAR-HC,112,0.0922081423564303,0.083041250705719,0.1016446501016616,3709
A,PaFAR-HC,113,0.0922081423564303,0.083041250705719,0.1016446501016616,3709
A,PaFAR-HC,114,0.0922081423564303,0.083041250705719,0.1016446501016616,3709
A,PaFAR-HC,115,0.0922081423564303,0.083041250705719,0.1016446501016616,3709
A,PaFAR-HC,116,0.0922081423564303,0.083041250705719,0.1016446501016616,3709
A,PaFAR-HC,117,0.0922081423564303,0.083041250705719,0.1016446501016616,3709
A,PaFAR-HC,118,0.0922081423564303,0.083041250705719,0.1016446501016616,3709
A,PaFAR-HC,119,0.0922081423564303,0.083041250705719,0.1016446501016616,3709
A,PaFAR-HC,120,0.0922081423564303,0.083041250705719,0.1016446501016616,3709
A,PaFAR-HC,121,0.0922081423564303,0.083041250705719,0.1016446501016616,3709
A,PaFAR-HC,122,0.0922081423564303,0.083041250705719,0.1016446501016616,3709
A,PaFAR-HC,123,0.0922081423564303,0.083041250705719,0.1016446501016616,3709
A,PaFAR-HC,124,0.0922081423564303,0.083041250705719,0.1016446501016616,3709
A,PaFAR-HC,125,0.0922081423564303,0.083041250705719,0.1016446501016616,3709
A,PaFAR-HC,126,0.0922081423564303,0.083041250705719,0.1016446501016616,3709
A,PaFAR-HC,127,0.0922081423564303,0.083041250705719,0.1016446501016616,3709
A,PaFAR-HC,128,0.0922081423564303,0.083041250705719,0.1016446501016616,3709
A,PaFAR-HC,129,0.0922081423564303,0.083041250705719,0.1016446501016616,3709
A,PaFAR-HC,130,0.0922081423564303,0.083041250705719,0.1016446501016616,3709
A,PaFAR-HC,131,0.0922081423564303,0.083041250705719,0.1016446501016616,3709
A,PaFAR-HC,132,0.0922081423564303,0.083041250705719,0.1016446501016616,3709
A,PaFAR-HC,133,0.0922081423564303,0.083041250705719,0.1016446501016616,3709
A,PaFAR-HC,134,0.0922081423564303,0.083041250705719,0.1016446501016616,3709
A,PaFAR-HC,135,0.0922081423564303,0.083041250705719,0.1016446501016616,3709
A,PaFAR-HC,136,0.0922081423564303,0.083041250705719,0.1016446501016616,3709
A,PaFAR-HC,137,0.0922081423564303,0.083041250705719,0.1016446501016616,3709
A,PaFAR-HC,138,0.0922081423564303,0.083041250705719,0.1016446501016616,3709
A,PaFAR-HC,139,0.0922081423564303,0.083041250705719,0.1016446501016616,3709
A,PaFAR-HC,140,0.0922081423564303,0.083041250705719,0.1016446501016616,3709
A,PaFAR-HC,141,0.0922081423564303,0.083041250705719,0.1016446501016616,3709
A,PaFAR-HC,142,0.0922081423564303,0.083041250705719,0.1016446501016616,3709
A,PaFAR-HC,143,0.0922081423564303,0.083041250705719,0.1016446501016616,3709
A,PaFAR-HC,144,0.0922081423564303,0.083041250705719,0.1016446501016616,3709
A,PaFAR-HC,145,0.0922081423564303,0.083041250705719,0.1016446501016616,3709
A,PaFAR-HC,146,0.0922081423564303,0.083041250705719,0.1016446501016616,3709
A,PaFAR-HC,147,0.0922081423564303,0.083041250705719,0.1016446501016616,3709
A,PaFAR-HC,148,0.0922081423564303,0.083041250705719,0.1016446501016616,3709
A,PaFAR-HC,149,0.0922081423564303,0.083041250705719,0.1016446501016616,3709
A,PaFAR-HC,150,0.0922081423564303,0.083041250705719,0.1016446501016616,3709
A,PaFAR-HC,151,0.0922081423564303,0.083041250705719,0.1016446501016616,3709
A,PaFAR-HC,152,0.0922081423564303,0.083041250705719,0.1016446501016616,3709
A,PaFAR-HC,153,0.0922081423564303,0.083041250705719,0.1016446501016616,3709
A,PaFAR-HC,154,0.0922081423564303,0.083041250705719,0.1016446501016616,3709
A,PaFAR-HC,155,0.0922081423564303,0.083041250705719,0.1016446501016616,3709
A,PaFAR-HC,156,0.0922081423564303,0.083041250705719,0.1016446501016616,3709
A,PaFAR-HC,157,0.0922081423564303,0.083041250705719,0.1016446501016616,3709
A,PaFAR-HC,158,0.0922081423564303,0.083041250705719,0.1016446501016616,3709
A,PaFAR-HC,159,0.0922081423564303,0.083041250705719,0.1016446501016616,3709
A,PaFAR-HC,160,0.0922081423564303,0.083041250705719,0.1016446501016616,3709
A,PaFAR-HC,161,0.0922081423564303,0.083041250705719,0.1016446501016616,3709
A,PaFAR-HC,162,0.0922081423564303,0.083041250705719,0.1016446501016616,3709
A,PaFAR-HC,163,0.0922081423564303,0.083041250705719,0.1016446501016616,3709
A,PaFAR-HC,164,0.0922081423564303,0.083041250705719,0.1016446501016616,3709
A,PaFAR-HC,165,0.0922081423564303,0.083041250705719,0.1016446501016616,3709
A,PaFAR-HC,166,0.0922081423564303,0.083041250705719,0.1016446501016616,3709
A,PaFAR-HC,167,0.0922081423564303,0.083041250705719,0.1016446501016616,3709
A,PaFAR-HC,168,0.0922081423564303,0.083041250705719,0.1016446501016616,3709
B,Pointwise-alpha,1,0.0,0.0,0.0,3771
B,Pointwise-alpha,2,0.0,0.0,0.0,3771
B,Pointwise-alpha,3,0.0,0.0,0.0,3771
B,Pointwise-alpha,4,0.0,0.0,0.0,3771
B,Pointwise-alpha,5,0.0,0.0,0.0,3771
B,Pointwise-alpha,6,0.3052240784937682,0.2906324721872806,0.3200808897614479,3771
B,Pointwise-alpha,7,0.352691593741713,0.3370458781719208,0.3688742950558662,3771
B,Pointwise-alpha,8,0.3752320339432511,0.3601166903972626,0.3911495640873909,3771
B,Pointwise-alpha,9,0.3858392999204455,0.3704454928636551,0.4014850258827209,3771
B,Pointwise-alpha,10,0.3927340228056218,0.3773534893989563,0.4083797335624695,3771
B,Pointwise-alpha,11,0.3964465658976399,0.3808008432388305,0.4123641088604927,3771
B,Pointwise-alpha,12,0.4004242906390878,0.3850371107459068,0.4160700142383575,3771
B,Pointwise-alpha,13,0.4033412887828162,0.3882259428501129,0.4187218248844147,3771
B,Pointwise-alpha,14,0.403606470432246,0.3884844943881035,0.4189936354756355,3771
B,Pointwise-alpha,15,0.4049323786793954,0.3895518481731415,0.4205780923366546,3771
B,Pointwise-alpha,16,0.4070538318748342,0.3916732966899872,0.4224476188421249,3771
B,Pointwise-alpha,17,0.4083797401219836,0.3929992020130157,0.4240254461765289,3771
B,Pointwise-alpha,18,0.4091752850702731,0.3940532967448235,0.4250861704349518,3771
B,Pointwise-alpha,19,0.4099708300185627,0.39459028840065,0.4256165325641632,3771
B,Pointwise-alpha,20,0.4107663749668523,0.3959161937236786,0.4264121055603027,3771
B,Pointwise-alpha,21,0.4120922832140016,0.3969702884554863,0.4277380108833313,3771
B,Pointwise-alpha,22,0.4123574648634314,0.397235469520092,0.428003191947937,3771
B,Pointwise-alpha,23,0.4128878281622912,0.398024383187294,0.4285401836037635,3771
B,Pointwise-alpha,24,0.413153009811721,0.398024383187294,0.4288053646683692,3771
B,Pointwise-alpha,25,0.4136833731105807,0.3985547453165054,0.4293357267975807,3771
B,Pointwise-alpha,26,0.4144789180588703,0.3990983963012695,0.4303898215293884,3771
B,Pointwise-alpha,27,0.41500928135773,0.3996287584304809,0.430926813185215,3771
B,Pointwise-alpha,28,0.4152744630071599,0.3998939394950866,0.430926813185215,3771
B,Pointwise-alpha,29,0.4160700079554494,0.4012065857648849,0.4319809079170227,3771
B,Pointwise-alpha,30,0.4163351896048793,0.4012132152915001,0.4322460889816284,3771
B,Pointwise-alpha,31,0.4166003712543092,0.4012198448181152,0.4325112700462341,3771
B,Pointwise-alpha,32,0.4166003712543092,0.4012198448181152,0.4325112700462341,3771
B,Pointwise-alpha,33,0.4166003712543092,0.4012198448181152,0.4325112700462341,3771
B,Pointwise-alpha,34,0.4176610978520286,0.4025391206145287,0.4338371753692627,3771
B,Pointwise-alpha,35,0.4179262795014585,0.4028043016791344,0.4338438048958778,3771
B,Pointwise-alpha,36,0.4184566428003182,0.4030761122703552,0.4343675374984741,3771
B,Pointwise-alpha,37,0.4187218244497481,0.4033346638083458,0.4343675374984741,3771
B,Pointwise-alpha,38,0.4192521877486078,0.4038650259375572,0.4351697102189064,3771
B,Pointwise-alpha,39,0.4195173693980376,0.4046539396047592,0.4354348912835121,3771
B,Pointwise-alpha,40,0.4195173693980376,0.4046539396047592,0.4354348912835121,3771
B,Pointwise-alpha,41,0.420843277645187,0.4057279229164123,0.4364889860153198,3771
B,Pointwise-alpha,42,0.4211084592946168,0.405993103981018,0.4364956155419349,3771
B,Pointwise-alpha,43,0.4211084592946168,0.405993103981018,0.4364956155419349,3771
B,Pointwise-alpha,44,0.4213736409440466,0.405993103981018,0.4364956155419349,3771
B,Pointwise-alpha,45,0.4219040042429064,0.4067886471748352,0.4372911587357521,3771
B,Pointwise-alpha,46,0.4219040042429064,0.4067886471748352,0.4372911587357521,3771
B,Pointwise-alpha,47,0.4219040042429064,0.4067886471748352,0.4372911587357521,3771
B,Pointwise-alpha,48,0.4219040042429064,0.4067886471748352,0.4372911587357521,3771
B,Pointwise-alpha,49,0.4221691858923362,0.4067886471748352,0.4378148913383484,3771
B,Pointwise-alpha,50,0.4226995491911959,0.4075841903686523,0.4386170640587806,3771
B,Pointwise-alpha,51,0.4226995491911959,0.4075841903686523,0.4386170640587806,3771
B,Pointwise-alpha,52,0.4226995491911959,0.4075841903686523,0.4386170640587806,3771
B,Pointwise-alpha,53,0.4234950941394855,0.4083797335624695,0.4394126370549202,3771
B,Pointwise-alpha,54,0.4234950941394855,0.4083797335624695,0.4394126370549202,3771
B,Pointwise-alpha,55,0.4237602757889154,0.4086449146270752,0.4396778181195259,3771
B,Pointwise-alpha,56,0.424555820737205,0.4096990093588829,0.4404667317867279,3771
B,Pointwise-alpha,57,0.4256165473349244,0.4102360010147095,0.4417926371097564,3771
B,Pointwise-alpha,58,0.4277380005303633,0.4126160308718681,0.4439140856266022,3771
B,Pointwise-alpha,59,0.4293290904269424,0.4144789278507232,0.4452399909496307,3771
B,Pointwise-alpha,60,0.4303898170246619,0.4155396521091461,0.4463073447346687,3771
B,Pointwise-alpha,61,0.4303898170246619,0.4155396521091461,0.4463073447346687,3771
B,Pointwise-alpha,62,0.4303898170246619,0.4155396521091461,0.4463073447346687,3771
B,Pointwise-alpha,63,0.4303898170246619,0.4155396521091461,0.4463073447346687,3771
B,Pointwise-alpha,64,0.4303898170246619,0.4155396521091461,0.4463073447346687,3771
B,Pointwise-alpha,65,0.4303898170246619,0.4155396521091461,0.4463073447346687,3771
B,Pointwise-alpha,66,0.4306549986740917,0.4157982036471367,0.4465725257992744,3771
B,Pointwise-alpha,67,0.4306549986740917,0.4157982036471367,0.4465725257992744,3771
B,Pointwise-alpha,68,0.4306549986740917,0.4157982036471367,0.4465725257992744,3771
B,Pointwise-alpha,69,0.4306549986740917,0.4157982036471367,0.4465725257992744,3771
B,Pointwise-alpha,70,0.4306549986740917,0.4157982036471367,0.4465725257992744,3771
B,Pointwise-alpha,71,0.4306549986740917,0.4157982036471367,0.4465725257992744,3771
B,Pointwise-alpha,72,0.4306549986740917,0.4157982036471367,0.4465725257992744,3771
B,Pointwise-alpha,73,0.4306549986740917,0.4157982036471367,0.4465725257992744,3771
B,Pointwise-alpha,74,0.4306549986740917,0.4157982036471367,0.4465725257992744,3771
B,Pointwise-alpha,75,0.4306549986740917,0.4157982036471367,0.4465725257992744,3771
B,Pointwise-alpha,76,0.4306549986740917,0.4157982036471367,0.4465725257992744,3771
B,Pointwise-alpha,77,0.4306549986740917,0.4157982036471367,0.4465725257992744,3771
B,Pointwise-alpha,78,0.4306549986740917,0.4157982036471367,0.4465725257992744,3771
B,Pointwise-alpha,79,0.4306549986740917,0.4157982036471367,0.4465725257992744,3771
B,Pointwise-alpha,80,0.4306549986740917,0.4157982036471367,0.4465725257992744,3771
B,Pointwise-alpha,81,0.4306549986740917,0.4157982036471367,0.4465725257992744,3771
B,Pointwise-alpha,82,0.4306549986740917,0.4157982036471367,0.4465725257992744,3771
B,Pointwise-alpha,83,0.4306549986740917,0.4157982036471367,0.4465725257992744,3771
B,Pointwise-alpha,84,0.4306549986740917,0.4157982036471367,0.4465725257992744,3771
B,Pointwise-alpha,85,0.4306549986740917,0.4157982036471367,0.4465725257992744,3771
B,Pointwise-alpha,86,0.4306549986740917,0.4157982036471367,0.4465725257992744,3771
B,Pointwise-alpha,87,0.4306549986740917,0.4157982036471367,0.4465725257992744,3771
B,Pointwise-alpha,88,0.4306549986740917,0.4157982036471367,0.4465725257992744,3771
B,Pointwise-alpha,89,0.4306549986740917,0.4157982036471367,0.4465725257992744,3771
B,Pointwise-alpha,90,0.4306549986740917,0.4157982036471367,0.4465725257992744,3771
B,Pointwise-alpha,91,0.4306549986740917,0.4157982036471367,0.4465725257992744,3771
B,Pointwise-alpha,92,0.4306549986740917,0.4157982036471367,0.4465725257992744,3771
B,Pointwise-alpha,93,0.4306549986740917,0.4157982036471367,0.4465725257992744,3771
B,Pointwise-alpha,94,0.4306549986740917,0.4157982036471367,0.4465725257992744,3771
B,Pointwise-alpha,95,0.4306549986740917,0.4157982036471367,0.4465725257992744,3771
B,Pointwise-alpha,96,0.4306549986740917,0.4157982036471367,0.4465725257992744,3771
B,Pointwise-alpha,97,0.4306549986740917,0.4157982036471367,0.4465725257992744,3771
B,Pointwise-alpha,98,0.4306549986740917,0.4157982036471367,0.4465725257992744,3771
B,Pointwise-alpha,99,0.4306549986740917,0.4157982036471367,0.4465725257992744,3771
B,Pointwise-alpha,100,0.4306549986740917,0.4157982036471367,0.4465725257992744,3771
B,Pointwise-alpha,101,0.4306549986740917,0.4157982036471367,0.4465725257992744,3771
B,Pointwise-alpha,102,0.4306549986740917,0.4157982036471367,0.4465725257992744,3771
B,Pointwise-alpha,103,0.4306549986740917,0.4157982036471367,0.4465725257992744,3771
B,Pointwise-alpha,104,0.4306549986740917,0.4157982036471367,0.4465725257992744,3771
B,Pointwise-alpha,105,0.4306549986740917,0.4157982036471367,0.4465725257992744,3771
B,Pointwise-alpha,106,0.4306549986740917,0.4157982036471367,0.4465725257992744,3771
B,Pointwise-alpha,107,0.4306549986740917,0.4157982036471367,0.4465725257992744,3771
B,Pointwise-alpha,108,0.4306549986740917,0.4157982036471367,0.4465725257992744,3771
B,Pointwise-alpha,109,0.4306549986740917,0.4157982036471367,0.4465725257992744,3771
B,Pointwise-alpha,110,0.4306549986740917,0.4157982036471367,0.4465725257992744,3771
B,Pointwise-alpha,111,0.4306549986740917,0.4157982036471367,0.4465725257992744,3771
B,Pointwise-alpha,112,0.4306549986740917,0.4157982036471367,0.4465725257992744,3771
B,Pointwise-alpha,113,0.4306549986740917,0.4157982036471367,0.4465725257992744,3771
B,Pointwise-alpha,114,0.4306549986740917,0.4157982036471367,0.4465725257992744,3771
B,Pointwise-alpha,115,0.4306549986740917,0.4157982036471367,0.4465725257992744,3771
B,Pointwise-alpha,116,0.4306549986740917,0.4157982036471367,0.4465725257992744,3771
B,Pointwise-alpha,117,0.4306549986740917,0.4157982036471367,0.4465725257992744,3771
B,Pointwise-alpha,118,0.4306549986740917,0.4157982036471367,0.4465725257992744,3771
B,Pointwise-alpha,119,0.4306549986740917,0.4157982036471367,0.4465725257992744,3771
B,Pointwise-alpha,120,0.4306549986740917,0.4157982036471367,0.4465725257992744,3771
B,Pointwise-alpha,121,0.4306549986740917,0.4157982036471367,0.4465725257992744,3771
B,Pointwise-alpha,122,0.4306549986740917,0.4157982036471367,0.4465725257992744,3771
B,Pointwise-alpha,123,0.4306549986740917,0.4157982036471367,0.4465725257992744,3771
B,Pointwise-alpha,124,0.4306549986740917,0.4157982036471367,0.4465725257992744,3771
B,Pointwise-alpha,125,0.4306549986740917,0.4157982036471367,0.4465725257992744,3771
B,Pointwise-alpha,126,0.4306549986740917,0.4157982036471367,0.4465725257992744,3771
B,Pointwise-alpha,127,0.4306549986740917,0.4157982036471367,0.4465725257992744,3771
B,Pointwise-alpha,128,0.4306549986740917,0.4157982036471367,0.4465725257992744,3771
B,Pointwise-alpha,129,0.4306549986740917,0.4157982036471367,0.4465725257992744,3771
B,Pointwise-alpha,130,0.4306549986740917,0.4157982036471367,0.4465725257992744,3771
B,Pointwise-alpha,131,0.4306549986740917,0.4157982036471367,0.4465725257992744,3771
B,Pointwise-alpha,132,0.4306549986740917,0.4157982036471367,0.4465725257992744,3771
B,Pointwise-alpha,133,0.4306549986740917,0.4157982036471367,0.4465725257992744,3771
B,Pointwise-alpha,134,0.4309201803235216,0.4158048331737518,0.4470962584018707,3771
B,Pointwise-alpha,135,0.4309201803235216,0.4158048331737518,0.4470962584018707,3771
B,Pointwise-alpha,136,0.4309201803235216,0.4158048331737518,0.4470962584018707,3771
B,Pointwise-alpha,137,0.4309201803235216,0.4158048331737518,0.4470962584018707,3771
B,Pointwise-alpha,138,0.4309201803235216,0.4158048331737518,0.4470962584018707,3771
B,Pointwise-alpha,139,0.4309201803235216,0.4158048331737518,0.4470962584018707,3771
B,Pointwise-alpha,140,0.4309201803235216,0.4158048331737518,0.4470962584018707,3771
B,Pointwise-alpha,141,0.4309201803235216,0.4158048331737518,0.4470962584018707,3771
B,Pointwise-alpha,142,0.4309201803235216,0.4158048331737518,0.4470962584018707,3771
B,Pointwise-alpha,143,0.4309201803235216,0.4158048331737518,0.4470962584018707,3771
B,Pointwise-alpha,144,0.4309201803235216,0.4158048331737518,0.4470962584018707,3771
B,Pointwise-alpha,145,0.4309201803235216,0.4158048331737518,0.4470962584018707,3771
B,Pointwise-alpha,146,0.4309201803235216,0.4158048331737518,0.4470962584018707,3771
B,Pointwise-alpha,147,0.4309201803235216,0.4158048331737518,0.4470962584018707,3771
B,Pointwise-alpha,148,0.4309201803235216,0.4158048331737518,0.4470962584018707,3771
B,Pointwise-alpha,149,0.4309201803235216,0.4158048331737518,0.4470962584018707,3771
B,Pointwise-alpha,150,0.4309201803235216,0.4158048331737518,0.4470962584018707,3771
B,Pointwise-alpha,151,0.4309201803235216,0.4158048331737518,0.4470962584018707,3771
B,Pointwise-alpha,152,0.4309201803235216,0.4158048331737518,0.4470962584018707,3771
B,Pointwise-alpha,153,0.4309201803235216,0.4158048331737518,0.4470962584018707,3771
B,Pointwise-alpha,154,0.4309201803235216,0.4158048331737518,0.4470962584018707,3771
B,Pointwise-alpha,155,0.4309201803235216,0.4158048331737518,0.4470962584018707,3771
B,Pointwise-alpha,156,0.4309201803235216,0.4158048331737518,0.4470962584018707,3771
B,Pointwise-alpha,157,0.4309201803235216,0.4158048331737518,0.4470962584018707,3771
B,Pointwise-alpha,158,0.4309201803235216,0.4158048331737518,0.4470962584018707,3771
B,Pointwise-alpha,159,0.4309201803235216,0.4158048331737518,0.4470962584018707,3771
B,Pointwise-alpha,160,0.4309201803235216,0.4158048331737518,0.4470962584018707,3771
B,Pointwise-alpha,161,0.4309201803235216,0.4158048331737518,0.4470962584018707,3771
B,Pointwise-alpha,162,0.4309201803235216,0.4158048331737518,0.4470962584018707,3771
B,Pointwise-alpha,163,0.4309201803235216,0.4158048331737518,0.4470962584018707,3771
B,Pointwise-alpha,164,0.4309201803235216,0.4158048331737518,0.4470962584018707,3771
B,Pointwise-alpha,165,0.4309201803235216,0.4158048331737518,0.4470962584018707,3771
B,Pointwise-alpha,166,0.4309201803235216,0.4158048331737518,0.4470962584018707,3771
B,Pointwise-alpha,167,0.4309201803235216,0.4158048331737518,0.4470962584018707,3771
B,Pointwise-alpha,168,0.4309201803235216,0.4158048331737518,0.4470962584018707,3771
B,Bonferroni,1,0.0,0.0,0.0,3771
B,Bonferroni,2,0.0,0.0,0.0,3771
B,Bonferroni,3,0.0,0.0,0.0,3771
B,Bonferroni,4,0.0,0.0,0.0,3771
B,Bonferroni,5,0.0,0.0,0.0,3771
B,Bonferroni,6,0.0098117210289048,0.007159904576838,0.0129939010366797,3771
B,Bonferroni,7,0.0140546274197825,0.0106072658672928,0.0177671704441308,3771
B,Bonferroni,8,0.016971625563511,0.0132590821012854,0.0212145317345857,3771
B,Bonferroni,9,0.0182975338106603,0.014319809153676,0.0228056218475103,3771
B,Bonferroni,10,0.01882789710952,0.0145849911496043,0.0233359858393669,3771
B,Bonferroni,11,0.0193582604083797,0.0151153542101383,0.0236077964305877,3771
B,Bonferroni,12,0.0193582604083797,0.0151153542101383,0.0236077964305877,3771
B,Bonferroni,13,0.0281092548395651,0.023070802912116,0.0336780697107315,3771
B,Bonferroni,14,0.0304958896844338,0.0254574380815029,0.0363298878073692,3771
B,Bonferroni,15,0.0310262529832935,0.02624635361135,0.0371254310011863,3771
B,Bonferroni,16,0.0318217979315831,0.0267833471298217,0.0379209741950035,3771
B,Bonferroni,17,0.0331477061787324,0.0278440732508897,0.0389883317053317,3771
B,Bonferroni,18,0.033943251127022,0.0286329887807369,0.0400424301624298,3771
B,Bonferroni,19,0.035799522673031,0.0304958894848823,0.0421638824045658,3771
B,Bonferroni,20,0.0360647043224608,0.0304958894848823,0.0424290634691715,3771
B,Bonferroni,21,0.0368602492707504,0.0315566174685955,0.0432246103882789,3771
B,Bonferroni,22,0.0368602492707504,0.0315566174685955,0.0432246103882789,3771
B,Bonferroni,23,0.0371254309201803,0.0318217985332012,0.0434897914528846,3771
B,Bonferroni,24,0.0373906125696101,0.0320869795978069,0.0437549725174903,3771
B,Bonferroni,25,0.0387165208167594,0.03314770758152,0.0450808815658092,3771
B,Bonferroni,26,0.0392468841156192,0.0334128886461257,0.0456112436950206,3771
B,Bonferroni,27,0.0400424290639087,0.0342084318399429,0.0464134165085852,3771
B,Bonferroni,28,0.041368337311058,0.0350039787590503,0.0477393254637718,3771
B,Bonferroni,29,0.0426942455582073,0.0363298878073692,0.0493237860500812,3771
B,Bonferroni,30,0.043224608857067,0.0368602499365806,0.0498607814311981,3771
B,Bonferroni,31,0.043224608857067,0.0368602499365806,0.0498607814311981,3771
B,Bonferroni,32,0.0440201538053566,0.037390612065792,0.0509148761630058,3771
B,Bonferroni,33,0.0448156987536462,0.0379209741950035,0.0517104230821132,3771
B,Bonferroni,34,0.0456112437019358,0.0387165211141109,0.0522407852113246,3771
B,Bonferroni,35,0.0458764253513656,0.0389817021787166,0.0525125958025455,3771
B,Bonferroni,36,0.0461416070007955,0.0395054347813129,0.0527711473405361,3771
B,Bonferroni,37,0.0466719702996552,0.0397772490978241,0.0533015131950378,3771
B,Bonferroni,38,0.0469371519490851,0.0400424301624298,0.0535666942596435,3771
B,Bonferroni,39,0.0472023335985149,0.0403076112270355,0.0538318753242492,3771
B,Bonferroni,40,0.0477326968973747,0.0408379733562469,0.0543688669800758,3771
B,Bonferroni,41,0.0479978785468045,0.0411031544208526,0.0546340480446815,3771
B,Bonferroni,42,0.0482630601962344,0.0413683354854583,0.0554229654371738,3771
B,Bonferroni,43,0.0482630601962344,0.0413683354854583,0.0554229654371738,3771
B,Bonferroni,44,0.0493237867939538,0.0421638824045658,0.0564836896955966,3771
B,Bonferroni,45,0.0498541500928135,0.042687615007162,0.0567555040121078,3771
B,Bonferroni,46,0.0498541500928135,0.042687615007162,0.0567555040121078,3771
B,Bonferroni,47,0.0501193317422434,0.0429594255983829,0.0572792366147041,3771
B,Bonferroni,48,0.0501193317422434,0.0429594255983829,0.0572792366147041,3771
B,Bonferroni,49,0.0514452399893927,0.0442853346467018,0.0586051456630229,3771
B,Bonferroni,50,0.052771148236542,0.0458764247596263,0.0601962357759475,3771
B,Bonferroni,51,0.0533015115354017,0.0461416058242321,0.060726597905159,3771
B,Bonferroni,52,0.0540970564836913,0.0469371527433395,0.0615221410989761,3771
B,Bonferroni,53,0.0551577830814107,0.0479978770017623,0.0628480538725853,3771
B,Bonferroni,54,0.0562185096791302,0.0490586049854755,0.0639087781310081,3771
B,Bonferroni,55,0.0570140546274197,0.0498541519045829,0.0647043213248252,3771
B,Bonferroni,56,0.0588703261734288,0.0517104230821132,0.0665605962276458,3771
B,Bonferroni,57,0.0617873243171572,0.0543622374534606,0.069742776453495,3771
B,Bonferroni,58,0.0641739591620259,0.0570140555500984,0.0723945870995521,3771
B,Bonferroni,59,0.0681516839034738,0.0604614168405532,0.0761071369051933,3771
B,Bonferroni,60,0.0694775921506231,0.0615221410989761,0.0776982232928276,3771
B,Bonferroni,61,0.0708035003977724,0.0625828728079795,0.0790307581424713,3771
B,Bonferroni,62,0.0713338636966322,0.0633717864751815,0.0795544981956482,3771
B,Bonferroni,63,0.071599045346062,0.0633784160017967,0.0798196792602539,3771
B,Bonferroni,64,0.071599045346062,0.0633784160017967,0.0798196792602539,3771
B,Bonferroni,65,0.0718642269954919,0.063902148604393,0.0800848603248596,3771
B,Bonferroni,66,0.0718642269954919,0.063902148604393,0.0800848603248596,3771
B,Bonferroni,67,0.0721294086449217,0.0639087781310081,0.0803500413894653,3771
B,Bonferroni,68,0.0721294086449217,0.0639087781310081,0.0803500413894653,3771
B,Bonferroni,69,0.0723945902943516,0.0641739591956138,0.0806218519806861,3771
B,Bonferroni,70,0.0723945902943516,0.0641739591956138,0.0806218519806861,3771
B,Bonferroni,71,0.0723945902943516,0.0641739591956138,0.0806218519806861,3771
B,Bonferroni,72,0.0723945902943516,0.0641739591956138,0.0806218519806861,3771
B,Bonferroni,73,0.0745160434897905,0.0662954151630401,0.0832670405507087,3771
B,Bonferroni,74,0.0745160434897905,0.0662954151630401,0.0832670405507087,3771
B,Bonferroni,75,0.0745160434897905,0.0662954151630401,0.0832670405507087,3771
B,Bonferroni,76,0.0745160434897905,0.0662954151630401,0.0832670405507087,3771
B,Bonferroni,77,0.0745160434897905,0.0662954151630401,0.0832670405507087,3771
B,Bonferroni,78,0.0745160434897905,0.0662954151630401,0.0832670405507087,3771
B,Bonferroni,79,0.0745160434897905,0.0662954151630401,0.0832670405507087,3771
B,Bonferroni,80,0.0745160434897905,0.0662954151630401,0.0832670405507087,3771
B,Bonferroni,81,0.0745160434897905,0.0662954151630401,0.0832670405507087,3771
B,Bonferroni,82,0.0745160434897905,0.0662954151630401,0.0832670405507087,3771
B,Bonferroni,83,0.0745160434897905,0.0662954151630401,0.0832670405507087,3771
B,Bonferroni,84,0.0745160434897905,0.0662954151630401,0.0832670405507087,3771
B,Bonferroni,85,0.0745160434897905,0.0662954151630401,0.0832670405507087,3771
B,Bonferroni,86,0.0745160434897905,0.0662954151630401,0.0832670405507087,3771
B,Bonferroni,87,0.0745160434897905,0.0662954151630401,0.0832670405507087,3771
B,Bonferroni,88,0.0745160434897905,0.0662954151630401,0.0832670405507087,3771
B,Bonferroni,89,0.0745160434897905,0.0662954151630401,0.0832670405507087,3771
B,Bonferroni,90,0.0745160434897905,0.0662954151630401,0.0832670405507087,3771
B,Bonferroni,91,0.0745160434897905,0.0662954151630401,0.0832670405507087,3771
B,Bonferroni,92,0.0745160434897905,0.0662954151630401,0.0832670405507087,3771
B,Bonferroni,93,0.0745160434897905,0.0662954151630401,0.0832670405507087,3771
B,Bonferroni,94,0.0745160434897905,0.0662954151630401,0.0832670405507087,3771
B,Bonferroni,95,0.0745160434897905,0.0662954151630401,0.0832670405507087,3771
B,Bonferroni,96,0.0745160434897905,0.0662954151630401,0.0832670405507087,3771
B,Bonferroni,97,0.0745160434897905,0.0662954151630401,0.0832670405507087,3771
B,Bonferroni,98,0.0745160434897905,0.0662954151630401,0.0832670405507087,3771
B,Bonferroni,99,0.0745160434897905,0.0662954151630401,0.0832670405507087,3771
B,Bonferroni,100,0.0745160434897905,0.0662954151630401,0.0832670405507087,3771
B,Bonferroni,101,0.0745160434897905,0.0662954151630401,0.0832670405507087,3771
B,Bonferroni,102,0.0745160434897905,0.0662954151630401,0.0832670405507087,3771
B,Bonferroni,103,0.0745160434897905,0.0662954151630401,0.0832670405507087,3771
B,Bonferroni,104,0.0745160434897905,0.0662954151630401,0.0832670405507087,3771
B,Bonferroni,105,0.0745160434897905,0.0662954151630401,0.0832670405507087,3771
B,Bonferroni,106,0.0745160434897905,0.0662954151630401,0.0832670405507087,3771
B,Bonferroni,107,0.0745160434897905,0.0662954151630401,0.0832670405507087,3771
B,Bonferroni,108,0.0745160434897905,0.0662954151630401,0.0832670405507087,3771
B,Bonferroni,109,0.0745160434897905,0.0662954151630401,0.0832670405507087,3771
B,Bonferroni,110,0.0745160434897905,0.0662954151630401,0.0832670405507087,3771
B,Bonferroni,111,0.0745160434897905,0.0662954151630401,0.0832670405507087,3771
B,Bonferroni,112,0.0745160434897905,0.0662954151630401,0.0832670405507087,3771
B,Bonferroni,113,0.0745160434897905,0.0662954151630401,0.0832670405507087,3771
B,Bonferroni,114,0.0745160434897905,0.0662954151630401,0.0832670405507087,3771
B,Bonferroni,115,0.0745160434897905,0.0662954151630401,0.0832670405507087,3771
B,Bonferroni,116,0.0745160434897905,0.0662954151630401,0.0832670405507087,3771
B,Bonferroni,117,0.0745160434897905,0.0662954151630401,0.0832670405507087,3771
B,Bonferroni,118,0.0745160434897905,0.0662954151630401,0.0832670405507087,3771
B,Bonferroni,119,0.0745160434897905,0.0662954151630401,0.0832670405507087,3771
B,Bonferroni,120,0.0745160434897905,0.0662954151630401,0.0832670405507087,3771
B,Bonferroni,121,0.0745160434897905,0.0662954151630401,0.0832670405507087,3771
B,Bonferroni,122,0.0745160434897905,0.0662954151630401,0.0832670405507087,3771
B,Bonferroni,123,0.0745160434897905,0.0662954151630401,0.0832670405507087,3771
B,Bonferroni,124,0.0745160434897905,0.0662954151630401,0.0832670405507087,3771
B,Bonferroni,125,0.0745160434897905,0.0662954151630401,0.0832670405507087,3771
B,Bonferroni,126,0.0745160434897905,0.0662954151630401,0.0832670405507087,3771
B,Bonferroni,127,0.0745160434897905,0.0662954151630401,0.0832670405507087,3771
B,Bonferroni,128,0.0745160434897905,0.0662954151630401,0.0832670405507087,3771
B,Bonferroni,129,0.0745160434897905,0.0662954151630401,0.0832670405507087,3771
B,Bonferroni,130,0.0745160434897905,0.0662954151630401,0.0832670405507087,3771
B,Bonferroni,131,0.0745160434897905,0.0662954151630401,0.0832670405507087,3771
B,Bonferroni,132,0.0745160434897905,0.0662954151630401,0.0832670405507087,3771
B,Bonferroni,133,0.0745160434897905,0.0662954151630401,0.0832670405507087,3771
B,Bonferroni,134,0.0745160434897905,0.0662954151630401,0.0832670405507087,3771
B,Bonferroni,135,0.0745160434897905,0.0662954151630401,0.0832670405507087,3771
B,Bonferroni,136,0.0745160434897905,0.0662954151630401,0.0832670405507087,3771
B,Bonferroni,137,0.0745160434897905,0.0662954151630401,0.0832670405507087,3771
B,Bonferroni,138,0.0745160434897905,0.0662954151630401,0.0832670405507087,3771
B,Bonferroni,139,0.0745160434897905,0.0662954151630401,0.0832670405507087,3771
B,Bonferroni,140,0.0745160434897905,0.0662954151630401,0.0832670405507087,3771
B,Bonferroni,141,0.0745160434897905,0.0662954151630401,0.0832670405507087,3771
B,Bonferroni,142,0.0745160434897905,0.0662954151630401,0.0832670405507087,3771
B,Bonferroni,143,0.0745160434897905,0.0662954151630401,0.0832670405507087,3771
B,Bonferroni,144,0.0745160434897905,0.0662954151630401,0.0832670405507087,3771
B,Bonferroni,145,0.0745160434897905,0.0662954151630401,0.0832670405507087,3771
B,Bonferroni,146,0.0745160434897905,0.0662954151630401,0.0832670405507087,3771
B,Bonferroni,147,0.0745160434897905,0.0662954151630401,0.0832670405507087,3771
B,Bonferroni,148,0.0745160434897905,0.0662954151630401,0.0832670405507087,3771
B,Bonferroni,149,0.0745160434897905,0.0662954151630401,0.0832670405507087,3771
B,Bonferroni,150,0.0745160434897905,0.0662954151630401,0.0832670405507087,3771
B,Bonferroni,151,0.0745160434897905,0.0662954151630401,0.0832670405507087,3771
B,Bonferroni,152,0.0745160434897905,0.0662954151630401,0.0832670405507087,3771
B,Bonferroni,153,0.0745160434897905,0.0662954151630401,0.0832670405507087,3771
B,Bonferroni,154,0.0745160434897905,0.0662954151630401,0.0832670405507087,3771
B,Bonferroni,155,0.0745160434897905,0.0662954151630401,0.0832670405507087,3771
B,Bonferroni,156,0.0745160434897905,0.0662954151630401,0.0832670405507087,3771
B,Bonferroni,157,0.0745160434897905,0.0662954151630401,0.0832670405507087,3771
B,Bonferroni,158,0.0745160434897905,0.0662954151630401,0.0832670405507087,3771
B,Bonferroni,159,0.0745160434897905,0.0662954151630401,0.0832670405507087,3771
B,Bonferroni,160,0.0745160434897905,0.0662954151630401,0.0832670405507087,3771
B,Bonferroni,161,0.0745160434897905,0.0662954151630401,0.0832670405507087,3771
B,Bonferroni,162,0.0745160434897905,0.0662954151630401,0.0832670405507087,3771
B,Bonferroni,163,0.0745160434897905,0.0662954151630401,0.0832670405507087,3771
B,Bonferroni,164,0.0745160434897905,0.0662954151630401,0.0832670405507087,3771
B,Bonferroni,165,0.0745160434897905,0.0662954151630401,0.0832670405507087,3771
B,Bonferroni,166,0.0745160434897905,0.0662954151630401,0.0832670405507087,3771
B,Bonferroni,167,0.0745160434897905,0.0662954151630401,0.0832670405507087,3771
B,Bonferroni,168,0.0745160434897905,0.0662954151630401,0.0832670405507087,3771
B,PaFAR-F,1,0.0,0.0,0.0,3771
B,PaFAR-F,2,0.0,0.0,0.0,3771
B,PaFAR-F,3,0.0,0.0,0.0,3771
B,PaFAR-F,4,0.0,0.0,0.0,3771
B,PaFAR-F,5,0.0,0.0,0.0,3771
B,PaFAR-F,6,0.0540970564836913,0.0469371527433395,0.0612569600343704,3771
B,PaFAR-F,7,0.0689472288517634,0.0609917789697647,0.0766441285610198,3771
B,PaFAR-F,8,0.0766374966852293,0.068145053088665,0.0845995754003524,3771
B,PaFAR-F,9,0.0816759480243967,0.0729249566793441,0.0901617631316185,3771
B,PaFAR-F,10,0.0843277645186953,0.0753115862607956,0.0928135737776756,3771
B,PaFAR-F,11,0.0859188544152744,0.0766374990344047,0.0944112971425056,3771
B,PaFAR-F,12,0.0875099443118536,0.078228585422039,0.0965261235833168,3771
B,PaFAR-F,13,0.0891010342084327,0.0798130497336387,0.0978520289063453,3771
B,PaFAR-F,14,0.0901617608061522,0.0808804035186767,0.0986542016267776,3771
B,PaFAR-F,15,0.0906921241050119,0.0814107656478881,0.0994431152939796,3771
B,PaFAR-F,16,0.0912224874038716,0.0819411277770996,0.1002386659383773,3771
B,PaFAR-F,17,0.0917528507027313,0.0824648603796958,0.1005104765295982,3771
B,PaFAR-F,18,0.0920180323521612,0.0827300414443016,0.1007690280675888,3771
B,PaFAR-F,19,0.0925483956510209,0.0832670405507087,0.1013060197234153,3771
B,PaFAR-F,20,0.0925483956510209,0.0832670405507087,0.1013060197234153,3771
B,PaFAR-F,21,0.0933439405993105,0.0840625837445259,0.1023667439818382,3771
B,PaFAR-F,22,0.0933439405993105,0.0840625837445259,0.1023667439818382,3771
B,PaFAR-F,23,0.0933439405993105,0.0840625837445259,0.1023667439818382,3771
B,PaFAR-F,24,0.0933439405993105,0.0840625837445259,0.1023667439818382,3771
B,PaFAR-F,25,0.0933439405993105,0.0840625837445259,0.1023667439818382,3771
B,PaFAR-F,26,0.0933439405993105,0.0840625837445259,0.1023667439818382,3771
B,PaFAR-F,27,0.0936091222487403,0.0845863163471221,0.1026319250464439,3771
B,PaFAR-F,28,0.0936091222487403,0.0845863163471221,0.1026319250464439,3771
B,PaFAR-F,29,0.0936091222487403,0.0845863163471221,0.1026319250464439,3771
B,PaFAR-F,30,0.0938743038981702,0.0848514974117279,0.1028904765844345,3771
B,PaFAR-F,31,0.0941394855476001,0.0851233080029487,0.1031556650996208,3771
B,PaFAR-F,32,0.0941394855476001,0.0851233080029487,0.1031556650996208,3771
B,PaFAR-F,33,0.0941394855476001,0.0851233080029487,0.1031556650996208,3771
B,PaFAR-F,34,0.0941394855476001,0.0851233080029487,0.1031556650996208,3771
B,PaFAR-F,35,0.0941394855476001,0.0851233080029487,0.1031556650996208,3771
B,PaFAR-F,36,0.0944046671970299,0.085647040605545,0.1034274756908416,3771
B,PaFAR-F,37,0.0944046671970299,0.085647040605545,0.1034274756908416,3771
B,PaFAR-F,38,0.0944046671970299,0.085647040605545,0.1034274756908416,3771
B,PaFAR-F,39,0.0946698488464598,0.0856536701321601,0.1036926567554473,3771
B,PaFAR-F,40,0.0946698488464598,0.0856536701321601,0.1036926567554473,3771
B,PaFAR-F,41,0.0949350304958896,0.0856536701321601,0.103957837820053,3771
B,PaFAR-F,42,0.0952002121453195,0.0861774099990725,0.1044815704226493,3771
B,PaFAR-F,43,0.0952002121453195,0.0861774099990725,0.1044815704226493,3771
B,PaFAR-F,44,0.0952002121453195,0.0861774099990725,0.1044815704226493,3771
B,PaFAR-F,45,0.0952002121453195,0.0861774099990725,0.1044815704226493,3771
B,PaFAR-F,46,0.0952002121453195,0.0861774099990725,0.1044815704226493,3771
B,PaFAR-F,47,0.0952002121453195,0.0861774099990725,0.1044815704226493,3771
B,PaFAR-F,48,0.0952002121453195,0.0861774099990725,0.1044815704226493,3771
B,PaFAR-F,49,0.0952002121453195,0.0861774099990725,0.1044815704226493,3771
B,PaFAR-F,50,0.0952002121453195,0.0861774099990725,0.1044815704226493,3771
B,PaFAR-F,51,0.0952002121453195,0.0861774099990725,0.1044815704226493,3771
B,PaFAR-F,52,0.0952002121453195,0.0861774099990725,0.1044815704226493,3771
B,PaFAR-F,53,0.0952002121453195,0.0861774099990725,0.1044815704226493,3771
B,PaFAR-F,54,0.0952002121453195,0.0861774099990725,0.1044815704226493,3771
B,PaFAR-F,55,0.0959957570936091,0.0869795829057693,0.1052771136164665,3771
B,PaFAR-F,56,0.0965261203924688,0.0875033155083656,0.1058074757456779,3771
B,PaFAR-F,57,0.0970564836913285,0.0875099450349807,0.1063378378748893,3771
B,PaFAR-F,58,0.0970564836913285,0.0875099450349807,0.1063378378748893,3771
B,PaFAR-F,59,0.0978520286396181,0.0885640397667884,0.1071333885192871,3771
B,PaFAR-F,60,0.0989127552373375,0.0893662124872207,0.1082007423043251,3771
B,PaFAR-F,61,0.0994431185361972,0.0901551336050033,0.1089896559715271,3771
B,PaFAR-F,62,0.099973481835057,0.0904269441962242,0.1097851991653442,3771
B,PaFAR-F,63,0.099973481835057,0.0904269441962242,0.1097851991653442,3771
B,PaFAR-F,64,0.099973481835057,0.0904269441962242,0.1097851991653442,3771
B,PaFAR-F,65,0.099973481835057,0.0904269441962242,0.1097851991653442,3771
B,PaFAR-F,66,0.099973481835057,0.0904269441962242,0.1097851991653442,3771
B,PaFAR-F,67,0.099973481835057,0.0904269441962242,0.1097851991653442,3771
B,PaFAR-F,68,0.1002386634844868,0.0906921252608299,0.1097851991653442,3771
B,PaFAR-F,69,0.1002386634844868,0.0906921252608299,0.1097851991653442,3771
B,PaFAR-F,70,0.1002386634844868,0.0906921252608299,0.1097851991653442,3771
B,PaFAR-F,71,0.1002386634844868,0.0906921252608299,0.1097851991653442,3771
B,PaFAR-F,72,0.1002386634844868,0.0906921252608299,0.1097851991653442,3771
B,PaFAR-F,73,0.1002386634844868,0.0906921252608299,0.1097851991653442,3771
B,PaFAR-F,74,0.1005038451339167,0.0909573063254356,0.1100570172071456,3771
B,PaFAR-F,75,0.1005038451339167,0.0909573063254356,0.1100570172071456,3771
B,PaFAR-F,76,0.1005038451339167,0.0909573063254356,0.1100570172071456,3771
B,PaFAR-F,77,0.1005038451339167,0.0909573063254356,0.1100570172071456,3771
B,PaFAR-F,78,0.1005038451339167,0.0909573063254356,0.1100570172071456,3771
B,PaFAR-F,79,0.1005038451339167,0.0909573063254356,0.1100570172071456,3771
B,PaFAR-F,80,0.1005038451339167,0.0909573063254356,0.1100570172071456,3771
B,PaFAR-F,81,0.1005038451339167,0.0909573063254356,0.1100570172071456,3771
B,PaFAR-F,82,0.1005038451339167,0.0909573063254356,0.1100570172071456,3771
B,PaFAR-F,83,0.1007690267833466,0.0914810389280319,0.1103155687451362,3771
B,PaFAR-F,84,0.1007690267833466,0.0914810389280319,0.1103155687451362,3771
B,PaFAR-F,85,0.1007690267833466,0.0914810389280319,0.1103155687451362,3771
B,PaFAR-F,86,0.1007690267833466,0.0914810389280319,0.1103155687451362,3771
B,PaFAR-F,87,0.1007690267833466,0.0914810389280319,0.1103155687451362,3771
B,PaFAR-F,88,0.1007690267833466,0.0914810389280319,0.1103155687451362,3771
B,PaFAR-F,89,0.1007690267833466,0.0914810389280319,0.1103155687451362,3771
B,PaFAR-F,90,0.1007690267833466,0.0914810389280319,0.1103155687451362,3771
B,PaFAR-F,91,0.1007690267833466,0.0914810389280319,0.1103155687451362,3771
B,PaFAR-F,92,0.1007690267833466,0.0914810389280319,0.1103155687451362,3771
B,PaFAR-F,93,0.1007690267833466,0.0914810389280319,0.1103155687451362,3771
B,PaFAR-F,94,0.1007690267833466,0.0914810389280319,0.1103155687451362,3771
B,PaFAR-F,95,0.1007690267833466,0.0914810389280319,0.1103155687451362,3771
B,PaFAR-F,96,0.1007690267833466,0.0914810389280319,0.1103155687451362,3771
B,PaFAR-F,97,0.1007690267833466,0.0914810389280319,0.1103155687451362,3771
B,PaFAR-F,98,0.1007690267833466,0.0914810389280319,0.1103155687451362,3771
B,PaFAR-F,99,0.1007690267833466,0.0914810389280319,0.1103155687451362,3771
B,PaFAR-F,100,0.1007690267833466,0.0914810389280319,0.1103155687451362,3771
B,PaFAR-F,101,0.1007690267833466,0.0914810389280319,0.1103155687451362,3771
B,PaFAR-F,102,0.1007690267833466,0.0914810389280319,0.1103155687451362,3771
B,PaFAR-F,103,0.1007690267833466,0.0914810389280319,0.1103155687451362,3771
B,PaFAR-F,104,0.1007690267833466,0.0914810389280319,0.1103155687451362,3771
B,PaFAR-F,105,0.1007690267833466,0.0914810389280319,0.1103155687451362,3771
B,PaFAR-F,106,0.1007690267833466,0.0914810389280319,0.1103155687451362,3771
B,PaFAR-F,107,0.1007690267833466,0.0914810389280319,0.1103155687451362,3771
B,PaFAR-F,108,0.1007690267833466,0.0914810389280319,0.1103155687451362,3771
B,PaFAR-F,109,0.1007690267833466,0.0914810389280319,0.1103155687451362,3771
B,PaFAR-F,110,0.1007690267833466,0.0914810389280319,0.1103155687451362,3771
B,PaFAR-F,111,0.1007690267833466,0.0914810389280319,0.1103155687451362,3771
B,PaFAR-F,112,0.1007690267833466,0.0914810389280319,0.1103155687451362,3771
B,PaFAR-F,113,0.1007690267833466,0.0914810389280319,0.1103155687451362,3771
B,PaFAR-F,114,0.1007690267833466,0.0914810389280319,0.1103155687451362,3771
B,PaFAR-F,115,0.1007690267833466,0.0914810389280319,0.1103155687451362,3771
B,PaFAR-F,116,0.1007690267833466,0.0914810389280319,0.1103155687451362,3771
B,PaFAR-F,117,0.1007690267833466,0.0914810389280319,0.1103155687451362,3771
B,PaFAR-F,118,0.1007690267833466,0.0914810389280319,0.1103155687451362,3771
B,PaFAR-F,119,0.1010342084327764,0.0917528495192527,0.1105873793363571,3771
B,PaFAR-F,120,0.1010342084327764,0.0917528495192527,0.1105873793363571,3771
B,PaFAR-F,121,0.1010342084327764,0.0917528495192527,0.1105873793363571,3771
B,PaFAR-F,122,0.1010342084327764,0.0917528495192527,0.1105873793363571,3771
B,PaFAR-F,123,0.1010342084327764,0.0917528495192527,0.1105873793363571,3771
B,PaFAR-F,124,0.1010342084327764,0.0917528495192527,0.1105873793363571,3771
B,PaFAR-F,125,0.1010342084327764,0.0917528495192527,0.1105873793363571,3771
B,PaFAR-F,126,0.1010342084327764,0.0917528495192527,0.1105873793363571,3771
B,PaFAR-F,127,0.1010342084327764,0.0917528495192527,0.1105873793363571,3771
B,PaFAR-F,128,0.1010342084327764,0.0917528495192527,0.1105873793363571,3771
B,PaFAR-F,129,0.1010342084327764,0.0917528495192527,0.1105873793363571,3771
B,PaFAR-F,130,0.1010342084327764,0.0917528495192527,0.1105873793363571,3771
B,PaFAR-F,131,0.1010342084327764,0.0917528495192527,0.1105873793363571,3771
B,PaFAR-F,132,0.1010342084327764,0.0917528495192527,0.1105873793363571,3771
B,PaFAR-F,133,0.1010342084327764,0.0917528495192527,0.1105873793363571,3771
B,PaFAR-F,134,0.1010342084327764,0.0917528495192527,0.1105873793363571,3771
B,PaFAR-F,135,0.1010342084327764,0.0917528495192527,0.1105873793363571,3771
B,PaFAR-F,136,0.1010342084327764,0.0917528495192527,0.1105873793363571,3771
B,PaFAR-F,137,0.1010342084327764,0.0917528495192527,0.1105873793363571,3771
B,PaFAR-F,138,0.1010342084327764,0.0917528495192527,0.1105873793363571,3771
B,PaFAR-F,139,0.1010342084327764,0.0917528495192527,0.1105873793363571,3771
B,PaFAR-F,140,0.1010342084327764,0.0917528495192527,0.1105873793363571,3771
B,PaFAR-F,141,0.1010342084327764,0.0917528495192527,0.1105873793363571,3771
B,PaFAR-F,142,0.1010342084327764,0.0917528495192527,0.1105873793363571,3771
B,PaFAR-F,143,0.1010342084327764,0.0917528495192527,0.1105873793363571,3771
B,PaFAR-F,144,0.1010342084327764,0.0917528495192527,0.1105873793363571,3771
B,PaFAR-F,145,0.1010342084327764,0.0917528495192527,0.1105873793363571,3771
B,PaFAR-F,146,0.1012993900822063,0.092276582121849,0.1111111119389534,3771
B,PaFAR-F,147,0.1012993900822063,0.092276582121849,0.1111111119389534,3771
B,PaFAR-F,148,0.1012993900822063,0.092276582121849,0.1111111119389534,3771
B,PaFAR-F,149,0.1012993900822063,0.092276582121849,0.1111111119389534,3771
B,PaFAR-F,150,0.1012993900822063,0.092276582121849,0.1111111119389534,3771
B,PaFAR-F,151,0.1012993900822063,0.092276582121849,0.1111111119389534,3771
B,PaFAR-F,152,0.1012993900822063,0.092276582121849,0.1111111119389534,3771
B,PaFAR-F,153,0.1012993900822063,0.092276582121849,0.1111111119389534,3771
B,PaFAR-F,154,0.1012993900822063,0.092276582121849,0.1111111119389534,3771
B,PaFAR-F,155,0.1012993900822063,0.092276582121849,0.1111111119389534,3771
B,PaFAR-F,156,0.1012993900822063,0.092276582121849,0.1111111119389534,3771
B,PaFAR-F,157,0.1012993900822063,0.092276582121849,0.1111111119389534,3771
B,PaFAR-F,158,0.1012993900822063,0.092276582121849,0.1111111119389534,3771
B,PaFAR-F,159,0.1012993900822063,0.092276582121849,0.1111111119389534,3771
B,PaFAR-F,160,0.1012993900822063,0.092276582121849,0.1111111119389534,3771
B,PaFAR-F,161,0.1012993900822063,0.092276582121849,0.1111111119389534,3771
B,PaFAR-F,162,0.1012993900822063,0.092276582121849,0.1111111119389534,3771
B,PaFAR-F,163,0.1012993900822063,0.092276582121849,0.1111111119389534,3771
B,PaFAR-F,164,0.1012993900822063,0.092276582121849,0.1111111119389534,3771
B,PaFAR-F,165,0.1012993900822063,0.092276582121849,0.1111111119389534,3771
B,PaFAR-F,166,0.1012993900822063,0.092276582121849,0.1111111119389534,3771
B,PaFAR-F,167,0.1012993900822063,0.092276582121849,0.1111111119389534,3771
B,PaFAR-F,168,0.1012993900822063,0.092276582121849,0.1111111119389534,3771
B,PaFAR-T,1,0.0,0.0,0.0,3771
B,PaFAR-T,2,0.0,0.0,0.0,3771
B,PaFAR-T,3,0.0,0.0,0.0,3771
B,PaFAR-T,4,0.0,0.0,0.0,3771
B,PaFAR-T,5,0.0,0.0,0.0,3771
B,PaFAR-T,6,0.0098117210289048,0.006894723046571,0.0135242640972137,3771
B,PaFAR-T,7,0.0140546274197825,0.0106072658672928,0.0180323515087366,3771
B,PaFAR-T,8,0.016971625563511,0.0132590821012854,0.0212145317345857,3771
B,PaFAR-T,9,0.0182975338106603,0.0145849911496043,0.0225404407829046,3771
B,PaFAR-T,10,0.01882789710952,0.0151153542101383,0.023070802912116,3771
B,PaFAR-T,11,0.0193582604083797,0.015380535274744,0.0236011669039726,3771
B,PaFAR-T,12,0.0193582604083797,0.015380535274744,0.0236011669039726,3771
B,PaFAR-T,13,0.049058605144524,0.0421638824045658,0.0556881465017795,3771
B,PaFAR-T,14,0.050914876690533,0.0437549725174903,0.0578095987439155,3771
B,PaFAR-T,15,0.0533015115354017,0.0458764247596263,0.0604614168405532,3771
B,PaFAR-T,16,0.0548926014319809,0.0477260664105415,0.0620525069534778,3771
B,PaFAR-T,17,0.0570140546274197,0.0495889671146869,0.064180588722229,3771
B,PaFAR-T,18,0.060196234420578,0.0527645178139209,0.0678865015506744,3771
B,PaFAR-T,19,0.0612569610182975,0.0535600647330284,0.0689472258090972,3771
B,PaFAR-T,20,0.0633784142137364,0.0554229654371738,0.0713338628411293,3771
B,PaFAR-T,21,0.0641739591620259,0.0559533275663852,0.0723945870995521,3771
B,PaFAR-T,22,0.0654998674091752,0.0572792366147041,0.073985680937767,3771
B,PaFAR-T,23,0.0654998674091752,0.0572792366147041,0.073985680937767,3771
B,PaFAR-T,24,0.066030230708035,0.0578095987439155,0.0742508620023727,3771
B,PaFAR-T,25,0.0708035003977724,0.0623176880180835,0.0798196792602539,3771
B,PaFAR-T,26,0.0726597719437815,0.0636435970664024,0.0816759467124939,3771
B,PaFAR-T,27,0.0747812251392203,0.0660236043855548,0.0837974026799202,3771
B,PaFAR-T,28,0.07531158843808,0.0662954151630401,0.0845929458737373,3771
B,PaFAR-T,29,0.0763723150357995,0.0678798720240592,0.0853884890675544,3771
B,PaFAR-T,30,0.0787589498806682,0.0702665090560913,0.0877817556262016,3771
B,PaFAR-T,31,0.0803500397772474,0.071599043905735,0.0898965820670127,3771
B,PaFAR-T,32,0.0816759480243967,0.0726597756147384,0.0912224873900413,3771
B,PaFAR-T,33,0.0835322195704057,0.0745160430669784,0.0930787622928619,3771
B,PaFAR-T,34,0.0837974012198355,0.0747812241315841,0.0933439433574676,3771
B,PaFAR-T,35,0.084858127817555,0.0761071369051933,0.094152745604515,3771
B,PaFAR-T,36,0.0859188544152744,0.0769026800990104,0.0952068403363227,3771
B,PaFAR-T,37,0.0861840360647043,0.0771678611636161,0.0954653918743133,3771
B,PaFAR-T,38,0.0869795810129939,0.0779567748308181,0.0959957540035247,3771
B,PaFAR-T,39,0.088570670909573,0.0792893096804618,0.0978586584329605,3771
B,PaFAR-T,40,0.0896313975072925,0.080615222454071,0.0991779342293739,3771
B,PaFAR-T,41,0.0909573057544417,0.0816693171858787,0.1007690280675888,3771
B,PaFAR-T,42,0.0912224874038716,0.0819411277770996,0.1007690280675888,3771
B,PaFAR-T,43,0.0917528507027313,0.0827300414443016,0.1012993901968002,3771
B,PaFAR-T,44,0.092283214001591,0.0832604110240936,0.1020949333906173,3771
B,PaFAR-T,45,0.0930787589498806,0.0837974026799202,0.1028904765844345,3771
B,PaFAR-T,46,0.0930787589498806,0.0837974026799202,0.1028904765844345,3771
B,PaFAR-T,47,0.0930787589498806,0.0837974026799202,0.1028904765844345,3771
B,PaFAR-T,48,0.0941394855476001,0.084858126938343,0.103957837820053,3771
B,PaFAR-T,49,0.0941394855476001,0.084858126938343,0.103957837820053,3771
B,PaFAR-T,50,0.0944046671970299,0.0851233080029487,0.1042230188846588,3771
B,PaFAR-T,51,0.0944046671970299,0.0851233080029487,0.1042230188846588,3771
B,PaFAR-T,52,0.0944046671970299,0.0851233080029487,0.1042230188846588,3771
B,PaFAR-T,53,0.0944046671970299,0.0851233080029487,0.1042230188846588,3771
B,PaFAR-T,54,0.0944046671970299,0.0851233080029487,0.1042230188846588,3771
B,PaFAR-T,55,0.0946698488464598,0.0853884890675544,0.1044881999492645,3771
B,PaFAR-T,56,0.0949350304958896,0.0856536701321601,0.1050119325518608,3771
B,PaFAR-T,57,0.0952002121453195,0.0859188511967659,0.1052771136164665,3771
B,PaFAR-T,58,0.0952002121453195,0.0859188511967659,0.1052771136164665,3771
B,PaFAR-T,59,0.0962609387430389,0.0869729533791542,0.1060726568102836,3771
B,PaFAR-T,60,0.0967913020418987,0.087244763970375,0.1066030263900756,3771
B,PaFAR-T,61,0.0978520286396181,0.0883054882287979,0.1079289317131042,3771
B,PaFAR-T,62,0.0978520286396181,0.0883054882287979,0.1079289317131042,3771
B,PaFAR-T,63,0.0983823919384778,0.0885706692934036,0.1081941127777099,3771
B,PaFAR-T,64,0.0986475735879077,0.0888358503580093,0.1084592938423156,3771
B,PaFAR-T,65,0.0989127552373375,0.0893595829606056,0.1084659233689308,3771
B,PaFAR-T,66,0.0991779368867674,0.0893595829606056,0.1089896559715271,3771
B,PaFAR-T,67,0.0991779368867674,0.0893595829606056,0.1089896559715271,3771
B,PaFAR-T,68,0.0991779368867674,0.0893595829606056,0.1089896559715271,3771
B,PaFAR-T,69,0.0991779368867674,0.0893595829606056,0.1089896559715271,3771
B,PaFAR-T,70,0.0991779368867674,0.0893595829606056,0.1089896559715271,3771
B,PaFAR-T,71,0.0991779368867674,0.0893595829606056,0.1089896559715271,3771
B,PaFAR-T,72,0.0991779368867674,0.0893595829606056,0.1089896559715271,3771
B,PaFAR-T,73,0.0994431185361972,0.0893662124872207,0.1089962854981422,3771
B,PaFAR-T,74,0.0994431185361972,0.0893662124872207,0.1089962854981422,3771
B,PaFAR-T,75,0.0994431185361972,0.0893662124872207,0.1089962854981422,3771
B,PaFAR-T,76,0.0997083001856271,0.089631401002407,0.1092548370361328,3771
B,PaFAR-T,77,0.099973481835057,0.0898965820670127,0.1095200181007385,3771
B,PaFAR-T,78,0.099973481835057,0.0898965820670127,0.1095200181007385,3771
B,PaFAR-T,79,0.099973481835057,0.0898965820670127,0.1095200181007385,3771
B,PaFAR-T,80,0.099973481835057,0.0898965820670127,0.1095200181007385,3771
B,PaFAR-T,81,0.099973481835057,0.0898965820670127,0.1095200181007385,3771
B,PaFAR-T,82,0.099973481835057,0.0898965820670127,0.1095200181007385,3771
B,PaFAR-T,83,0.099973481835057,0.0898965820670127,0.1095200181007385,3771
B,PaFAR-T,84,0.099973481835057,0.0898965820670127,0.1095200181007385,3771
B,PaFAR-T,85,0.099973481835057,0.0898965820670127,0.1095200181007385,3771
B,PaFAR-T,86,0.099973481835057,0.0898965820670127,0.1095200181007385,3771
B,PaFAR-T,87,0.099973481835057,0.0898965820670127,0.1095200181007385,3771
B,PaFAR-T,88,0.099973481835057,0.0898965820670127,0.1095200181007385,3771
B,PaFAR-T,89,0.099973481835057,0.0898965820670127,0.1095200181007385,3771
B,PaFAR-T,90,0.099973481835057,0.0898965820670127,0.1095200181007385,3771
B,PaFAR-T,91,0.099973481835057,0.0898965820670127,0.1095200181007385,3771
B,PaFAR-T,92,0.099973481835057,0.0898965820670127,0.1095200181007385,3771
B,PaFAR-T,93,0.099973481835057,0.0898965820670127,0.1095200181007385,3771
B,PaFAR-T,94,0.099973481835057,0.0898965820670127,0.1095200181007385,3771
B,PaFAR-T,95,0.099973481835057,0.0898965820670127,0.1095200181007385,3771
B,PaFAR-T,96,0.099973481835057,0.0898965820670127,0.1095200181007385,3771
B,PaFAR-T,97,0.099973481835057,0.0898965820670127,0.1095200181007385,3771
B,PaFAR-T,98,0.099973481835057,0.0898965820670127,0.1095200181007385,3771
B,PaFAR-T,99,0.099973481835057,0.0898965820670127,0.1095200181007385,3771
B,PaFAR-T,100,0.099973481835057,0.0898965820670127,0.1095200181007385,3771
B,PaFAR-T,101,0.099973481835057,0.0898965820670127,0.1095200181007385,3771
B,PaFAR-T,102,0.099973481835057,0.0898965820670127,0.1095200181007385,3771
B,PaFAR-T,103,0.099973481835057,0.0898965820670127,0.1095200181007385,3771
B,PaFAR-T,104,0.099973481835057,0.0898965820670127,0.1095200181007385,3771
B,PaFAR-T,105,0.099973481835057,0.0898965820670127,0.1095200181007385,3771
B,PaFAR-T,106,0.099973481835057,0.0898965820670127,0.1095200181007385,3771
B,PaFAR-T,107,0.099973481835057,0.0898965820670127,0.1095200181007385,3771
B,PaFAR-T,108,0.099973481835057,0.0898965820670127,0.1095200181007385,3771
B,PaFAR-T,109,0.099973481835057,0.0898965820670127,0.1095200181007385,3771
B,PaFAR-T,110,0.099973481835057,0.0898965820670127,0.1095200181007385,3771
B,PaFAR-T,111,0.099973481835057,0.0898965820670127,0.1095200181007385,3771
B,PaFAR-T,112,0.099973481835057,0.0898965820670127,0.1095200181007385,3771
B,PaFAR-T,113,0.099973481835057,0.0898965820670127,0.1095200181007385,3771
B,PaFAR-T,114,0.099973481835057,0.0898965820670127,0.1095200181007385,3771
B,PaFAR-T,115,0.099973481835057,0.0898965820670127,0.1095200181007385,3771
B,PaFAR-T,116,0.099973481835057,0.0898965820670127,0.1095200181007385,3771
B,PaFAR-T,117,0.099973481835057,0.0898965820670127,0.1095200181007385,3771
B,PaFAR-T,118,0.099973481835057,0.0898965820670127,0.1095200181007385,3771
B,PaFAR-T,119,0.099973481835057,0.0898965820670127,0.1095200181007385,3771
B,PaFAR-T,120,0.099973481835057,0.0898965820670127,0.1095200181007385,3771
B,PaFAR-T,121,0.099973481835057,0.0898965820670127,0.1095200181007385,3771
B,PaFAR-T,122,0.099973481835057,0.0898965820670127,0.1095200181007385,3771
B,PaFAR-T,123,0.099973481835057,0.0898965820670127,0.1095200181007385,3771
B,PaFAR-T,124,0.099973481835057,0.0898965820670127,0.1095200181007385,3771
B,PaFAR-T,125,0.099973481835057,0.0898965820670127,0.1095200181007385,3771
B,PaFAR-T,126,0.099973481835057,0.0898965820670127,0.1095200181007385,3771
B,PaFAR-T,127,0.099973481835057,0.0898965820670127,0.1095200181007385,3771
B,PaFAR-T,128,0.099973481835057,0.0898965820670127,0.1095200181007385,3771
B,PaFAR-T,129,0.099973481835057,0.0898965820670127,0.1095200181007385,3771
B,PaFAR-T,130,0.099973481835057,0.0898965820670127,0.1095200181007385,3771
B,PaFAR-T,131,0.099973481835057,0.0898965820670127,0.1095200181007385,3771
B,PaFAR-T,132,0.099973481835057,0.0898965820670127,0.1095200181007385,3771
B,PaFAR-T,133,0.099973481835057,0.0898965820670127,0.1095200181007385,3771
B,PaFAR-T,134,0.099973481835057,0.0898965820670127,0.1095200181007385,3771
B,PaFAR-T,135,0.099973481835057,0.0898965820670127,0.1095200181007385,3771
B,PaFAR-T,136,0.099973481835057,0.0898965820670127,0.1095200181007385,3771
B,PaFAR-T,137,0.099973481835057,0.0898965820670127,0.1095200181007385,3771
B,PaFAR-T,138,0.099973481835057,0.0898965820670127,0.1095200181007385,3771
B,PaFAR-T,139,0.099973481835057,0.0898965820670127,0.1095200181007385,3771
B,PaFAR-T,140,0.099973481835057,0.0898965820670127,0.1095200181007385,3771
B,PaFAR-T,141,0.099973481835057,0.0898965820670127,0.1095200181007385,3771
B,PaFAR-T,142,0.099973481835057,0.0898965820670127,0.1095200181007385,3771
B,PaFAR-T,143,0.099973481835057,0.0898965820670127,0.1095200181007385,3771
B,PaFAR-T,144,0.1002386634844868,0.0901617631316185,0.1097851991653442,3771
B,PaFAR-T,145,0.1002386634844868,0.0901617631316185,0.1097851991653442,3771
B,PaFAR-T,146,0.1002386634844868,0.0901617631316185,0.1097851991653442,3771
B,PaFAR-T,147,0.1002386634844868,0.0901617631316185,0.1097851991653442,3771
B,PaFAR-T,148,0.1002386634844868,0.0901617631316185,0.1097851991653442,3771
B,PaFAR-T,149,0.1002386634844868,0.0901617631316185,0.1097851991653442,3771
B,PaFAR-T,150,0.1002386634844868,0.0901617631316185,0.1097851991653442,3771
B,PaFAR-T,151,0.1002386634844868,0.0901617631316185,0.1097851991653442,3771
B,PaFAR-T,152,0.1002386634844868,0.0901617631316185,0.1097851991653442,3771
B,PaFAR-T,153,0.1002386634844868,0.0901617631316185,0.1097851991653442,3771
B,PaFAR-T,154,0.1002386634844868,0.0901617631316185,0.1097851991653442,3771
B,PaFAR-T,155,0.1002386634844868,0.0901617631316185,0.1097851991653442,3771
B,PaFAR-T,156,0.1002386634844868,0.0901617631316185,0.1097851991653442,3771
B,PaFAR-T,157,0.1002386634844868,0.0901617631316185,0.1097851991653442,3771
B,PaFAR-T,158,0.1002386634844868,0.0901617631316185,0.1097851991653442,3771
B,PaFAR-T,159,0.1002386634844868,0.0901617631316185,0.1097851991653442,3771
B,PaFAR-T,160,0.1002386634844868,0.0901617631316185,0.1097851991653442,3771
B,PaFAR-T,161,0.1002386634844868,0.0901617631316185,0.1097851991653442,3771
B,PaFAR-T,162,0.1002386634844868,0.0901617631316185,0.1097851991653442,3771
B,PaFAR-T,163,0.1002386634844868,0.0901617631316185,0.1097851991653442,3771
B,PaFAR-T,164,0.1002386634844868,0.0901617631316185,0.1097851991653442,3771
B,PaFAR-T,165,0.1002386634844868,0.0901617631316185,0.1097851991653442,3771
B,PaFAR-T,166,0.1002386634844868,0.0901617631316185,0.1097851991653442,3771
B,PaFAR-T,167,0.1002386634844868,0.0901617631316185,0.1097851991653442,3771
B,PaFAR-T,168,0.1002386634844868,0.0901617631316185,0.1097851991653442,3771
B,PaFAR-HC,1,0.0,0.0,0.0,3771
B,PaFAR-HC,2,0.0,0.0,0.0,3771
B,PaFAR-HC,3,0.0,0.0,0.0,3771
B,PaFAR-HC,4,0.0,0.0,0.0,3771
B,PaFAR-HC,5,0.0,0.0,0.0,3771
B,PaFAR-HC,6,0.0474675152479448,0.0410965248942375,0.0540970563888549,3771
B,PaFAR-HC,7,0.0596658711217183,0.0522341556847095,0.0673627689480781,3771
B,PaFAR-HC,8,0.0668257756563245,0.0586051456630229,0.0745160430669784,3771
B,PaFAR-HC,9,0.0713338636966322,0.0628480538725853,0.0795544981956482,3771
B,PaFAR-HC,10,0.0737204985415009,0.0652346834540367,0.0822063088417053,3771
B,PaFAR-HC,11,0.0747812251392203,0.0662954151630401,0.0832670405507087,3771
B,PaFAR-HC,12,0.0766374966852293,0.0681516826152801,0.0851233080029487,3771
B,PaFAR-HC,13,0.0782285865818085,0.0694709656760096,0.0867144018411636,3771
B,PaFAR-HC,14,0.0790241315300981,0.0702731385827064,0.0875099450349807,3771
B,PaFAR-HC,15,0.0798196764783877,0.0710686817765235,0.0883054882287979,3771
B,PaFAR-HC,16,0.0803500397772474,0.071599043905735,0.0885772988200187,3771
B,PaFAR-HC,17,0.0808804030761071,0.0718642249703407,0.0893662124872207,3771
B,PaFAR-HC,18,0.081145584725537,0.072387957572937,0.089631401002407,3771
B,PaFAR-HC,19,0.0816759480243967,0.0729116974398493,0.0899032115936279,3771
B,PaFAR-HC,20,0.0816759480243967,0.0729116974398493,0.0899032115936279,3771
B,PaFAR-HC,21,0.0822063113232564,0.0734553188085556,0.0904335737228393,3771
B,PaFAR-HC,22,0.0822063113232564,0.0734553188085556,0.0904335737228393,3771
B,PaFAR-HC,23,0.0822063113232564,0.0734553188085556,0.0904335737228393,3771
B,PaFAR-HC,24,0.0822063113232564,0.0734553188085556,0.0904335737228393,3771
B,PaFAR-HC,25,0.0822063113232564,0.0734553188085556,0.0904335737228393,3771
B,PaFAR-HC,26,0.0822063113232564,0.0734553188085556,0.0904335737228393,3771
B,PaFAR-HC,27,0.0824714929726862,0.0737204998731613,0.090698754787445,3771
B,PaFAR-HC,28,0.0824714929726862,0.0737204998731613,0.090698754787445,3771
B,PaFAR-HC,29,0.0824714929726862,0.0737204998731613,0.090698754787445,3771
B,PaFAR-HC,30,0.0824714929726862,0.0737204998731613,0.090698754787445,3771
B,PaFAR-HC,31,0.0824714929726862,0.0737204998731613,0.090698754787445,3771
B,PaFAR-HC,32,0.0827366746221161,0.073985680937767,0.0909573063254356,3771
B,PaFAR-HC,33,0.0827366746221161,0.073985680937767,0.0909573063254356,3771
B,PaFAR-HC,34,0.0827366746221161,0.073985680937767,0.0909573063254356,3771
B,PaFAR-HC,35,0.0827366746221161,0.073985680937767,0.0909573063254356,3771
B,PaFAR-HC,36,0.0827366746221161,0.073985680937767,0.0909573063254356,3771
B,PaFAR-HC,37,0.0827366746221161,0.073985680937767,0.0909573063254356,3771
B,PaFAR-HC,38,0.0827366746221161,0.073985680937767,0.0909573063254356,3771
B,PaFAR-HC,39,0.083001856271546,0.073985680937767,0.0912224873900413,3771
B,PaFAR-HC,40,0.083001856271546,0.073985680937767,0.0912224873900413,3771
B,PaFAR-HC,41,0.0835322195704057,0.0747812241315841,0.0917528495192527,3771
B,PaFAR-HC,42,0.0835322195704057,0.0747812241315841,0.0917528495192527,3771
B,PaFAR-HC,43,0.0835322195704057,0.0747812241315841,0.0917528495192527,3771
B,PaFAR-HC,44,0.0837974012198355,0.0750397756695747,0.0920246601104736,3771
B,PaFAR-HC,45,0.0837974012198355,0.0750397756695747,0.0920246601104736,3771
B,PaFAR-HC,46,0.0837974012198355,0.0750397756695747,0.0920246601104736,3771
B,PaFAR-HC,47,0.0837974012198355,0.0750397756695747,0.0920246601104736,3771
B,PaFAR-HC,48,0.0837974012198355,0.0750397756695747,0.0920246601104736,3771
B,PaFAR-HC,49,0.0837974012198355,0.0750397756695747,0.0920246601104736,3771
B,PaFAR-HC,50,0.0837974012198355,0.0750397756695747,0.0920246601104736,3771
B,PaFAR-HC,51,0.0837974012198355,0.0750397756695747,0.0920246601104736,3771
B,PaFAR-HC,52,0.0837974012198355,0.0750397756695747,0.0920246601104736,3771
B,PaFAR-HC,53,0.0837974012198355,0.0750397756695747,0.0920246601104736,3771
B,PaFAR-HC,54,0.0837974012198355,0.0750397756695747,0.0920246601104736,3771
B,PaFAR-HC,55,0.0843277645186953,0.0755767673254013,0.0928135737776756,3771
B,PaFAR-HC,56,0.0843277645186953,0.0755767673254013,0.0928135737776756,3771
B,PaFAR-HC,57,0.0853884911164147,0.076372317969799,0.0936157539486885,3771
B,PaFAR-HC,58,0.0853884911164147,0.076372317969799,0.0936157539486885,3771
B,PaFAR-HC,59,0.0859188544152744,0.0768960505723953,0.0944046676158905,3771
B,PaFAR-HC,60,0.086714399363564,0.0776982232928276,0.0952068403363227,3771
B,PaFAR-HC,61,0.0875099443118536,0.0784937664866447,0.0960023835301399,3771
B,PaFAR-HC,62,0.0875099443118536,0.0784937664866447,0.0960023835301399,3771
B,PaFAR-HC,63,0.0877751259612834,0.0787589475512504,0.0962675647810101,3771
B,PaFAR-HC,64,0.0877751259612834,0.0787589475512504,0.0962675647810101,3771
B,PaFAR-HC,65,0.0877751259612834,0.0787589475512504,0.0962675647810101,3771
B,PaFAR-HC,66,0.0880403076107133,0.0787589475512504,0.0965327531099319,3771
B,PaFAR-HC,67,0.0880403076107133,0.0787589475512504,0.0965327531099319,3771
B,PaFAR-HC,68,0.0880403076107133,0.0787589475512504,0.0965327531099319,3771
B,PaFAR-HC,69,0.0883054892601432,0.0790241286158561,0.0967979341745376,3771
B,PaFAR-HC,70,0.0883054892601432,0.0790241286158561,0.0967979341745376,3771
B,PaFAR-HC,71,0.0883054892601432,0.0790241286158561,0.0967979341745376,3771
B,PaFAR-HC,72,0.0883054892601432,0.0790241286158561,0.0967979341745376,3771
B,PaFAR-HC,73,0.0883054892601432,0.0790241286158561,0.0967979341745376,3771
B,PaFAR-HC,74,0.088570670909573,0.0795544981956482,0.0973216667771339,3771
B,PaFAR-HC,75,0.088570670909573,0.0795544981956482,0.0973216667771339,3771
B,PaFAR-HC,76,0.088570670909573,0.0795544981956482,0.0973216667771339,3771
B,PaFAR-HC,77,0.088570670909573,0.0795544981956482,0.0973216667771339,3771
B,PaFAR-HC,78,0.088570670909573,0.0795544981956482,0.0973216667771339,3771
B,PaFAR-HC,79,0.088570670909573,0.0795544981956482,0.0973216667771339,3771
B,PaFAR-HC,80,0.088570670909573,0.0795544981956482,0.0973216667771339,3771
B,PaFAR-HC,81,0.088570670909573,0.0795544981956482,0.0973216667771339,3771
B,PaFAR-HC,82,0.088570670909573,0.0795544981956482,0.0973216667771339,3771
B,PaFAR-HC,83,0.088570670909573,0.0795544981956482,0.0973216667771339,3771
B,PaFAR-HC,84,0.088570670909573,0.0795544981956482,0.0973216667771339,3771
B,PaFAR-HC,85,0.088570670909573,0.0795544981956482,0.0973216667771339,3771
B,PaFAR-HC,86,0.088570670909573,0.0795544981956482,0.0973216667771339,3771
B,PaFAR-HC,87,0.088570670909573,0.0795544981956482,0.0973216667771339,3771
B,PaFAR-HC,88,0.088570670909573,0.0795544981956482,0.0973216667771339,3771
B,PaFAR-HC,89,0.088570670909573,0.0795544981956482,0.0973216667771339,3771
B,PaFAR-HC,90,0.088570670909573,0.0795544981956482,0.0973216667771339,3771
B,PaFAR-HC,91,0.088570670909573,0.0795544981956482,0.0973216667771339,3771
B,PaFAR-HC,92,0.088570670909573,0.0795544981956482,0.0973216667771339,3771
B,PaFAR-HC,93,0.088570670909573,0.0795544981956482,0.0973216667771339,3771
B,PaFAR-HC,94,0.088570670909573,0.0795544981956482,0.0973216667771339,3771
B,PaFAR-HC,95,0.088570670909573,0.0795544981956482,0.0973216667771339,3771
B,PaFAR-HC,96,0.088570670909573,0.0795544981956482,0.0973216667771339,3771
B,PaFAR-HC,97,0.088570670909573,0.0795544981956482,0.0973216667771339,3771
B,PaFAR-HC,98,0.088570670909573,0.0795544981956482,0.0973216667771339,3771
B,PaFAR-HC,99,0.088570670909573,0.0795544981956482,0.0973216667771339,3771
B,PaFAR-HC,100,0.088570670909573,0.0795544981956482,0.0973216667771339,3771
B,PaFAR-HC,101,0.088570670909573,0.0795544981956482,0.0973216667771339,3771
B,PaFAR-HC,102,0.088570670909573,0.0795544981956482,0.0973216667771339,3771
B,PaFAR-HC,103,0.088570670909573,0.0795544981956482,0.0973216667771339,3771
B,PaFAR-HC,104,0.088570670909573,0.0795544981956482,0.0973216667771339,3771
B,PaFAR-HC,105,0.088570670909573,0.0795544981956482,0.0973216667771339,3771
B,PaFAR-HC,106,0.088570670909573,0.0795544981956482,0.0973216667771339,3771
B,PaFAR-HC,107,0.088570670909573,0.0795544981956482,0.0973216667771339,3771
B,PaFAR-HC,108,0.088570670909573,0.0795544981956482,0.0973216667771339,3771
B,PaFAR-HC,109,0.088570670909573,0.0795544981956482,0.0973216667771339,3771
B,PaFAR-HC,110,0.088570670909573,0.0795544981956482,0.0973216667771339,3771
B,PaFAR-HC,111,0.088570670909573,0.0795544981956482,0.0973216667771339,3771
B,PaFAR-HC,112,0.088570670909573,0.0795544981956482,0.0973216667771339,3771
B,PaFAR-HC,113,0.088570670909573,0.0795544981956482,0.0973216667771339,3771
B,PaFAR-HC,114,0.088570670909573,0.0795544981956482,0.0973216667771339,3771
B,PaFAR-HC,115,0.088570670909573,0.0795544981956482,0.0973216667771339,3771
B,PaFAR-HC,116,0.088570670909573,0.0795544981956482,0.0973216667771339,3771
B,PaFAR-HC,117,0.088570670909573,0.0795544981956482,0.0973216667771339,3771
B,PaFAR-HC,118,0.088570670909573,0.0795544981956482,0.0973216667771339,3771
B,PaFAR-HC,119,0.0888358525590029,0.0798130497336387,0.0975868478417396,3771
B,PaFAR-HC,120,0.0888358525590029,0.0798130497336387,0.0975868478417396,3771
B,PaFAR-HC,121,0.0888358525590029,0.0798130497336387,0.0975868478417396,3771
B,PaFAR-HC,122,0.0888358525590029,0.0798130497336387,0.0975868478417396,3771
B,PaFAR-HC,123,0.0888358525590029,0.0798130497336387,0.0975868478417396,3771
B,PaFAR-HC,124,0.0888358525590029,0.0798130497336387,0.0975868478417396,3771
B,PaFAR-HC,125,0.0888358525590029,0.0798130497336387,0.0975868478417396,3771
B,PaFAR-HC,126,0.0888358525590029,0.0798130497336387,0.0975868478417396,3771
B,PaFAR-HC,127,0.0888358525590029,0.0798130497336387,0.0975868478417396,3771
B,PaFAR-HC,128,0.0888358525590029,0.0798130497336387,0.0975868478417396,3771
B,PaFAR-HC,129,0.0888358525590029,0.0798130497336387,0.0975868478417396,3771
B,PaFAR-HC,130,0.0888358525590029,0.0798130497336387,0.0975868478417396,3771
B,PaFAR-HC,131,0.0888358525590029,0.0798130497336387,0.0975868478417396,3771
B,PaFAR-HC,132,0.0888358525590029,0.0798130497336387,0.0975868478417396,3771
B,PaFAR-HC,133,0.0888358525590029,0.0798130497336387,0.0975868478417396,3771
B,PaFAR-HC,134,0.0888358525590029,0.0798130497336387,0.0975868478417396,3771
B,PaFAR-HC,135,0.0888358525590029,0.0798130497336387,0.0975868478417396,3771
B,PaFAR-HC,136,0.0888358525590029,0.0798130497336387,0.0975868478417396,3771
B,PaFAR-HC,137,0.0888358525590029,0.0798130497336387,0.0975868478417396,3771
B,PaFAR-HC,138,0.0888358525590029,0.0798130497336387,0.0975868478417396,3771
B,PaFAR-HC,139,0.0891010342084327,0.0798196792602539,0.0978586584329605,3771
B,PaFAR-HC,140,0.0891010342084327,0.0798196792602539,0.0978586584329605,3771
B,PaFAR-HC,141,0.0891010342084327,0.0798196792602539,0.0978586584329605,3771
B,PaFAR-HC,142,0.0891010342084327,0.0798196792602539,0.0978586584329605,3771
B,PaFAR-HC,143,0.0891010342084327,0.0798196792602539,0.0978586584329605,3771
B,PaFAR-HC,144,0.0891010342084327,0.0798196792602539,0.0978586584329605,3771
B,PaFAR-HC,145,0.0891010342084327,0.0798196792602539,0.0978586584329605,3771
B,PaFAR-HC,146,0.0893662158578626,0.0800848603248596,0.098117209970951,3771
B,PaFAR-HC,147,0.0893662158578626,0.0800848603248596,0.098117209970951,3771
B,PaFAR-HC,148,0.0893662158578626,0.0800848603248596,0.098117209970951,3771
B,PaFAR-HC,149,0.0893662158578626,0.0800848603248596,0.098117209970951,3771
B,PaFAR-HC,150,0.0893662158578626,0.0800848603248596,0.098117209970951,3771
B,PaFAR-HC,151,0.0893662158578626,0.0800848603248596,0.098117209970951,3771
B,PaFAR-HC,152,0.0893662158578626,0.0800848603248596,0.098117209970951,3771
B,PaFAR-HC,153,0.0893662158578626,0.0800848603248596,0.098117209970951,3771
B,PaFAR-HC,154,0.0893662158578626,0.0800848603248596,0.098117209970951,3771
B,PaFAR-HC,155,0.0893662158578626,0.0800848603248596,0.098117209970951,3771
B,PaFAR-HC,156,0.0893662158578626,0.0800848603248596,0.098117209970951,3771
B,PaFAR-HC,157,0.0893662158578626,0.0800848603248596,0.098117209970951,3771
B,PaFAR-HC,158,0.0893662158578626,0.0800848603248596,0.098117209970951,3771
B,PaFAR-HC,159,0.0893662158578626,0.0800848603248596,0.098117209970951,3771
B,PaFAR-HC,160,0.0893662158578626,0.0800848603248596,0.098117209970951,3771
B,PaFAR-HC,161,0.0893662158578626,0.0800848603248596,0.098117209970951,3771
B,PaFAR-HC,162,0.0893662158578626,0.0800848603248596,0.098117209970951,3771
B,PaFAR-HC,163,0.0893662158578626,0.0800848603248596,0.098117209970951,3771
B,PaFAR-HC,164,0.0893662158578626,0.0800848603248596,0.098117209970951,3771
B,PaFAR-HC,165,0.0893662158578626,0.0800848603248596,0.098117209970951,3771
B,PaFAR-HC,166,0.0893662158578626,0.0800848603248596,0.098117209970951,3771
B,PaFAR-HC,167,0.0893662158578626,0.0800848603248596,0.098117209970951,3771
B,PaFAR-HC,168,0.0893662158578626,0.0800848603248596,0.098117209970951,3771
